
  .   ____          _            __ _ _
 /\\ / ___'_ __ _ _(_)_ __  __ _ \ \ \ \
( ( )\___ | '_ | '_| | '_ \/ _` | \ \ \ \
 \\/  ___)| |_)| | | | | || (_| |  ) ) ) )
  '  |____| .__|_| |_|_| |_\__, | / / / /
 =========|_|==============|___/=/_/_/_/
 :: Spring Boot ::                (v3.2.5)

2026-07-14 04:16:36.078 INFO  [wc-user] [traceId=none] [background-preinit] o.h.validator.internal.util.Version - HV000001: Hibernate Validator 8.0.1.Final
2026-07-14 04:16:36.177 INFO  [wc-user] [traceId=none] [main] c.l.worldcoffee.user.UserApplication - Starting UserApplication v0.0.1-SNAPSHOT using Java 21.0.10 with PID 15208 (D:\mycode\worldCoffee\worldCoffee\microservices\wc-user\target\wc-user-0.0.1-SNAPSHOT-exec.jar started by 李现 in D:\mycode\worldCoffee\worldCoffee\microservices)
2026-07-14 04:16:36.179 INFO  [wc-user] [traceId=none] [main] c.l.worldcoffee.user.UserApplication - No active profile set, falling back to 1 default profile: "default"
2026-07-14 04:16:37.794 INFO  [wc-user] [traceId=none] [main] o.s.d.r.c.RepositoryConfigurationDelegate - Multiple Spring Data modules found, entering strict repository configuration mode
2026-07-14 04:16:37.799 INFO  [wc-user] [traceId=none] [main] o.s.d.r.c.RepositoryConfigurationDelegate - Bootstrapping Spring Data Redis repositories in DEFAULT mode.
2026-07-14 04:16:37.842 INFO  [wc-user] [traceId=none] [main] o.s.d.r.c.RepositoryConfigurationDelegate - Finished Spring Data repository scanning in 17 ms. Found 0 Redis repository interfaces.
2026-07-14 04:16:38.134 INFO  [wc-user] [traceId=none] [main] o.s.cloud.context.scope.GenericScope - BeanFactory id=1e46841a-c6f1-36e9-9a48-ed49476b675a
2026-07-14 04:16:39.981 INFO  [wc-user] [traceId=none] [main] o.s.b.w.e.tomcat.TomcatWebServer - Tomcat initialized with port 8082 (http)
2026-07-14 04:16:40.002 INFO  [wc-user] [traceId=none] [main] o.a.coyote.http11.Http11NioProtocol - Initializing ProtocolHandler ["http-nio-8082"]
2026-07-14 04:16:40.014 INFO  [wc-user] [traceId=none] [main] o.a.catalina.core.StandardService - Starting service [Tomcat]
2026-07-14 04:16:40.014 INFO  [wc-user] [traceId=none] [main] o.a.catalina.core.StandardEngine - Starting Servlet engine: [Apache Tomcat/10.1.20]
2026-07-14 04:16:40.095 INFO  [wc-user] [traceId=none] [main] o.a.c.c.C.[Tomcat].[localhost].[/] - Initializing Spring embedded WebApplicationContext
2026-07-14 04:16:40.096 INFO  [wc-user] [traceId=none] [main] o.s.b.w.s.c.ServletWebServerApplicationContext - Root WebApplicationContext: initialization completed in 3817 ms
Logging initialized using 'class org.apache.ibatis.logging.stdout.StdOutImpl' adapter.
Get /192.168.1.76 network interface 
Get network interface info: name:wireless_32768 (MediaTek Wi-Fi 6E MT7922 160MHz Wireless LAN Card)
Initialization Sequence datacenterId:1 workerId:5
 _ _   |_  _ _|_. ___ _ |    _ 
| | |\/|_)(_| | |_\  |_)||_|_\ 
     /               |         
                        3.5.7 
2026-07-14 04:16:41.807 INFO  [wc-user] [traceId=none] [main] org.redisson.Version - Redisson 3.27.0
2026-07-14 04:16:42.600 INFO  [wc-user] [traceId=none] [redisson-netty-1-6] o.r.connection.ConnectionsHolder - 1 connections initialized for localhost/127.0.0.1:6379
2026-07-14 04:16:42.820 INFO  [wc-user] [traceId=none] [redisson-netty-1-20] o.r.connection.ConnectionsHolder - 24 connections initialized for localhost/127.0.0.1:6379
2026-07-14 04:16:45.837 INFO  [wc-user] [traceId=none] [main] o.s.cloud.commons.util.InetUtils - Cannot determine local hostname
2026-07-14 04:16:48.221 INFO  [wc-user] [traceId=none] [main] o.s.cloud.commons.util.InetUtils - Cannot determine local hostname
2026-07-14 04:16:48.278 INFO  [wc-user] [traceId=none] [main] o.s.b.a.e.web.EndpointLinksResolver - Exposing 2 endpoint(s) beneath base path '/actuator'
2026-07-14 04:16:48.400 INFO  [wc-user] [traceId=none] [main] o.a.coyote.http11.Http11NioProtocol - Starting ProtocolHandler ["http-nio-8082"]
2026-07-14 04:16:48.422 INFO  [wc-user] [traceId=none] [main] o.s.b.w.e.tomcat.TomcatWebServer - Tomcat started on port 8082 (http) with context path ''
2026-07-14 04:16:48.440 INFO  [wc-user] [traceId=none] [main] com.alibaba.nacos.client.naming - initializer namespace from ans.namespace attribute : null
2026-07-14 04:16:48.441 INFO  [wc-user] [traceId=none] [main] com.alibaba.nacos.client.naming - initializer namespace from ALIBABA_ALIWARE_NAMESPACE attribute :null
2026-07-14 04:16:48.443 INFO  [wc-user] [traceId=none] [main] com.alibaba.nacos.client.naming - initializer namespace from namespace attribute :null
2026-07-14 04:16:48.447 INFO  [wc-user] [traceId=none] [Thread-3] c.a.n.c.a.r.i.CredentialWatcher - null No credential found
2026-07-14 04:16:48.460 INFO  [wc-user] [traceId=none] [main] com.alibaba.nacos.client.naming - FailoverDataSource type is class com.alibaba.nacos.client.naming.backups.datasource.DiskFailoverDataSource
2026-07-14 04:16:48.489 INFO  [wc-user] [traceId=none] [main] c.a.nacos.client.utils.ParamUtil - [settings] [req-serv] nacos-server port:8848
2026-07-14 04:16:48.490 INFO  [wc-user] [traceId=none] [main] c.a.nacos.client.utils.ParamUtil - [settings] [http-client] connect timeout:1000
2026-07-14 04:16:48.492 INFO  [wc-user] [traceId=none] [main] c.a.nacos.client.utils.ParamUtil - PER_TASK_CONFIG_SIZE: 3000.0
2026-07-14 04:16:48.501 INFO  [wc-user] [traceId=none] [main] c.a.n.p.a.s.c.ClientAuthPluginManager - [ClientAuthPluginManager] Load ClientAuthService com.alibaba.nacos.client.auth.impl.NacosClientAuthServiceImpl success.
2026-07-14 04:16:48.502 INFO  [wc-user] [traceId=none] [main] c.a.n.p.a.s.c.ClientAuthPluginManager - [ClientAuthPluginManager] Load ClientAuthService com.alibaba.nacos.client.auth.ram.RamClientAuthServiceImpl success.
2026-07-14 04:16:48.663 INFO  [wc-user] [traceId=none] [main] c.alibaba.nacos.common.remote.client - [RpcClientFactory] create a new rpc client of 16d27f7c-583f-4dd3-926f-912ed8c376f5
2026-07-14 04:16:48.695 INFO  [wc-user] [traceId=none] [main] com.alibaba.nacos.client.naming - Create naming rpc client for uuid->16d27f7c-583f-4dd3-926f-912ed8c376f5
2026-07-14 04:16:48.697 INFO  [wc-user] [traceId=none] [main] c.alibaba.nacos.common.remote.client - [16d27f7c-583f-4dd3-926f-912ed8c376f5] RpcClient init, ServerListFactory = com.alibaba.nacos.client.naming.core.ServerListManager
2026-07-14 04:16:48.697 INFO  [wc-user] [traceId=none] [main] c.alibaba.nacos.common.remote.client - [16d27f7c-583f-4dd3-926f-912ed8c376f5] Registry connection listener to current client:com.alibaba.nacos.client.naming.remote.gprc.redo.NamingGrpcRedoService
2026-07-14 04:16:48.699 INFO  [wc-user] [traceId=none] [main] c.alibaba.nacos.common.remote.client - [16d27f7c-583f-4dd3-926f-912ed8c376f5] Register server push request handler:com.alibaba.nacos.client.naming.remote.gprc.NamingPushRequestHandler
2026-07-14 04:16:48.701 INFO  [wc-user] [traceId=none] [main] c.alibaba.nacos.common.remote.client - [16d27f7c-583f-4dd3-926f-912ed8c376f5] Try to connect to server on start up, server: {serverIp = '127.0.0.1', server main port = 8848}
2026-07-14 04:16:48.735 INFO  [wc-user] [traceId=none] [main] c.a.n.c.r.client.grpc.GrpcClient - grpc client connection server:127.0.0.1 ip,serverPort:9848,grpcTslConfig:{"sslProvider":"","enableTls":false,"mutualAuthEnable":false,"trustAll":false}
2026-07-14 04:16:49.539 INFO  [wc-user] [traceId=none] [main] c.a.n.c.a.AbstractAbilityControlManager - Ready to get current node abilities...
2026-07-14 04:16:49.543 INFO  [wc-user] [traceId=none] [main] c.a.n.c.a.AbstractAbilityControlManager - Ready to initialize current node abilities, support modes: [SDK_CLIENT]
2026-07-14 04:16:49.544 INFO  [wc-user] [traceId=none] [main] c.a.n.c.a.AbstractAbilityControlManager - Initialize current abilities finish...
2026-07-14 04:16:49.545 INFO  [wc-user] [traceId=none] [main] c.a.n.c.a.d.NacosAbilityManagerHolder - [AbilityControlManager] Successfully initialize AbilityControlManager
2026-07-14 04:16:49.568 INFO  [wc-user] [traceId=none] [main] c.alibaba.nacos.common.remote.client - [16d27f7c-583f-4dd3-926f-912ed8c376f5] Success to connect to server [127.0.0.1:8848] on start up, connectionId = 1783973809425_172.17.0.1_59108
2026-07-14 04:16:49.569 INFO  [wc-user] [traceId=none] [com.alibaba.nacos.client.remote.worker.0] c.alibaba.nacos.common.remote.client - [16d27f7c-583f-4dd3-926f-912ed8c376f5] Notify connected event to listeners.
2026-07-14 04:16:49.570 INFO  [wc-user] [traceId=none] [main] c.alibaba.nacos.common.remote.client - [16d27f7c-583f-4dd3-926f-912ed8c376f5] Register server push request handler:com.alibaba.nacos.common.remote.client.RpcClient$ConnectResetRequestHandler
2026-07-14 04:16:49.570 INFO  [wc-user] [traceId=none] [com.alibaba.nacos.client.remote.worker.0] com.alibaba.nacos.client.naming - Grpc connection connect
2026-07-14 04:16:49.570 INFO  [wc-user] [traceId=none] [main] c.alibaba.nacos.common.remote.client - [16d27f7c-583f-4dd3-926f-912ed8c376f5] Register server push request handler:com.alibaba.nacos.common.remote.client.RpcClient$$Lambda/0x0000020354ae0850
2026-07-14 04:16:49.572 INFO  [wc-user] [traceId=none] [main] com.alibaba.nacos.client.naming - [REGISTER-SERVICE] public registering service wc-user with instance Instance{instanceId='null', ip='192.168.88.1', port=8082, weight=1.0, healthy=true, enabled=true, ephemeral=true, clusterName='', serviceName='null', metadata={IPv6=null, preserved.register.source=SPRING_CLOUD}}
2026-07-14 04:16:49.590 INFO  [wc-user] [traceId=none] [main] c.a.c.n.r.NacosServiceRegistry - nacos registry, DEFAULT_GROUP wc-user 192.168.88.1:8082 register finished
2026-07-14 04:16:50.604 INFO  [wc-user] [traceId=none] [main] o.s.cloud.commons.util.InetUtils - Cannot determine local hostname
2026-07-14 04:16:50.618 INFO  [wc-user] [traceId=none] [main] c.l.worldcoffee.user.UserApplication - Started UserApplication in 16.031 seconds (process running for 16.624)
2026-07-14 04:16:54.208 INFO  [wc-user] [traceId=none] [http-nio-8082-exec-2] o.a.c.c.C.[Tomcat].[localhost].[/] - Initializing Spring DispatcherServlet 'dispatcherServlet'
2026-07-14 04:16:54.211 INFO  [wc-user] [traceId=none] [http-nio-8082-exec-2] o.s.web.servlet.DispatcherServlet - Initializing Servlet 'dispatcherServlet'
2026-07-14 04:16:54.213 INFO  [wc-user] [traceId=none] [http-nio-8082-exec-2] o.s.web.servlet.DispatcherServlet - Completed initialization in 2 ms
2026-07-14 04:16:54.249 INFO  [wc-user] [traceId=93a3a7561c254ddf8c9b26edc6939c59] [http-nio-8082-exec-2] o.s.a.r.c.CachingConnectionFactory - Attempting to connect to: [localhost:5672]
2026-07-14 04:16:54.281 INFO  [wc-user] [traceId=93a3a7561c254ddf8c9b26edc6939c59] [http-nio-8082-exec-2] o.s.a.r.c.CachingConnectionFactory - Created new connection: rabbitConnectionFactory#20e25bf7:0/SimpleConnection@5e9aa7b7 [delegate=amqp://guest@127.0.0.1:5672/, localPort=53271]
2026-07-14 04:16:54.330 INFO  [wc-user] [traceId=93a3a7561c254ddf8c9b26edc6939c59] [http-nio-8082-exec-2] com.zaxxer.hikari.HikariDataSource - HikariPool-1 - Starting...
2026-07-14 04:16:54.579 INFO  [wc-user] [traceId=93a3a7561c254ddf8c9b26edc6939c59] [http-nio-8082-exec-2] com.zaxxer.hikari.pool.HikariPool - HikariPool-1 - Added connection com.mysql.cj.jdbc.ConnectionImpl@4498a362
2026-07-14 04:16:54.583 INFO  [wc-user] [traceId=93a3a7561c254ddf8c9b26edc6939c59] [http-nio-8082-exec-2] com.zaxxer.hikari.HikariDataSource - HikariPool-1 - Start completed.
Creating a new SqlSession
SqlSession [org.apache.ibatis.session.defaults.DefaultSqlSession@7978fa6c] was not registered for synchronization because synchronization is not active
JDBC Connection [HikariProxyConnection@1165624974 wrapping com.mysql.cj.jdbc.ConnectionImpl@4498a362] will not be managed by Spring
==>  Preparing: SELECT id,username,password,phone,status,avatar,create_time FROM sys_user WHERE id IN ( ? )
==> Parameters: 1(Long)
<==    Columns: id, username, password, phone, status, avatar, create_time
<==        Row: 1, lx, $2a$10$DY8p4Q7r/lnC2ax327OH/u439shvAv9lH895iyIYyLxfz9cRgKKgW, 19185939281, 1, http://localhost:8080/uploads/avatars/avatar_1_1782735664998.png, 2026-06-21 20:09:20
<==      Total: 1
Closing non transactional SqlSession [org.apache.ibatis.session.defaults.DefaultSqlSession@7978fa6c]
Creating a new SqlSession
SqlSession [org.apache.ibatis.session.defaults.DefaultSqlSession@779131ba] was not registered for synchronization because synchronization is not active
JDBC Connection [HikariProxyConnection@1940827024 wrapping com.mysql.cj.jdbc.ConnectionImpl@4498a362] will not be managed by Spring
==>  Preparing: SELECT id,username,password,phone,status,avatar,create_time FROM sys_user WHERE id IN ( ? , ? )
==> Parameters: 24(Long), 21(Long)
<==    Columns: id, username, password, phone, status, avatar, create_time
<==        Row: 21, macchiato_fan, $2a$10$N.zmdr9k7uOCQb376NoUnuTJ8iAt6Z5EHsM8lE9lBOsl7iKTVKIUi, 13800000018, 1, null, 2026-06-23 06:40:41
<==        Row: 24, lll, $2a$10$sbWgOWeCZV5MW4u88F8CMuxgJ.Phw6clars6Z.Ch1f9wtSKQBwc5O, 19185999881, 1, /uploads/avatars/avatar_24_1782727101006.png, 2026-06-27 21:53:05
<==      Total: 2
Closing non transactional SqlSession [org.apache.ibatis.session.defaults.DefaultSqlSession@779131ba]
Creating a new SqlSession
SqlSession [org.apache.ibatis.session.defaults.DefaultSqlSession@62237bb1] was not registered for synchronization because synchronization is not active
JDBC Connection [HikariProxyConnection@1713173293 wrapping com.mysql.cj.jdbc.ConnectionImpl@4498a362] will not be managed by Spring
==>  Preparing: SELECT id,username,password,phone,status,avatar,create_time FROM sys_user WHERE id IN ( ? , ? , ? , ? , ? , ? , ? , ? , ? , ? , ? , ? )
==> Parameters: 1(Long), 17(Long), 18(Long), 19(Long), 20(Long), 22(Long), 7(Long), 23(Long), 11(Long), 12(Long), 13(Long), 14(Long)
<==    Columns: id, username, password, phone, status, avatar, create_time
<==        Row: 1, lx, $2a$10$DY8p4Q7r/lnC2ax327OH/u439shvAv9lH895iyIYyLxfz9cRgKKgW, 19185939281, 1, http://localhost:8080/uploads/avatars/avatar_1_1782735664998.png, 2026-06-21 20:09:20
<==        Row: 7, espresso_queen, $2a$10$N.zmdr9k7uOCQb376NoUnuTJ8iAt6Z5EHsM8lE9lBOsl7iKTVKIUi, 13800000004, 1, null, 2026-06-23 06:40:41
<==        Row: 11, cold_brew_king, $2a$10$N.zmdr9k7uOCQb376NoUnuTJ8iAt6Z5EHsM8lE9lBOsl7iKTVKIUi, 13800000008, 1, null, 2026-06-23 06:40:41
<==        Row: 12, coffee_snob, $2a$10$N.zmdr9k7uOCQb376NoUnuTJ8iAt6Z5EHsM8lE9lBOsl7iKTVKIUi, 13800000009, 1, null, 2026-06-23 06:40:41
<==        Row: 13, matcha_latte, $2a$10$N.zmdr9k7uOCQb376NoUnuTJ8iAt6Z5EHsM8lE9lBOsl7iKTVKIUi, 13800000010, 1, null, 2026-06-23 06:40:41
<==        Row: 14, cafe_hunter, $2a$10$N.zmdr9k7uOCQb376NoUnuTJ8iAt6Z5EHsM8lE9lBOsl7iKTVKIUi, 13800000011, 1, null, 2026-06-23 06:40:41
<==        Row: 17, single_origin, $2a$10$N.zmdr9k7uOCQb376NoUnuTJ8iAt6Z5EHsM8lE9lBOsl7iKTVKIUi, 13800000014, 1, null, 2026-06-23 06:40:41
<==        Row: 18, flat_white_love, $2a$10$N.zmdr9k7uOCQb376NoUnuTJ8iAt6Z5EHsM8lE9lBOsl7iKTVKIUi, 13800000015, 1, null, 2026-06-23 06:40:41
<==        Row: 19, coffee_daily, $2a$10$N.zmdr9k7uOCQb376NoUnuTJ8iAt6Z5EHsM8lE9lBOsl7iKTVKIUi, 13800000016, 1, null, 2026-06-23 06:40:41
<==        Row: 20, bean_hunter, $2a$10$N.zmdr9k7uOCQb376NoUnuTJ8iAt6Z5EHsM8lE9lBOsl7iKTVKIUi, 13800000017, 1, null, 2026-06-23 06:40:41
<==        Row: 22, ristretto_lover, $2a$10$N.zmdr9k7uOCQb376NoUnuTJ8iAt6Z5EHsM8lE9lBOsl7iKTVKIUi, 13800000019, 1, null, 2026-06-23 06:40:41
<==        Row: 23, coffee_taster, $2a$10$N.zmdr9k7uOCQb376NoUnuTJ8iAt6Z5EHsM8lE9lBOsl7iKTVKIUi, 13800000020, 1, null, 2026-06-23 06:40:41
<==      Total: 12
Closing non transactional SqlSession [org.apache.ibatis.session.defaults.DefaultSqlSession@62237bb1]
Creating a new SqlSession
SqlSession [org.apache.ibatis.session.defaults.DefaultSqlSession@2368e754] was not registered for synchronization because synchronization is not active
JDBC Connection [HikariProxyConnection@1742644641 wrapping com.mysql.cj.jdbc.ConnectionImpl@4498a362] will not be managed by Spring
==>  Preparing: SELECT id,username,password,phone,status,avatar,create_time FROM sys_user WHERE id IN ( ? , ? , ? , ? , ? , ? , ? , ? , ? )
==> Parameters: 16(Long), 1(Long), 17(Long), 18(Long), 19(Long), 20(Long), 21(Long), 22(Long), 23(Long)
<==    Columns: id, username, password, phone, status, avatar, create_time
<==        Row: 1, lx, $2a$10$DY8p4Q7r/lnC2ax327OH/u439shvAv9lH895iyIYyLxfz9cRgKKgW, 19185939281, 1, http://localhost:8080/uploads/avatars/avatar_1_1782735664998.png, 2026-06-21 20:09:20
<==        Row: 16, cappuccino_boy, $2a$10$N.zmdr9k7uOCQb376NoUnuTJ8iAt6Z5EHsM8lE9lBOsl7iKTVKIUi, 13800000013, 1, null, 2026-06-23 06:40:41
<==        Row: 17, single_origin, $2a$10$N.zmdr9k7uOCQb376NoUnuTJ8iAt6Z5EHsM8lE9lBOsl7iKTVKIUi, 13800000014, 1, null, 2026-06-23 06:40:41
<==        Row: 18, flat_white_love, $2a$10$N.zmdr9k7uOCQb376NoUnuTJ8iAt6Z5EHsM8lE9lBOsl7iKTVKIUi, 13800000015, 1, null, 2026-06-23 06:40:41
<==        Row: 19, coffee_daily, $2a$10$N.zmdr9k7uOCQb376NoUnuTJ8iAt6Z5EHsM8lE9lBOsl7iKTVKIUi, 13800000016, 1, null, 2026-06-23 06:40:41
<==        Row: 20, bean_hunter, $2a$10$N.zmdr9k7uOCQb376NoUnuTJ8iAt6Z5EHsM8lE9lBOsl7iKTVKIUi, 13800000017, 1, null, 2026-06-23 06:40:41
<==        Row: 21, macchiato_fan, $2a$10$N.zmdr9k7uOCQb376NoUnuTJ8iAt6Z5EHsM8lE9lBOsl7iKTVKIUi, 13800000018, 1, null, 2026-06-23 06:40:41
<==        Row: 22, ristretto_lover, $2a$10$N.zmdr9k7uOCQb376NoUnuTJ8iAt6Z5EHsM8lE9lBOsl7iKTVKIUi, 13800000019, 1, null, 2026-06-23 06:40:41
<==        Row: 23, coffee_taster, $2a$10$N.zmdr9k7uOCQb376NoUnuTJ8iAt6Z5EHsM8lE9lBOsl7iKTVKIUi, 13800000020, 1, null, 2026-06-23 06:40:41
<==      Total: 9
Closing non transactional SqlSession [org.apache.ibatis.session.defaults.DefaultSqlSession@2368e754]
Creating a new SqlSession
SqlSession [org.apache.ibatis.session.defaults.DefaultSqlSession@c7b80c1] was not registered for synchronization because synchronization is not active
JDBC Connection [HikariProxyConnection@1146444568 wrapping com.mysql.cj.jdbc.ConnectionImpl@4498a362] will not be managed by Spring
==>  Preparing: SELECT id,username,password,phone,status,avatar,create_time FROM sys_user WHERE id IN ( ? )
==> Parameters: 5(Long)
<==    Columns: id, username, password, phone, status, avatar, create_time
<==        Row: 5, barista_wang, $2a$10$N.zmdr9k7uOCQb376NoUnuTJ8iAt6Z5EHsM8lE9lBOsl7iKTVKIUi, 13800000002, 1, null, 2026-06-23 06:40:41
<==      Total: 1
Closing non transactional SqlSession [org.apache.ibatis.session.defaults.DefaultSqlSession@c7b80c1]
Creating a new SqlSession
SqlSession [org.apache.ibatis.session.defaults.DefaultSqlSession@6bf023c4] was not registered for synchronization because synchronization is not active
JDBC Connection [HikariProxyConnection@309801976 wrapping com.mysql.cj.jdbc.ConnectionImpl@4498a362] will not be managed by Spring
==>  Preparing: SELECT id,username,password,phone,status,avatar,create_time FROM sys_user WHERE id IN ( ? )
==> Parameters: 24(Long)
<==    Columns: id, username, password, phone, status, avatar, create_time
<==        Row: 24, lll, $2a$10$sbWgOWeCZV5MW4u88F8CMuxgJ.Phw6clars6Z.Ch1f9wtSKQBwc5O, 19185999881, 1, /uploads/avatars/avatar_24_1782727101006.png, 2026-06-27 21:53:05
<==      Total: 1
Closing non transactional SqlSession [org.apache.ibatis.session.defaults.DefaultSqlSession@6bf023c4]
Creating a new SqlSession
SqlSession [org.apache.ibatis.session.defaults.DefaultSqlSession@5fa90602] was not registered for synchronization because synchronization is not active
JDBC Connection [HikariProxyConnection@1000282340 wrapping com.mysql.cj.jdbc.ConnectionImpl@4498a362] will not be managed by Spring
==>  Preparing: SELECT id,username,password,phone,status,avatar,create_time FROM sys_user WHERE id IN ( ? , ? )
==> Parameters: 24(Long), 21(Long)
<==    Columns: id, username, password, phone, status, avatar, create_time
<==        Row: 21, macchiato_fan, $2a$10$N.zmdr9k7uOCQb376NoUnuTJ8iAt6Z5EHsM8lE9lBOsl7iKTVKIUi, 13800000018, 1, null, 2026-06-23 06:40:41
<==        Row: 24, lll, $2a$10$sbWgOWeCZV5MW4u88F8CMuxgJ.Phw6clars6Z.Ch1f9wtSKQBwc5O, 19185999881, 1, /uploads/avatars/avatar_24_1782727101006.png, 2026-06-27 21:53:05
<==      Total: 2
Closing non transactional SqlSession [org.apache.ibatis.session.defaults.DefaultSqlSession@5fa90602]
Creating a new SqlSession
SqlSession [org.apache.ibatis.session.defaults.DefaultSqlSession@1bf09e0a] was not registered for synchronization because synchronization is not active
JDBC Connection [HikariProxyConnection@1086153871 wrapping com.mysql.cj.jdbc.ConnectionImpl@4498a362] will not be managed by Spring
==>  Preparing: SELECT id,username,password,phone,status,avatar,create_time FROM sys_user WHERE id IN ( ? , ? )
==> Parameters: 24(Long), 21(Long)
<==    Columns: id, username, password, phone, status, avatar, create_time
<==        Row: 21, macchiato_fan, $2a$10$N.zmdr9k7uOCQb376NoUnuTJ8iAt6Z5EHsM8lE9lBOsl7iKTVKIUi, 13800000018, 1, null, 2026-06-23 06:40:41
<==        Row: 24, lll, $2a$10$sbWgOWeCZV5MW4u88F8CMuxgJ.Phw6clars6Z.Ch1f9wtSKQBwc5O, 19185999881, 1, /uploads/avatars/avatar_24_1782727101006.png, 2026-06-27 21:53:05
<==      Total: 2
Closing non transactional SqlSession [org.apache.ibatis.session.defaults.DefaultSqlSession@1bf09e0a]
Creating a new SqlSession
SqlSession [org.apache.ibatis.session.defaults.DefaultSqlSession@36d6beb4] was not registered for synchronization because synchronization is not active
JDBC Connection [HikariProxyConnection@1759045316 wrapping com.mysql.cj.jdbc.ConnectionImpl@4498a362] will not be managed by Spring
==>  Preparing: SELECT id,username,password,phone,status,avatar,create_time FROM sys_user WHERE id=?
==> Parameters: 1(Long)
<==    Columns: id, username, password, phone, status, avatar, create_time
<==        Row: 1, lx, $2a$10$DY8p4Q7r/lnC2ax327OH/u439shvAv9lH895iyIYyLxfz9cRgKKgW, 19185939281, 1, http://localhost:8080/uploads/avatars/avatar_1_1782735664998.png, 2026-06-21 20:09:20
<==      Total: 1
Closing non transactional SqlSession [org.apache.ibatis.session.defaults.DefaultSqlSession@36d6beb4]
Creating a new SqlSession
SqlSession [org.apache.ibatis.session.defaults.DefaultSqlSession@53d15db9] was not registered for synchronization because synchronization is not active
JDBC Connection [HikariProxyConnection@1475265307 wrapping com.mysql.cj.jdbc.ConnectionImpl@4498a362] will not be managed by Spring
==>  Preparing: SELECT id,username,password,phone,status,avatar,create_time FROM sys_user WHERE id IN ( ? )
==> Parameters: 1(Long)
<==    Columns: id, username, password, phone, status, avatar, create_time
<==        Row: 1, lx, $2a$10$DY8p4Q7r/lnC2ax327OH/u439shvAv9lH895iyIYyLxfz9cRgKKgW, 19185939281, 1, http://localhost:8080/uploads/avatars/avatar_1_1782735664998.png, 2026-06-21 20:09:20
<==      Total: 1
Closing non transactional SqlSession [org.apache.ibatis.session.defaults.DefaultSqlSession@53d15db9]
Creating a new SqlSession
SqlSession [org.apache.ibatis.session.defaults.DefaultSqlSession@186aa012] was not registered for synchronization because synchronization is not active
JDBC Connection [HikariProxyConnection@266611723 wrapping com.mysql.cj.jdbc.ConnectionImpl@4498a362] will not be managed by Spring
==>  Preparing: SELECT id,username,password,phone,status,avatar,create_time FROM sys_user WHERE id=?
==> Parameters: 1(Long)
<==    Columns: id, username, password, phone, status, avatar, create_time
<==        Row: 1, lx, $2a$10$DY8p4Q7r/lnC2ax327OH/u439shvAv9lH895iyIYyLxfz9cRgKKgW, 19185939281, 1, http://localhost:8080/uploads/avatars/avatar_1_1782735664998.png, 2026-06-21 20:09:20
<==      Total: 1
Closing non transactional SqlSession [org.apache.ibatis.session.defaults.DefaultSqlSession@186aa012]
Creating a new SqlSession
SqlSession [org.apache.ibatis.session.defaults.DefaultSqlSession@48f13a6c] was not registered for synchronization because synchronization is not active
JDBC Connection [HikariProxyConnection@1288611754 wrapping com.mysql.cj.jdbc.ConnectionImpl@4498a362] will not be managed by Spring
==>  Preparing: SELECT id,username,password,phone,status,avatar,create_time FROM sys_user WHERE id IN ( ? )
==> Parameters: 1(Long)
<==    Columns: id, username, password, phone, status, avatar, create_time
<==        Row: 1, lx, $2a$10$DY8p4Q7r/lnC2ax327OH/u439shvAv9lH895iyIYyLxfz9cRgKKgW, 19185939281, 1, http://localhost:8080/uploads/avatars/avatar_1_1782735664998.png, 2026-06-21 20:09:20
<==      Total: 1
Closing non transactional SqlSession [org.apache.ibatis.session.defaults.DefaultSqlSession@48f13a6c]
Creating a new SqlSession
SqlSession [org.apache.ibatis.session.defaults.DefaultSqlSession@7932bc74] was not registered for synchronization because synchronization is not active
JDBC Connection [HikariProxyConnection@122703369 wrapping com.mysql.cj.jdbc.ConnectionImpl@4498a362] will not be managed by Spring
==>  Preparing: SELECT id,username,password,phone,status,avatar,create_time FROM sys_user WHERE id IN ( ? , ? , ? , ? , ? , ? , ? , ? , ? , ? , ? , ? )
==> Parameters: 1(Long), 17(Long), 18(Long), 19(Long), 20(Long), 22(Long), 7(Long), 23(Long), 11(Long), 12(Long), 13(Long), 14(Long)
<==    Columns: id, username, password, phone, status, avatar, create_time
<==        Row: 1, lx, $2a$10$DY8p4Q7r/lnC2ax327OH/u439shvAv9lH895iyIYyLxfz9cRgKKgW, 19185939281, 1, http://localhost:8080/uploads/avatars/avatar_1_1782735664998.png, 2026-06-21 20:09:20
<==        Row: 7, espresso_queen, $2a$10$N.zmdr9k7uOCQb376NoUnuTJ8iAt6Z5EHsM8lE9lBOsl7iKTVKIUi, 13800000004, 1, null, 2026-06-23 06:40:41
<==        Row: 11, cold_brew_king, $2a$10$N.zmdr9k7uOCQb376NoUnuTJ8iAt6Z5EHsM8lE9lBOsl7iKTVKIUi, 13800000008, 1, null, 2026-06-23 06:40:41
<==        Row: 12, coffee_snob, $2a$10$N.zmdr9k7uOCQb376NoUnuTJ8iAt6Z5EHsM8lE9lBOsl7iKTVKIUi, 13800000009, 1, null, 2026-06-23 06:40:41
<==        Row: 13, matcha_latte, $2a$10$N.zmdr9k7uOCQb376NoUnuTJ8iAt6Z5EHsM8lE9lBOsl7iKTVKIUi, 13800000010, 1, null, 2026-06-23 06:40:41
<==        Row: 14, cafe_hunter, $2a$10$N.zmdr9k7uOCQb376NoUnuTJ8iAt6Z5EHsM8lE9lBOsl7iKTVKIUi, 13800000011, 1, null, 2026-06-23 06:40:41
<==        Row: 17, single_origin, $2a$10$N.zmdr9k7uOCQb376NoUnuTJ8iAt6Z5EHsM8lE9lBOsl7iKTVKIUi, 13800000014, 1, null, 2026-06-23 06:40:41
<==        Row: 18, flat_white_love, $2a$10$N.zmdr9k7uOCQb376NoUnuTJ8iAt6Z5EHsM8lE9lBOsl7iKTVKIUi, 13800000015, 1, null, 2026-06-23 06:40:41
<==        Row: 19, coffee_daily, $2a$10$N.zmdr9k7uOCQb376NoUnuTJ8iAt6Z5EHsM8lE9lBOsl7iKTVKIUi, 13800000016, 1, null, 2026-06-23 06:40:41
<==        Row: 20, bean_hunter, $2a$10$N.zmdr9k7uOCQb376NoUnuTJ8iAt6Z5EHsM8lE9lBOsl7iKTVKIUi, 13800000017, 1, null, 2026-06-23 06:40:41
<==        Row: 22, ristretto_lover, $2a$10$N.zmdr9k7uOCQb376NoUnuTJ8iAt6Z5EHsM8lE9lBOsl7iKTVKIUi, 13800000019, 1, null, 2026-06-23 06:40:41
<==        Row: 23, coffee_taster, $2a$10$N.zmdr9k7uOCQb376NoUnuTJ8iAt6Z5EHsM8lE9lBOsl7iKTVKIUi, 13800000020, 1, null, 2026-06-23 06:40:41
<==      Total: 12
Closing non transactional SqlSession [org.apache.ibatis.session.defaults.DefaultSqlSession@7932bc74]
Creating a new SqlSession
SqlSession [org.apache.ibatis.session.defaults.DefaultSqlSession@17d6bfa6] was not registered for synchronization because synchronization is not active
JDBC Connection [HikariProxyConnection@1525802878 wrapping com.mysql.cj.jdbc.ConnectionImpl@4498a362] will not be managed by Spring
==>  Preparing: SELECT id,username,password,phone,status,avatar,create_time FROM sys_user WHERE id IN ( ? , ? , ? , ? , ? , ? , ? , ? , ? )
==> Parameters: 16(Long), 1(Long), 17(Long), 18(Long), 19(Long), 20(Long), 21(Long), 22(Long), 23(Long)
<==    Columns: id, username, password, phone, status, avatar, create_time
<==        Row: 1, lx, $2a$10$DY8p4Q7r/lnC2ax327OH/u439shvAv9lH895iyIYyLxfz9cRgKKgW, 19185939281, 1, http://localhost:8080/uploads/avatars/avatar_1_1782735664998.png, 2026-06-21 20:09:20
<==        Row: 16, cappuccino_boy, $2a$10$N.zmdr9k7uOCQb376NoUnuTJ8iAt6Z5EHsM8lE9lBOsl7iKTVKIUi, 13800000013, 1, null, 2026-06-23 06:40:41
<==        Row: 17, single_origin, $2a$10$N.zmdr9k7uOCQb376NoUnuTJ8iAt6Z5EHsM8lE9lBOsl7iKTVKIUi, 13800000014, 1, null, 2026-06-23 06:40:41
<==        Row: 18, flat_white_love, $2a$10$N.zmdr9k7uOCQb376NoUnuTJ8iAt6Z5EHsM8lE9lBOsl7iKTVKIUi, 13800000015, 1, null, 2026-06-23 06:40:41
<==        Row: 19, coffee_daily, $2a$10$N.zmdr9k7uOCQb376NoUnuTJ8iAt6Z5EHsM8lE9lBOsl7iKTVKIUi, 13800000016, 1, null, 2026-06-23 06:40:41
<==        Row: 20, bean_hunter, $2a$10$N.zmdr9k7uOCQb376NoUnuTJ8iAt6Z5EHsM8lE9lBOsl7iKTVKIUi, 13800000017, 1, null, 2026-06-23 06:40:41
<==        Row: 21, macchiato_fan, $2a$10$N.zmdr9k7uOCQb376NoUnuTJ8iAt6Z5EHsM8lE9lBOsl7iKTVKIUi, 13800000018, 1, null, 2026-06-23 06:40:41
<==        Row: 22, ristretto_lover, $2a$10$N.zmdr9k7uOCQb376NoUnuTJ8iAt6Z5EHsM8lE9lBOsl7iKTVKIUi, 13800000019, 1, null, 2026-06-23 06:40:41
<==        Row: 23, coffee_taster, $2a$10$N.zmdr9k7uOCQb376NoUnuTJ8iAt6Z5EHsM8lE9lBOsl7iKTVKIUi, 13800000020, 1, null, 2026-06-23 06:40:41
<==      Total: 9
Closing non transactional SqlSession [org.apache.ibatis.session.defaults.DefaultSqlSession@17d6bfa6]
Creating a new SqlSession
SqlSession [org.apache.ibatis.session.defaults.DefaultSqlSession@5683c4ce] was not registered for synchronization because synchronization is not active
JDBC Connection [HikariProxyConnection@985531254 wrapping com.mysql.cj.jdbc.ConnectionImpl@4498a362] will not be managed by Spring
==>  Preparing: SELECT id,username,password,phone,status,avatar,create_time FROM sys_user WHERE id IN ( ? )
==> Parameters: 5(Long)
<==    Columns: id, username, password, phone, status, avatar, create_time
<==        Row: 5, barista_wang, $2a$10$N.zmdr9k7uOCQb376NoUnuTJ8iAt6Z5EHsM8lE9lBOsl7iKTVKIUi, 13800000002, 1, null, 2026-06-23 06:40:41
<==      Total: 1
Closing non transactional SqlSession [org.apache.ibatis.session.defaults.DefaultSqlSession@5683c4ce]
Creating a new SqlSession
SqlSession [org.apache.ibatis.session.defaults.DefaultSqlSession@671fe127] was not registered for synchronization because synchronization is not active
JDBC Connection [HikariProxyConnection@1005000452 wrapping com.mysql.cj.jdbc.ConnectionImpl@4498a362] will not be managed by Spring
==>  Preparing: SELECT id,username,password,phone,status,avatar,create_time FROM sys_user WHERE id IN ( ? , ? , ? , ? , ? , ? , ? , ? , ? , ? , ? , ? )
==> Parameters: 1(Long), 17(Long), 18(Long), 19(Long), 20(Long), 22(Long), 7(Long), 23(Long), 11(Long), 12(Long), 13(Long), 14(Long)
<==    Columns: id, username, password, phone, status, avatar, create_time
<==        Row: 1, lx, $2a$10$DY8p4Q7r/lnC2ax327OH/u439shvAv9lH895iyIYyLxfz9cRgKKgW, 19185939281, 1, http://localhost:8080/uploads/avatars/avatar_1_1782735664998.png, 2026-06-21 20:09:20
<==        Row: 7, espresso_queen, $2a$10$N.zmdr9k7uOCQb376NoUnuTJ8iAt6Z5EHsM8lE9lBOsl7iKTVKIUi, 13800000004, 1, null, 2026-06-23 06:40:41
<==        Row: 11, cold_brew_king, $2a$10$N.zmdr9k7uOCQb376NoUnuTJ8iAt6Z5EHsM8lE9lBOsl7iKTVKIUi, 13800000008, 1, null, 2026-06-23 06:40:41
<==        Row: 12, coffee_snob, $2a$10$N.zmdr9k7uOCQb376NoUnuTJ8iAt6Z5EHsM8lE9lBOsl7iKTVKIUi, 13800000009, 1, null, 2026-06-23 06:40:41
<==        Row: 13, matcha_latte, $2a$10$N.zmdr9k7uOCQb376NoUnuTJ8iAt6Z5EHsM8lE9lBOsl7iKTVKIUi, 13800000010, 1, null, 2026-06-23 06:40:41
<==        Row: 14, cafe_hunter, $2a$10$N.zmdr9k7uOCQb376NoUnuTJ8iAt6Z5EHsM8lE9lBOsl7iKTVKIUi, 13800000011, 1, null, 2026-06-23 06:40:41
<==        Row: 17, single_origin, $2a$10$N.zmdr9k7uOCQb376NoUnuTJ8iAt6Z5EHsM8lE9lBOsl7iKTVKIUi, 13800000014, 1, null, 2026-06-23 06:40:41
<==        Row: 18, flat_white_love, $2a$10$N.zmdr9k7uOCQb376NoUnuTJ8iAt6Z5EHsM8lE9lBOsl7iKTVKIUi, 13800000015, 1, null, 2026-06-23 06:40:41
<==        Row: 19, coffee_daily, $2a$10$N.zmdr9k7uOCQb376NoUnuTJ8iAt6Z5EHsM8lE9lBOsl7iKTVKIUi, 13800000016, 1, null, 2026-06-23 06:40:41
<==        Row: 20, bean_hunter, $2a$10$N.zmdr9k7uOCQb376NoUnuTJ8iAt6Z5EHsM8lE9lBOsl7iKTVKIUi, 13800000017, 1, null, 2026-06-23 06:40:41
<==        Row: 22, ristretto_lover, $2a$10$N.zmdr9k7uOCQb376NoUnuTJ8iAt6Z5EHsM8lE9lBOsl7iKTVKIUi, 13800000019, 1, null, 2026-06-23 06:40:41
<==        Row: 23, coffee_taster, $2a$10$N.zmdr9k7uOCQb376NoUnuTJ8iAt6Z5EHsM8lE9lBOsl7iKTVKIUi, 13800000020, 1, null, 2026-06-23 06:40:41
<==      Total: 12
Closing non transactional SqlSession [org.apache.ibatis.session.defaults.DefaultSqlSession@671fe127]
Creating a new SqlSession
SqlSession [org.apache.ibatis.session.defaults.DefaultSqlSession@43318ec5] was not registered for synchronization because synchronization is not active
JDBC Connection [HikariProxyConnection@699759460 wrapping com.mysql.cj.jdbc.ConnectionImpl@4498a362] will not be managed by Spring
==>  Preparing: SELECT id,username,password,phone,status,avatar,create_time FROM sys_user WHERE id IN ( ? , ? , ? , ? , ? , ? , ? , ? , ? , ? , ? , ? )
==> Parameters: 1(Long), 17(Long), 18(Long), 19(Long), 20(Long), 22(Long), 7(Long), 23(Long), 11(Long), 12(Long), 13(Long), 14(Long)
<==    Columns: id, username, password, phone, status, avatar, create_time
<==        Row: 1, lx, $2a$10$DY8p4Q7r/lnC2ax327OH/u439shvAv9lH895iyIYyLxfz9cRgKKgW, 19185939281, 1, http://localhost:8080/uploads/avatars/avatar_1_1782735664998.png, 2026-06-21 20:09:20
<==        Row: 7, espresso_queen, $2a$10$N.zmdr9k7uOCQb376NoUnuTJ8iAt6Z5EHsM8lE9lBOsl7iKTVKIUi, 13800000004, 1, null, 2026-06-23 06:40:41
<==        Row: 11, cold_brew_king, $2a$10$N.zmdr9k7uOCQb376NoUnuTJ8iAt6Z5EHsM8lE9lBOsl7iKTVKIUi, 13800000008, 1, null, 2026-06-23 06:40:41
<==        Row: 12, coffee_snob, $2a$10$N.zmdr9k7uOCQb376NoUnuTJ8iAt6Z5EHsM8lE9lBOsl7iKTVKIUi, 13800000009, 1, null, 2026-06-23 06:40:41
<==        Row: 13, matcha_latte, $2a$10$N.zmdr9k7uOCQb376NoUnuTJ8iAt6Z5EHsM8lE9lBOsl7iKTVKIUi, 13800000010, 1, null, 2026-06-23 06:40:41
<==        Row: 14, cafe_hunter, $2a$10$N.zmdr9k7uOCQb376NoUnuTJ8iAt6Z5EHsM8lE9lBOsl7iKTVKIUi, 13800000011, 1, null, 2026-06-23 06:40:41
<==        Row: 17, single_origin, $2a$10$N.zmdr9k7uOCQb376NoUnuTJ8iAt6Z5EHsM8lE9lBOsl7iKTVKIUi, 13800000014, 1, null, 2026-06-23 06:40:41
<==        Row: 18, flat_white_love, $2a$10$N.zmdr9k7uOCQb376NoUnuTJ8iAt6Z5EHsM8lE9lBOsl7iKTVKIUi, 13800000015, 1, null, 2026-06-23 06:40:41
<==        Row: 19, coffee_daily, $2a$10$N.zmdr9k7uOCQb376NoUnuTJ8iAt6Z5EHsM8lE9lBOsl7iKTVKIUi, 13800000016, 1, null, 2026-06-23 06:40:41
<==        Row: 20, bean_hunter, $2a$10$N.zmdr9k7uOCQb376NoUnuTJ8iAt6Z5EHsM8lE9lBOsl7iKTVKIUi, 13800000017, 1, null, 2026-06-23 06:40:41
<==        Row: 22, ristretto_lover, $2a$10$N.zmdr9k7uOCQb376NoUnuTJ8iAt6Z5EHsM8lE9lBOsl7iKTVKIUi, 13800000019, 1, null, 2026-06-23 06:40:41
<==        Row: 23, coffee_taster, $2a$10$N.zmdr9k7uOCQb376NoUnuTJ8iAt6Z5EHsM8lE9lBOsl7iKTVKIUi, 13800000020, 1, null, 2026-06-23 06:40:41
<==      Total: 12
Closing non transactional SqlSession [org.apache.ibatis.session.defaults.DefaultSqlSession@43318ec5]
Creating a new SqlSession
SqlSession [org.apache.ibatis.session.defaults.DefaultSqlSession@69f7da3a] was not registered for synchronization because synchronization is not active
JDBC Connection [HikariProxyConnection@1903757562 wrapping com.mysql.cj.jdbc.ConnectionImpl@4498a362] will not be managed by Spring
==>  Preparing: SELECT id,username,password,phone,status,avatar,create_time FROM sys_user WHERE id IN ( ? , ? , ? , ? , ? , ? , ? , ? , ? )
==> Parameters: 16(Long), 1(Long), 17(Long), 18(Long), 19(Long), 20(Long), 21(Long), 22(Long), 23(Long)
<==    Columns: id, username, password, phone, status, avatar, create_time
<==        Row: 1, lx, $2a$10$DY8p4Q7r/lnC2ax327OH/u439shvAv9lH895iyIYyLxfz9cRgKKgW, 19185939281, 1, http://localhost:8080/uploads/avatars/avatar_1_1782735664998.png, 2026-06-21 20:09:20
<==        Row: 16, cappuccino_boy, $2a$10$N.zmdr9k7uOCQb376NoUnuTJ8iAt6Z5EHsM8lE9lBOsl7iKTVKIUi, 13800000013, 1, null, 2026-06-23 06:40:41
<==        Row: 17, single_origin, $2a$10$N.zmdr9k7uOCQb376NoUnuTJ8iAt6Z5EHsM8lE9lBOsl7iKTVKIUi, 13800000014, 1, null, 2026-06-23 06:40:41
<==        Row: 18, flat_white_love, $2a$10$N.zmdr9k7uOCQb376NoUnuTJ8iAt6Z5EHsM8lE9lBOsl7iKTVKIUi, 13800000015, 1, null, 2026-06-23 06:40:41
<==        Row: 19, coffee_daily, $2a$10$N.zmdr9k7uOCQb376NoUnuTJ8iAt6Z5EHsM8lE9lBOsl7iKTVKIUi, 13800000016, 1, null, 2026-06-23 06:40:41
<==        Row: 20, bean_hunter, $2a$10$N.zmdr9k7uOCQb376NoUnuTJ8iAt6Z5EHsM8lE9lBOsl7iKTVKIUi, 13800000017, 1, null, 2026-06-23 06:40:41
<==        Row: 21, macchiato_fan, $2a$10$N.zmdr9k7uOCQb376NoUnuTJ8iAt6Z5EHsM8lE9lBOsl7iKTVKIUi, 13800000018, 1, null, 2026-06-23 06:40:41
<==        Row: 22, ristretto_lover, $2a$10$N.zmdr9k7uOCQb376NoUnuTJ8iAt6Z5EHsM8lE9lBOsl7iKTVKIUi, 13800000019, 1, null, 2026-06-23 06:40:41
<==        Row: 23, coffee_taster, $2a$10$N.zmdr9k7uOCQb376NoUnuTJ8iAt6Z5EHsM8lE9lBOsl7iKTVKIUi, 13800000020, 1, null, 2026-06-23 06:40:41
<==      Total: 9
Closing non transactional SqlSession [org.apache.ibatis.session.defaults.DefaultSqlSession@69f7da3a]
Creating a new SqlSession
SqlSession [org.apache.ibatis.session.defaults.DefaultSqlSession@5c4ca0d1] was not registered for synchronization because synchronization is not active
JDBC Connection [HikariProxyConnection@1770475153 wrapping com.mysql.cj.jdbc.ConnectionImpl@4498a362] will not be managed by Spring
==>  Preparing: SELECT id,username,password,phone,status,avatar,create_time FROM sys_user WHERE id IN ( ? )
==> Parameters: 5(Long)
<==    Columns: id, username, password, phone, status, avatar, create_time
<==        Row: 5, barista_wang, $2a$10$N.zmdr9k7uOCQb376NoUnuTJ8iAt6Z5EHsM8lE9lBOsl7iKTVKIUi, 13800000002, 1, null, 2026-06-23 06:40:41
<==      Total: 1
Closing non transactional SqlSession [org.apache.ibatis.session.defaults.DefaultSqlSession@5c4ca0d1]
Creating a new SqlSession
SqlSession [org.apache.ibatis.session.defaults.DefaultSqlSession@427b11ea] was not registered for synchronization because synchronization is not active
JDBC Connection [HikariProxyConnection@1626520972 wrapping com.mysql.cj.jdbc.ConnectionImpl@4498a362] will not be managed by Spring
==>  Preparing: SELECT id,username,password,phone,status,avatar,create_time FROM sys_user WHERE id IN ( ? , ? , ? , ? , ? , ? , ? , ? , ? )
==> Parameters: 16(Long), 1(Long), 17(Long), 18(Long), 19(Long), 20(Long), 21(Long), 22(Long), 23(Long)
<==    Columns: id, username, password, phone, status, avatar, create_time
<==        Row: 1, lx, $2a$10$DY8p4Q7r/lnC2ax327OH/u439shvAv9lH895iyIYyLxfz9cRgKKgW, 19185939281, 1, http://localhost:8080/uploads/avatars/avatar_1_1782735664998.png, 2026-06-21 20:09:20
<==        Row: 16, cappuccino_boy, $2a$10$N.zmdr9k7uOCQb376NoUnuTJ8iAt6Z5EHsM8lE9lBOsl7iKTVKIUi, 13800000013, 1, null, 2026-06-23 06:40:41
<==        Row: 17, single_origin, $2a$10$N.zmdr9k7uOCQb376NoUnuTJ8iAt6Z5EHsM8lE9lBOsl7iKTVKIUi, 13800000014, 1, null, 2026-06-23 06:40:41
<==        Row: 18, flat_white_love, $2a$10$N.zmdr9k7uOCQb376NoUnuTJ8iAt6Z5EHsM8lE9lBOsl7iKTVKIUi, 13800000015, 1, null, 2026-06-23 06:40:41
<==        Row: 19, coffee_daily, $2a$10$N.zmdr9k7uOCQb376NoUnuTJ8iAt6Z5EHsM8lE9lBOsl7iKTVKIUi, 13800000016, 1, null, 2026-06-23 06:40:41
<==        Row: 20, bean_hunter, $2a$10$N.zmdr9k7uOCQb376NoUnuTJ8iAt6Z5EHsM8lE9lBOsl7iKTVKIUi, 13800000017, 1, null, 2026-06-23 06:40:41
<==        Row: 21, macchiato_fan, $2a$10$N.zmdr9k7uOCQb376NoUnuTJ8iAt6Z5EHsM8lE9lBOsl7iKTVKIUi, 13800000018, 1, null, 2026-06-23 06:40:41
<==        Row: 22, ristretto_lover, $2a$10$N.zmdr9k7uOCQb376NoUnuTJ8iAt6Z5EHsM8lE9lBOsl7iKTVKIUi, 13800000019, 1, null, 2026-06-23 06:40:41
<==        Row: 23, coffee_taster, $2a$10$N.zmdr9k7uOCQb376NoUnuTJ8iAt6Z5EHsM8lE9lBOsl7iKTVKIUi, 13800000020, 1, null, 2026-06-23 06:40:41
<==      Total: 9
Closing non transactional SqlSession [org.apache.ibatis.session.defaults.DefaultSqlSession@427b11ea]
Creating a new SqlSession
SqlSession [org.apache.ibatis.session.defaults.DefaultSqlSession@877d128] was not registered for synchronization because synchronization is not active
JDBC Connection [HikariProxyConnection@1199518021 wrapping com.mysql.cj.jdbc.ConnectionImpl@4498a362] will not be managed by Spring
==>  Preparing: SELECT id,username,password,phone,status,avatar,create_time FROM sys_user WHERE id IN ( ? )
==> Parameters: 5(Long)
<==    Columns: id, username, password, phone, status, avatar, create_time
<==        Row: 5, barista_wang, $2a$10$N.zmdr9k7uOCQb376NoUnuTJ8iAt6Z5EHsM8lE9lBOsl7iKTVKIUi, 13800000002, 1, null, 2026-06-23 06:40:41
<==      Total: 1
Closing non transactional SqlSession [org.apache.ibatis.session.defaults.DefaultSqlSession@877d128]
Creating a new SqlSession
SqlSession [org.apache.ibatis.session.defaults.DefaultSqlSession@23344622] was not registered for synchronization because synchronization is not active
JDBC Connection [HikariProxyConnection@40087364 wrapping com.mysql.cj.jdbc.ConnectionImpl@4498a362] will not be managed by Spring
==>  Preparing: SELECT id,username,password,phone,status,avatar,create_time FROM sys_user WHERE id IN ( ? )
==> Parameters: 24(Long)
<==    Columns: id, username, password, phone, status, avatar, create_time
<==        Row: 24, lll, $2a$10$sbWgOWeCZV5MW4u88F8CMuxgJ.Phw6clars6Z.Ch1f9wtSKQBwc5O, 19185999881, 1, /uploads/avatars/avatar_24_1782727101006.png, 2026-06-27 21:53:05
<==      Total: 1
Closing non transactional SqlSession [org.apache.ibatis.session.defaults.DefaultSqlSession@23344622]
Creating a new SqlSession
SqlSession [org.apache.ibatis.session.defaults.DefaultSqlSession@6958da3e] was not registered for synchronization because synchronization is not active
JDBC Connection [HikariProxyConnection@1992759761 wrapping com.mysql.cj.jdbc.ConnectionImpl@4498a362] will not be managed by Spring
==>  Preparing: SELECT id,username,password,phone,status,avatar,create_time FROM sys_user WHERE id IN ( ? , ? )
==> Parameters: 24(Long), 21(Long)
<==    Columns: id, username, password, phone, status, avatar, create_time
<==        Row: 21, macchiato_fan, $2a$10$N.zmdr9k7uOCQb376NoUnuTJ8iAt6Z5EHsM8lE9lBOsl7iKTVKIUi, 13800000018, 1, null, 2026-06-23 06:40:41
<==        Row: 24, lll, $2a$10$sbWgOWeCZV5MW4u88F8CMuxgJ.Phw6clars6Z.Ch1f9wtSKQBwc5O, 19185999881, 1, /uploads/avatars/avatar_24_1782727101006.png, 2026-06-27 21:53:05
<==      Total: 2
Closing non transactional SqlSession [org.apache.ibatis.session.defaults.DefaultSqlSession@6958da3e]
Creating a new SqlSession
SqlSession [org.apache.ibatis.session.defaults.DefaultSqlSession@3c798d48] was not registered for synchronization because synchronization is not active
JDBC Connection [HikariProxyConnection@1817477006 wrapping com.mysql.cj.jdbc.ConnectionImpl@4498a362] will not be managed by Spring
==>  Preparing: SELECT id,username,password,phone,status,avatar,create_time FROM sys_user WHERE id IN ( ? , ? )
==> Parameters: 24(Long), 21(Long)
<==    Columns: id, username, password, phone, status, avatar, create_time
<==        Row: 21, macchiato_fan, $2a$10$N.zmdr9k7uOCQb376NoUnuTJ8iAt6Z5EHsM8lE9lBOsl7iKTVKIUi, 13800000018, 1, null, 2026-06-23 06:40:41
<==        Row: 24, lll, $2a$10$sbWgOWeCZV5MW4u88F8CMuxgJ.Phw6clars6Z.Ch1f9wtSKQBwc5O, 19185999881, 1, /uploads/avatars/avatar_24_1782727101006.png, 2026-06-27 21:53:05
<==      Total: 2
Closing non transactional SqlSession [org.apache.ibatis.session.defaults.DefaultSqlSession@3c798d48]
Creating a new SqlSession
SqlSession [org.apache.ibatis.session.defaults.DefaultSqlSession@74fe65d3] was not registered for synchronization because synchronization is not active
JDBC Connection [HikariProxyConnection@1119225077 wrapping com.mysql.cj.jdbc.ConnectionImpl@4498a362] will not be managed by Spring
==>  Preparing: SELECT id,username,password,phone,status,avatar,create_time FROM sys_user WHERE id IN ( ? , ? , ? , ? , ? , ? , ? , ? , ? , ? , ? , ? )
==> Parameters: 1(Long), 17(Long), 18(Long), 19(Long), 20(Long), 22(Long), 7(Long), 23(Long), 11(Long), 12(Long), 13(Long), 14(Long)
<==    Columns: id, username, password, phone, status, avatar, create_time
<==        Row: 1, lx, $2a$10$DY8p4Q7r/lnC2ax327OH/u439shvAv9lH895iyIYyLxfz9cRgKKgW, 19185939281, 1, http://localhost:8080/uploads/avatars/avatar_1_1782735664998.png, 2026-06-21 20:09:20
<==        Row: 7, espresso_queen, $2a$10$N.zmdr9k7uOCQb376NoUnuTJ8iAt6Z5EHsM8lE9lBOsl7iKTVKIUi, 13800000004, 1, null, 2026-06-23 06:40:41
<==        Row: 11, cold_brew_king, $2a$10$N.zmdr9k7uOCQb376NoUnuTJ8iAt6Z5EHsM8lE9lBOsl7iKTVKIUi, 13800000008, 1, null, 2026-06-23 06:40:41
<==        Row: 12, coffee_snob, $2a$10$N.zmdr9k7uOCQb376NoUnuTJ8iAt6Z5EHsM8lE9lBOsl7iKTVKIUi, 13800000009, 1, null, 2026-06-23 06:40:41
<==        Row: 13, matcha_latte, $2a$10$N.zmdr9k7uOCQb376NoUnuTJ8iAt6Z5EHsM8lE9lBOsl7iKTVKIUi, 13800000010, 1, null, 2026-06-23 06:40:41
<==        Row: 14, cafe_hunter, $2a$10$N.zmdr9k7uOCQb376NoUnuTJ8iAt6Z5EHsM8lE9lBOsl7iKTVKIUi, 13800000011, 1, null, 2026-06-23 06:40:41
<==        Row: 17, single_origin, $2a$10$N.zmdr9k7uOCQb376NoUnuTJ8iAt6Z5EHsM8lE9lBOsl7iKTVKIUi, 13800000014, 1, null, 2026-06-23 06:40:41
<==        Row: 18, flat_white_love, $2a$10$N.zmdr9k7uOCQb376NoUnuTJ8iAt6Z5EHsM8lE9lBOsl7iKTVKIUi, 13800000015, 1, null, 2026-06-23 06:40:41
<==        Row: 19, coffee_daily, $2a$10$N.zmdr9k7uOCQb376NoUnuTJ8iAt6Z5EHsM8lE9lBOsl7iKTVKIUi, 13800000016, 1, null, 2026-06-23 06:40:41
<==        Row: 20, bean_hunter, $2a$10$N.zmdr9k7uOCQb376NoUnuTJ8iAt6Z5EHsM8lE9lBOsl7iKTVKIUi, 13800000017, 1, null, 2026-06-23 06:40:41
<==        Row: 22, ristretto_lover, $2a$10$N.zmdr9k7uOCQb376NoUnuTJ8iAt6Z5EHsM8lE9lBOsl7iKTVKIUi, 13800000019, 1, null, 2026-06-23 06:40:41
<==        Row: 23, coffee_taster, $2a$10$N.zmdr9k7uOCQb376NoUnuTJ8iAt6Z5EHsM8lE9lBOsl7iKTVKIUi, 13800000020, 1, null, 2026-06-23 06:40:41
<==      Total: 12
Closing non transactional SqlSession [org.apache.ibatis.session.defaults.DefaultSqlSession@74fe65d3]
Creating a new SqlSession
SqlSession [org.apache.ibatis.session.defaults.DefaultSqlSession@796c6da8] was not registered for synchronization because synchronization is not active
JDBC Connection [HikariProxyConnection@940513971 wrapping com.mysql.cj.jdbc.ConnectionImpl@4498a362] will not be managed by Spring
==>  Preparing: SELECT id,username,password,phone,status,avatar,create_time FROM sys_user WHERE id IN ( ? , ? , ? , ? , ? , ? , ? , ? , ? )
==> Parameters: 16(Long), 1(Long), 17(Long), 18(Long), 19(Long), 20(Long), 21(Long), 22(Long), 23(Long)
<==    Columns: id, username, password, phone, status, avatar, create_time
<==        Row: 1, lx, $2a$10$DY8p4Q7r/lnC2ax327OH/u439shvAv9lH895iyIYyLxfz9cRgKKgW, 19185939281, 1, http://localhost:8080/uploads/avatars/avatar_1_1782735664998.png, 2026-06-21 20:09:20
<==        Row: 16, cappuccino_boy, $2a$10$N.zmdr9k7uOCQb376NoUnuTJ8iAt6Z5EHsM8lE9lBOsl7iKTVKIUi, 13800000013, 1, null, 2026-06-23 06:40:41
<==        Row: 17, single_origin, $2a$10$N.zmdr9k7uOCQb376NoUnuTJ8iAt6Z5EHsM8lE9lBOsl7iKTVKIUi, 13800000014, 1, null, 2026-06-23 06:40:41
<==        Row: 18, flat_white_love, $2a$10$N.zmdr9k7uOCQb376NoUnuTJ8iAt6Z5EHsM8lE9lBOsl7iKTVKIUi, 13800000015, 1, null, 2026-06-23 06:40:41
<==        Row: 19, coffee_daily, $2a$10$N.zmdr9k7uOCQb376NoUnuTJ8iAt6Z5EHsM8lE9lBOsl7iKTVKIUi, 13800000016, 1, null, 2026-06-23 06:40:41
<==        Row: 20, bean_hunter, $2a$10$N.zmdr9k7uOCQb376NoUnuTJ8iAt6Z5EHsM8lE9lBOsl7iKTVKIUi, 13800000017, 1, null, 2026-06-23 06:40:41
<==        Row: 21, macchiato_fan, $2a$10$N.zmdr9k7uOCQb376NoUnuTJ8iAt6Z5EHsM8lE9lBOsl7iKTVKIUi, 13800000018, 1, null, 2026-06-23 06:40:41
<==        Row: 22, ristretto_lover, $2a$10$N.zmdr9k7uOCQb376NoUnuTJ8iAt6Z5EHsM8lE9lBOsl7iKTVKIUi, 13800000019, 1, null, 2026-06-23 06:40:41
<==        Row: 23, coffee_taster, $2a$10$N.zmdr9k7uOCQb376NoUnuTJ8iAt6Z5EHsM8lE9lBOsl7iKTVKIUi, 13800000020, 1, null, 2026-06-23 06:40:41
<==      Total: 9
Closing non transactional SqlSession [org.apache.ibatis.session.defaults.DefaultSqlSession@796c6da8]
Creating a new SqlSession
SqlSession [org.apache.ibatis.session.defaults.DefaultSqlSession@21572c51] was not registered for synchronization because synchronization is not active
JDBC Connection [HikariProxyConnection@637539669 wrapping com.mysql.cj.jdbc.ConnectionImpl@4498a362] will not be managed by Spring
==>  Preparing: SELECT id,username,password,phone,status,avatar,create_time FROM sys_user WHERE id IN ( ? , ? , ? , ? , ? , ? , ? , ? , ? , ? , ? , ? )
==> Parameters: 1(Long), 17(Long), 18(Long), 19(Long), 20(Long), 22(Long), 7(Long), 23(Long), 11(Long), 12(Long), 13(Long), 14(Long)
<==    Columns: id, username, password, phone, status, avatar, create_time
<==        Row: 1, lx, $2a$10$DY8p4Q7r/lnC2ax327OH/u439shvAv9lH895iyIYyLxfz9cRgKKgW, 19185939281, 1, http://localhost:8080/uploads/avatars/avatar_1_1782735664998.png, 2026-06-21 20:09:20
<==        Row: 7, espresso_queen, $2a$10$N.zmdr9k7uOCQb376NoUnuTJ8iAt6Z5EHsM8lE9lBOsl7iKTVKIUi, 13800000004, 1, null, 2026-06-23 06:40:41
<==        Row: 11, cold_brew_king, $2a$10$N.zmdr9k7uOCQb376NoUnuTJ8iAt6Z5EHsM8lE9lBOsl7iKTVKIUi, 13800000008, 1, null, 2026-06-23 06:40:41
<==        Row: 12, coffee_snob, $2a$10$N.zmdr9k7uOCQb376NoUnuTJ8iAt6Z5EHsM8lE9lBOsl7iKTVKIUi, 13800000009, 1, null, 2026-06-23 06:40:41
<==        Row: 13, matcha_latte, $2a$10$N.zmdr9k7uOCQb376NoUnuTJ8iAt6Z5EHsM8lE9lBOsl7iKTVKIUi, 13800000010, 1, null, 2026-06-23 06:40:41
<==        Row: 14, cafe_hunter, $2a$10$N.zmdr9k7uOCQb376NoUnuTJ8iAt6Z5EHsM8lE9lBOsl7iKTVKIUi, 13800000011, 1, null, 2026-06-23 06:40:41
<==        Row: 17, single_origin, $2a$10$N.zmdr9k7uOCQb376NoUnuTJ8iAt6Z5EHsM8lE9lBOsl7iKTVKIUi, 13800000014, 1, null, 2026-06-23 06:40:41
<==        Row: 18, flat_white_love, $2a$10$N.zmdr9k7uOCQb376NoUnuTJ8iAt6Z5EHsM8lE9lBOsl7iKTVKIUi, 13800000015, 1, null, 2026-06-23 06:40:41
<==        Row: 19, coffee_daily, $2a$10$N.zmdr9k7uOCQb376NoUnuTJ8iAt6Z5EHsM8lE9lBOsl7iKTVKIUi, 13800000016, 1, null, 2026-06-23 06:40:41
<==        Row: 20, bean_hunter, $2a$10$N.zmdr9k7uOCQb376NoUnuTJ8iAt6Z5EHsM8lE9lBOsl7iKTVKIUi, 13800000017, 1, null, 2026-06-23 06:40:41
<==        Row: 22, ristretto_lover, $2a$10$N.zmdr9k7uOCQb376NoUnuTJ8iAt6Z5EHsM8lE9lBOsl7iKTVKIUi, 13800000019, 1, null, 2026-06-23 06:40:41
<==        Row: 23, coffee_taster, $2a$10$N.zmdr9k7uOCQb376NoUnuTJ8iAt6Z5EHsM8lE9lBOsl7iKTVKIUi, 13800000020, 1, null, 2026-06-23 06:40:41
<==      Total: 12
Closing non transactional SqlSession [org.apache.ibatis.session.defaults.DefaultSqlSession@21572c51]
Creating a new SqlSession
SqlSession [org.apache.ibatis.session.defaults.DefaultSqlSession@681a6763] was not registered for synchronization because synchronization is not active
JDBC Connection [HikariProxyConnection@1362146747 wrapping com.mysql.cj.jdbc.ConnectionImpl@4498a362] will not be managed by Spring
==>  Preparing: SELECT id,username,password,phone,status,avatar,create_time FROM sys_user WHERE id IN ( ? , ? , ? , ? , ? , ? , ? , ? , ? )
==> Parameters: 16(Long), 1(Long), 17(Long), 18(Long), 19(Long), 20(Long), 21(Long), 22(Long), 23(Long)
<==    Columns: id, username, password, phone, status, avatar, create_time
<==        Row: 1, lx, $2a$10$DY8p4Q7r/lnC2ax327OH/u439shvAv9lH895iyIYyLxfz9cRgKKgW, 19185939281, 1, http://localhost:8080/uploads/avatars/avatar_1_1782735664998.png, 2026-06-21 20:09:20
<==        Row: 16, cappuccino_boy, $2a$10$N.zmdr9k7uOCQb376NoUnuTJ8iAt6Z5EHsM8lE9lBOsl7iKTVKIUi, 13800000013, 1, null, 2026-06-23 06:40:41
<==        Row: 17, single_origin, $2a$10$N.zmdr9k7uOCQb376NoUnuTJ8iAt6Z5EHsM8lE9lBOsl7iKTVKIUi, 13800000014, 1, null, 2026-06-23 06:40:41
<==        Row: 18, flat_white_love, $2a$10$N.zmdr9k7uOCQb376NoUnuTJ8iAt6Z5EHsM8lE9lBOsl7iKTVKIUi, 13800000015, 1, null, 2026-06-23 06:40:41
<==        Row: 19, coffee_daily, $2a$10$N.zmdr9k7uOCQb376NoUnuTJ8iAt6Z5EHsM8lE9lBOsl7iKTVKIUi, 13800000016, 1, null, 2026-06-23 06:40:41
<==        Row: 20, bean_hunter, $2a$10$N.zmdr9k7uOCQb376NoUnuTJ8iAt6Z5EHsM8lE9lBOsl7iKTVKIUi, 13800000017, 1, null, 2026-06-23 06:40:41
<==        Row: 21, macchiato_fan, $2a$10$N.zmdr9k7uOCQb376NoUnuTJ8iAt6Z5EHsM8lE9lBOsl7iKTVKIUi, 13800000018, 1, null, 2026-06-23 06:40:41
<==        Row: 22, ristretto_lover, $2a$10$N.zmdr9k7uOCQb376NoUnuTJ8iAt6Z5EHsM8lE9lBOsl7iKTVKIUi, 13800000019, 1, null, 2026-06-23 06:40:41
<==        Row: 23, coffee_taster, $2a$10$N.zmdr9k7uOCQb376NoUnuTJ8iAt6Z5EHsM8lE9lBOsl7iKTVKIUi, 13800000020, 1, null, 2026-06-23 06:40:41
<==      Total: 9
Closing non transactional SqlSession [org.apache.ibatis.session.defaults.DefaultSqlSession@681a6763]
Creating a new SqlSession
SqlSession [org.apache.ibatis.session.defaults.DefaultSqlSession@69e3cf18] was not registered for synchronization because synchronization is not active
JDBC Connection [HikariProxyConnection@1945693857 wrapping com.mysql.cj.jdbc.ConnectionImpl@4498a362] will not be managed by Spring
==>  Preparing: SELECT id,username,password,phone,status,avatar,create_time FROM sys_user WHERE id IN ( ? , ? , ? , ? , ? , ? , ? , ? , ? , ? , ? , ? )
==> Parameters: 1(Long), 17(Long), 18(Long), 19(Long), 20(Long), 22(Long), 7(Long), 23(Long), 11(Long), 12(Long), 13(Long), 14(Long)
<==    Columns: id, username, password, phone, status, avatar, create_time
<==        Row: 1, lx, $2a$10$DY8p4Q7r/lnC2ax327OH/u439shvAv9lH895iyIYyLxfz9cRgKKgW, 19185939281, 1, http://localhost:8080/uploads/avatars/avatar_1_1782735664998.png, 2026-06-21 20:09:20
<==        Row: 7, espresso_queen, $2a$10$N.zmdr9k7uOCQb376NoUnuTJ8iAt6Z5EHsM8lE9lBOsl7iKTVKIUi, 13800000004, 1, null, 2026-06-23 06:40:41
<==        Row: 11, cold_brew_king, $2a$10$N.zmdr9k7uOCQb376NoUnuTJ8iAt6Z5EHsM8lE9lBOsl7iKTVKIUi, 13800000008, 1, null, 2026-06-23 06:40:41
<==        Row: 12, coffee_snob, $2a$10$N.zmdr9k7uOCQb376NoUnuTJ8iAt6Z5EHsM8lE9lBOsl7iKTVKIUi, 13800000009, 1, null, 2026-06-23 06:40:41
<==        Row: 13, matcha_latte, $2a$10$N.zmdr9k7uOCQb376NoUnuTJ8iAt6Z5EHsM8lE9lBOsl7iKTVKIUi, 13800000010, 1, null, 2026-06-23 06:40:41
<==        Row: 14, cafe_hunter, $2a$10$N.zmdr9k7uOCQb376NoUnuTJ8iAt6Z5EHsM8lE9lBOsl7iKTVKIUi, 13800000011, 1, null, 2026-06-23 06:40:41
<==        Row: 17, single_origin, $2a$10$N.zmdr9k7uOCQb376NoUnuTJ8iAt6Z5EHsM8lE9lBOsl7iKTVKIUi, 13800000014, 1, null, 2026-06-23 06:40:41
<==        Row: 18, flat_white_love, $2a$10$N.zmdr9k7uOCQb376NoUnuTJ8iAt6Z5EHsM8lE9lBOsl7iKTVKIUi, 13800000015, 1, null, 2026-06-23 06:40:41
<==        Row: 19, coffee_daily, $2a$10$N.zmdr9k7uOCQb376NoUnuTJ8iAt6Z5EHsM8lE9lBOsl7iKTVKIUi, 13800000016, 1, null, 2026-06-23 06:40:41
<==        Row: 20, bean_hunter, $2a$10$N.zmdr9k7uOCQb376NoUnuTJ8iAt6Z5EHsM8lE9lBOsl7iKTVKIUi, 13800000017, 1, null, 2026-06-23 06:40:41
<==        Row: 22, ristretto_lover, $2a$10$N.zmdr9k7uOCQb376NoUnuTJ8iAt6Z5EHsM8lE9lBOsl7iKTVKIUi, 13800000019, 1, null, 2026-06-23 06:40:41
<==        Row: 23, coffee_taster, $2a$10$N.zmdr9k7uOCQb376NoUnuTJ8iAt6Z5EHsM8lE9lBOsl7iKTVKIUi, 13800000020, 1, null, 2026-06-23 06:40:41
<==      Total: 12
Closing non transactional SqlSession [org.apache.ibatis.session.defaults.DefaultSqlSession@69e3cf18]
Creating a new SqlSession
SqlSession [org.apache.ibatis.session.defaults.DefaultSqlSession@1a20fcc2] was not registered for synchronization because synchronization is not active
JDBC Connection [HikariProxyConnection@1389231868 wrapping com.mysql.cj.jdbc.ConnectionImpl@4498a362] will not be managed by Spring
==>  Preparing: SELECT id,username,password,phone,status,avatar,create_time FROM sys_user WHERE id IN ( ? , ? , ? , ? , ? , ? , ? , ? , ? )
==> Parameters: 16(Long), 1(Long), 17(Long), 18(Long), 19(Long), 20(Long), 21(Long), 22(Long), 23(Long)
<==    Columns: id, username, password, phone, status, avatar, create_time
<==        Row: 1, lx, $2a$10$DY8p4Q7r/lnC2ax327OH/u439shvAv9lH895iyIYyLxfz9cRgKKgW, 19185939281, 1, http://localhost:8080/uploads/avatars/avatar_1_1782735664998.png, 2026-06-21 20:09:20
<==        Row: 16, cappuccino_boy, $2a$10$N.zmdr9k7uOCQb376NoUnuTJ8iAt6Z5EHsM8lE9lBOsl7iKTVKIUi, 13800000013, 1, null, 2026-06-23 06:40:41
<==        Row: 17, single_origin, $2a$10$N.zmdr9k7uOCQb376NoUnuTJ8iAt6Z5EHsM8lE9lBOsl7iKTVKIUi, 13800000014, 1, null, 2026-06-23 06:40:41
<==        Row: 18, flat_white_love, $2a$10$N.zmdr9k7uOCQb376NoUnuTJ8iAt6Z5EHsM8lE9lBOsl7iKTVKIUi, 13800000015, 1, null, 2026-06-23 06:40:41
<==        Row: 19, coffee_daily, $2a$10$N.zmdr9k7uOCQb376NoUnuTJ8iAt6Z5EHsM8lE9lBOsl7iKTVKIUi, 13800000016, 1, null, 2026-06-23 06:40:41
<==        Row: 20, bean_hunter, $2a$10$N.zmdr9k7uOCQb376NoUnuTJ8iAt6Z5EHsM8lE9lBOsl7iKTVKIUi, 13800000017, 1, null, 2026-06-23 06:40:41
<==        Row: 21, macchiato_fan, $2a$10$N.zmdr9k7uOCQb376NoUnuTJ8iAt6Z5EHsM8lE9lBOsl7iKTVKIUi, 13800000018, 1, null, 2026-06-23 06:40:41
<==        Row: 22, ristretto_lover, $2a$10$N.zmdr9k7uOCQb376NoUnuTJ8iAt6Z5EHsM8lE9lBOsl7iKTVKIUi, 13800000019, 1, null, 2026-06-23 06:40:41
<==        Row: 23, coffee_taster, $2a$10$N.zmdr9k7uOCQb376NoUnuTJ8iAt6Z5EHsM8lE9lBOsl7iKTVKIUi, 13800000020, 1, null, 2026-06-23 06:40:41
<==      Total: 9
Closing non transactional SqlSession [org.apache.ibatis.session.defaults.DefaultSqlSession@1a20fcc2]
Creating a new SqlSession
SqlSession [org.apache.ibatis.session.defaults.DefaultSqlSession@4e777260] was not registered for synchronization because synchronization is not active
JDBC Connection [HikariProxyConnection@2045595347 wrapping com.mysql.cj.jdbc.ConnectionImpl@4498a362] will not be managed by Spring
==>  Preparing: SELECT id,username,password,phone,status,avatar,create_time FROM sys_user WHERE id IN ( ? , ? , ? , ? , ? , ? , ? , ? , ? , ? , ? , ? )
==> Parameters: 1(Long), 17(Long), 18(Long), 19(Long), 20(Long), 22(Long), 7(Long), 23(Long), 11(Long), 12(Long), 13(Long), 14(Long)
<==    Columns: id, username, password, phone, status, avatar, create_time
<==        Row: 1, lx, $2a$10$DY8p4Q7r/lnC2ax327OH/u439shvAv9lH895iyIYyLxfz9cRgKKgW, 19185939281, 1, http://localhost:8080/uploads/avatars/avatar_1_1782735664998.png, 2026-06-21 20:09:20
<==        Row: 7, espresso_queen, $2a$10$N.zmdr9k7uOCQb376NoUnuTJ8iAt6Z5EHsM8lE9lBOsl7iKTVKIUi, 13800000004, 1, null, 2026-06-23 06:40:41
<==        Row: 11, cold_brew_king, $2a$10$N.zmdr9k7uOCQb376NoUnuTJ8iAt6Z5EHsM8lE9lBOsl7iKTVKIUi, 13800000008, 1, null, 2026-06-23 06:40:41
<==        Row: 12, coffee_snob, $2a$10$N.zmdr9k7uOCQb376NoUnuTJ8iAt6Z5EHsM8lE9lBOsl7iKTVKIUi, 13800000009, 1, null, 2026-06-23 06:40:41
<==        Row: 13, matcha_latte, $2a$10$N.zmdr9k7uOCQb376NoUnuTJ8iAt6Z5EHsM8lE9lBOsl7iKTVKIUi, 13800000010, 1, null, 2026-06-23 06:40:41
<==        Row: 14, cafe_hunter, $2a$10$N.zmdr9k7uOCQb376NoUnuTJ8iAt6Z5EHsM8lE9lBOsl7iKTVKIUi, 13800000011, 1, null, 2026-06-23 06:40:41
<==        Row: 17, single_origin, $2a$10$N.zmdr9k7uOCQb376NoUnuTJ8iAt6Z5EHsM8lE9lBOsl7iKTVKIUi, 13800000014, 1, null, 2026-06-23 06:40:41
<==        Row: 18, flat_white_love, $2a$10$N.zmdr9k7uOCQb376NoUnuTJ8iAt6Z5EHsM8lE9lBOsl7iKTVKIUi, 13800000015, 1, null, 2026-06-23 06:40:41
<==        Row: 19, coffee_daily, $2a$10$N.zmdr9k7uOCQb376NoUnuTJ8iAt6Z5EHsM8lE9lBOsl7iKTVKIUi, 13800000016, 1, null, 2026-06-23 06:40:41
<==        Row: 20, bean_hunter, $2a$10$N.zmdr9k7uOCQb376NoUnuTJ8iAt6Z5EHsM8lE9lBOsl7iKTVKIUi, 13800000017, 1, null, 2026-06-23 06:40:41
<==        Row: 22, ristretto_lover, $2a$10$N.zmdr9k7uOCQb376NoUnuTJ8iAt6Z5EHsM8lE9lBOsl7iKTVKIUi, 13800000019, 1, null, 2026-06-23 06:40:41
<==        Row: 23, coffee_taster, $2a$10$N.zmdr9k7uOCQb376NoUnuTJ8iAt6Z5EHsM8lE9lBOsl7iKTVKIUi, 13800000020, 1, null, 2026-06-23 06:40:41
<==      Total: 12
Closing non transactional SqlSession [org.apache.ibatis.session.defaults.DefaultSqlSession@4e777260]
Creating a new SqlSession
SqlSession [org.apache.ibatis.session.defaults.DefaultSqlSession@19f827fd] was not registered for synchronization because synchronization is not active
JDBC Connection [HikariProxyConnection@60195177 wrapping com.mysql.cj.jdbc.ConnectionImpl@4498a362] will not be managed by Spring
==>  Preparing: SELECT id,username,password,phone,status,avatar,create_time FROM sys_user WHERE id IN ( ? , ? , ? , ? , ? , ? , ? , ? , ? )
==> Parameters: 16(Long), 1(Long), 17(Long), 18(Long), 19(Long), 20(Long), 21(Long), 22(Long), 23(Long)
<==    Columns: id, username, password, phone, status, avatar, create_time
<==        Row: 1, lx, $2a$10$DY8p4Q7r/lnC2ax327OH/u439shvAv9lH895iyIYyLxfz9cRgKKgW, 19185939281, 1, http://localhost:8080/uploads/avatars/avatar_1_1782735664998.png, 2026-06-21 20:09:20
<==        Row: 16, cappuccino_boy, $2a$10$N.zmdr9k7uOCQb376NoUnuTJ8iAt6Z5EHsM8lE9lBOsl7iKTVKIUi, 13800000013, 1, null, 2026-06-23 06:40:41
<==        Row: 17, single_origin, $2a$10$N.zmdr9k7uOCQb376NoUnuTJ8iAt6Z5EHsM8lE9lBOsl7iKTVKIUi, 13800000014, 1, null, 2026-06-23 06:40:41
<==        Row: 18, flat_white_love, $2a$10$N.zmdr9k7uOCQb376NoUnuTJ8iAt6Z5EHsM8lE9lBOsl7iKTVKIUi, 13800000015, 1, null, 2026-06-23 06:40:41
<==        Row: 19, coffee_daily, $2a$10$N.zmdr9k7uOCQb376NoUnuTJ8iAt6Z5EHsM8lE9lBOsl7iKTVKIUi, 13800000016, 1, null, 2026-06-23 06:40:41
<==        Row: 20, bean_hunter, $2a$10$N.zmdr9k7uOCQb376NoUnuTJ8iAt6Z5EHsM8lE9lBOsl7iKTVKIUi, 13800000017, 1, null, 2026-06-23 06:40:41
<==        Row: 21, macchiato_fan, $2a$10$N.zmdr9k7uOCQb376NoUnuTJ8iAt6Z5EHsM8lE9lBOsl7iKTVKIUi, 13800000018, 1, null, 2026-06-23 06:40:41
<==        Row: 22, ristretto_lover, $2a$10$N.zmdr9k7uOCQb376NoUnuTJ8iAt6Z5EHsM8lE9lBOsl7iKTVKIUi, 13800000019, 1, null, 2026-06-23 06:40:41
<==        Row: 23, coffee_taster, $2a$10$N.zmdr9k7uOCQb376NoUnuTJ8iAt6Z5EHsM8lE9lBOsl7iKTVKIUi, 13800000020, 1, null, 2026-06-23 06:40:41
<==      Total: 9
Closing non transactional SqlSession [org.apache.ibatis.session.defaults.DefaultSqlSession@19f827fd]
Creating a new SqlSession
SqlSession [org.apache.ibatis.session.defaults.DefaultSqlSession@7653511] was not registered for synchronization because synchronization is not active
JDBC Connection [HikariProxyConnection@115439241 wrapping com.mysql.cj.jdbc.ConnectionImpl@4498a362] will not be managed by Spring
==>  Preparing: SELECT id,username,password,phone,status,avatar,create_time FROM sys_user WHERE id IN ( ? )
==> Parameters: 5(Long)
<==    Columns: id, username, password, phone, status, avatar, create_time
<==        Row: 5, barista_wang, $2a$10$N.zmdr9k7uOCQb376NoUnuTJ8iAt6Z5EHsM8lE9lBOsl7iKTVKIUi, 13800000002, 1, null, 2026-06-23 06:40:41
<==      Total: 1
Closing non transactional SqlSession [org.apache.ibatis.session.defaults.DefaultSqlSession@7653511]
Creating a new SqlSession
SqlSession [org.apache.ibatis.session.defaults.DefaultSqlSession@64c39ce2] was not registered for synchronization because synchronization is not active
JDBC Connection [HikariProxyConnection@867347530 wrapping com.mysql.cj.jdbc.ConnectionImpl@4498a362] will not be managed by Spring
==>  Preparing: SELECT id,username,password,phone,status,avatar,create_time FROM sys_user WHERE id IN ( ? , ? , ? , ? , ? , ? , ? , ? , ? , ? , ? , ? )
==> Parameters: 1(Long), 17(Long), 18(Long), 19(Long), 20(Long), 22(Long), 7(Long), 23(Long), 11(Long), 12(Long), 13(Long), 14(Long)
<==    Columns: id, username, password, phone, status, avatar, create_time
<==        Row: 1, lx, $2a$10$DY8p4Q7r/lnC2ax327OH/u439shvAv9lH895iyIYyLxfz9cRgKKgW, 19185939281, 1, http://localhost:8080/uploads/avatars/avatar_1_1782735664998.png, 2026-06-21 20:09:20
<==        Row: 7, espresso_queen, $2a$10$N.zmdr9k7uOCQb376NoUnuTJ8iAt6Z5EHsM8lE9lBOsl7iKTVKIUi, 13800000004, 1, null, 2026-06-23 06:40:41
<==        Row: 11, cold_brew_king, $2a$10$N.zmdr9k7uOCQb376NoUnuTJ8iAt6Z5EHsM8lE9lBOsl7iKTVKIUi, 13800000008, 1, null, 2026-06-23 06:40:41
<==        Row: 12, coffee_snob, $2a$10$N.zmdr9k7uOCQb376NoUnuTJ8iAt6Z5EHsM8lE9lBOsl7iKTVKIUi, 13800000009, 1, null, 2026-06-23 06:40:41
<==        Row: 13, matcha_latte, $2a$10$N.zmdr9k7uOCQb376NoUnuTJ8iAt6Z5EHsM8lE9lBOsl7iKTVKIUi, 13800000010, 1, null, 2026-06-23 06:40:41
<==        Row: 14, cafe_hunter, $2a$10$N.zmdr9k7uOCQb376NoUnuTJ8iAt6Z5EHsM8lE9lBOsl7iKTVKIUi, 13800000011, 1, null, 2026-06-23 06:40:41
<==        Row: 17, single_origin, $2a$10$N.zmdr9k7uOCQb376NoUnuTJ8iAt6Z5EHsM8lE9lBOsl7iKTVKIUi, 13800000014, 1, null, 2026-06-23 06:40:41
<==        Row: 18, flat_white_love, $2a$10$N.zmdr9k7uOCQb376NoUnuTJ8iAt6Z5EHsM8lE9lBOsl7iKTVKIUi, 13800000015, 1, null, 2026-06-23 06:40:41
<==        Row: 19, coffee_daily, $2a$10$N.zmdr9k7uOCQb376NoUnuTJ8iAt6Z5EHsM8lE9lBOsl7iKTVKIUi, 13800000016, 1, null, 2026-06-23 06:40:41
<==        Row: 20, bean_hunter, $2a$10$N.zmdr9k7uOCQb376NoUnuTJ8iAt6Z5EHsM8lE9lBOsl7iKTVKIUi, 13800000017, 1, null, 2026-06-23 06:40:41
<==        Row: 22, ristretto_lover, $2a$10$N.zmdr9k7uOCQb376NoUnuTJ8iAt6Z5EHsM8lE9lBOsl7iKTVKIUi, 13800000019, 1, null, 2026-06-23 06:40:41
<==        Row: 23, coffee_taster, $2a$10$N.zmdr9k7uOCQb376NoUnuTJ8iAt6Z5EHsM8lE9lBOsl7iKTVKIUi, 13800000020, 1, null, 2026-06-23 06:40:41
<==      Total: 12
Closing non transactional SqlSession [org.apache.ibatis.session.defaults.DefaultSqlSession@64c39ce2]
Creating a new SqlSession
SqlSession [org.apache.ibatis.session.defaults.DefaultSqlSession@2deeaebc] was not registered for synchronization because synchronization is not active
JDBC Connection [HikariProxyConnection@701579225 wrapping com.mysql.cj.jdbc.ConnectionImpl@4498a362] will not be managed by Spring
==>  Preparing: SELECT id,username,password,phone,status,avatar,create_time FROM sys_user WHERE id IN ( ? )
==> Parameters: 5(Long)
<==    Columns: id, username, password, phone, status, avatar, create_time
<==        Row: 5, barista_wang, $2a$10$N.zmdr9k7uOCQb376NoUnuTJ8iAt6Z5EHsM8lE9lBOsl7iKTVKIUi, 13800000002, 1, null, 2026-06-23 06:40:41
<==      Total: 1
Closing non transactional SqlSession [org.apache.ibatis.session.defaults.DefaultSqlSession@2deeaebc]
Creating a new SqlSession
SqlSession [org.apache.ibatis.session.defaults.DefaultSqlSession@1a41550d] was not registered for synchronization because synchronization is not active
JDBC Connection [HikariProxyConnection@1840108114 wrapping com.mysql.cj.jdbc.ConnectionImpl@4498a362] will not be managed by Spring
==>  Preparing: SELECT id,username,password,phone,status,avatar,create_time FROM sys_user WHERE id IN ( ? , ? , ? , ? , ? , ? , ? , ? , ? , ? , ? , ? )
==> Parameters: 1(Long), 17(Long), 18(Long), 19(Long), 20(Long), 22(Long), 7(Long), 23(Long), 11(Long), 12(Long), 13(Long), 14(Long)
<==    Columns: id, username, password, phone, status, avatar, create_time
<==        Row: 1, lx, $2a$10$DY8p4Q7r/lnC2ax327OH/u439shvAv9lH895iyIYyLxfz9cRgKKgW, 19185939281, 1, http://localhost:8080/uploads/avatars/avatar_1_1782735664998.png, 2026-06-21 20:09:20
<==        Row: 7, espresso_queen, $2a$10$N.zmdr9k7uOCQb376NoUnuTJ8iAt6Z5EHsM8lE9lBOsl7iKTVKIUi, 13800000004, 1, null, 2026-06-23 06:40:41
<==        Row: 11, cold_brew_king, $2a$10$N.zmdr9k7uOCQb376NoUnuTJ8iAt6Z5EHsM8lE9lBOsl7iKTVKIUi, 13800000008, 1, null, 2026-06-23 06:40:41
<==        Row: 12, coffee_snob, $2a$10$N.zmdr9k7uOCQb376NoUnuTJ8iAt6Z5EHsM8lE9lBOsl7iKTVKIUi, 13800000009, 1, null, 2026-06-23 06:40:41
<==        Row: 13, matcha_latte, $2a$10$N.zmdr9k7uOCQb376NoUnuTJ8iAt6Z5EHsM8lE9lBOsl7iKTVKIUi, 13800000010, 1, null, 2026-06-23 06:40:41
<==        Row: 14, cafe_hunter, $2a$10$N.zmdr9k7uOCQb376NoUnuTJ8iAt6Z5EHsM8lE9lBOsl7iKTVKIUi, 13800000011, 1, null, 2026-06-23 06:40:41
<==        Row: 17, single_origin, $2a$10$N.zmdr9k7uOCQb376NoUnuTJ8iAt6Z5EHsM8lE9lBOsl7iKTVKIUi, 13800000014, 1, null, 2026-06-23 06:40:41
<==        Row: 18, flat_white_love, $2a$10$N.zmdr9k7uOCQb376NoUnuTJ8iAt6Z5EHsM8lE9lBOsl7iKTVKIUi, 13800000015, 1, null, 2026-06-23 06:40:41
<==        Row: 19, coffee_daily, $2a$10$N.zmdr9k7uOCQb376NoUnuTJ8iAt6Z5EHsM8lE9lBOsl7iKTVKIUi, 13800000016, 1, null, 2026-06-23 06:40:41
<==        Row: 20, bean_hunter, $2a$10$N.zmdr9k7uOCQb376NoUnuTJ8iAt6Z5EHsM8lE9lBOsl7iKTVKIUi, 13800000017, 1, null, 2026-06-23 06:40:41
<==        Row: 22, ristretto_lover, $2a$10$N.zmdr9k7uOCQb376NoUnuTJ8iAt6Z5EHsM8lE9lBOsl7iKTVKIUi, 13800000019, 1, null, 2026-06-23 06:40:41
<==        Row: 23, coffee_taster, $2a$10$N.zmdr9k7uOCQb376NoUnuTJ8iAt6Z5EHsM8lE9lBOsl7iKTVKIUi, 13800000020, 1, null, 2026-06-23 06:40:41
<==      Total: 12
Closing non transactional SqlSession [org.apache.ibatis.session.defaults.DefaultSqlSession@1a41550d]
Creating a new SqlSession
SqlSession [org.apache.ibatis.session.defaults.DefaultSqlSession@55f00a62] was not registered for synchronization because synchronization is not active
JDBC Connection [HikariProxyConnection@456628380 wrapping com.mysql.cj.jdbc.ConnectionImpl@4498a362] will not be managed by Spring
==>  Preparing: SELECT id,username,password,phone,status,avatar,create_time FROM sys_user WHERE id IN ( ? )
==> Parameters: 5(Long)
<==    Columns: id, username, password, phone, status, avatar, create_time
<==        Row: 5, barista_wang, $2a$10$N.zmdr9k7uOCQb376NoUnuTJ8iAt6Z5EHsM8lE9lBOsl7iKTVKIUi, 13800000002, 1, null, 2026-06-23 06:40:41
<==      Total: 1
Closing non transactional SqlSession [org.apache.ibatis.session.defaults.DefaultSqlSession@55f00a62]
Creating a new SqlSession
SqlSession [org.apache.ibatis.session.defaults.DefaultSqlSession@768db6bf] was not registered for synchronization because synchronization is not active
JDBC Connection [HikariProxyConnection@1492048066 wrapping com.mysql.cj.jdbc.ConnectionImpl@4498a362] will not be managed by Spring
==>  Preparing: SELECT id,username,password,phone,status,avatar,create_time FROM sys_user WHERE id IN ( ? , ? , ? , ? , ? , ? , ? , ? , ? , ? , ? , ? )
==> Parameters: 1(Long), 17(Long), 18(Long), 19(Long), 20(Long), 22(Long), 7(Long), 23(Long), 11(Long), 12(Long), 13(Long), 14(Long)
<==    Columns: id, username, password, phone, status, avatar, create_time
<==        Row: 1, lx, $2a$10$DY8p4Q7r/lnC2ax327OH/u439shvAv9lH895iyIYyLxfz9cRgKKgW, 19185939281, 1, http://localhost:8080/uploads/avatars/avatar_1_1782735664998.png, 2026-06-21 20:09:20
<==        Row: 7, espresso_queen, $2a$10$N.zmdr9k7uOCQb376NoUnuTJ8iAt6Z5EHsM8lE9lBOsl7iKTVKIUi, 13800000004, 1, null, 2026-06-23 06:40:41
<==        Row: 11, cold_brew_king, $2a$10$N.zmdr9k7uOCQb376NoUnuTJ8iAt6Z5EHsM8lE9lBOsl7iKTVKIUi, 13800000008, 1, null, 2026-06-23 06:40:41
<==        Row: 12, coffee_snob, $2a$10$N.zmdr9k7uOCQb376NoUnuTJ8iAt6Z5EHsM8lE9lBOsl7iKTVKIUi, 13800000009, 1, null, 2026-06-23 06:40:41
<==        Row: 13, matcha_latte, $2a$10$N.zmdr9k7uOCQb376NoUnuTJ8iAt6Z5EHsM8lE9lBOsl7iKTVKIUi, 13800000010, 1, null, 2026-06-23 06:40:41
<==        Row: 14, cafe_hunter, $2a$10$N.zmdr9k7uOCQb376NoUnuTJ8iAt6Z5EHsM8lE9lBOsl7iKTVKIUi, 13800000011, 1, null, 2026-06-23 06:40:41
<==        Row: 17, single_origin, $2a$10$N.zmdr9k7uOCQb376NoUnuTJ8iAt6Z5EHsM8lE9lBOsl7iKTVKIUi, 13800000014, 1, null, 2026-06-23 06:40:41
<==        Row: 18, flat_white_love, $2a$10$N.zmdr9k7uOCQb376NoUnuTJ8iAt6Z5EHsM8lE9lBOsl7iKTVKIUi, 13800000015, 1, null, 2026-06-23 06:40:41
<==        Row: 19, coffee_daily, $2a$10$N.zmdr9k7uOCQb376NoUnuTJ8iAt6Z5EHsM8lE9lBOsl7iKTVKIUi, 13800000016, 1, null, 2026-06-23 06:40:41
<==        Row: 20, bean_hunter, $2a$10$N.zmdr9k7uOCQb376NoUnuTJ8iAt6Z5EHsM8lE9lBOsl7iKTVKIUi, 13800000017, 1, null, 2026-06-23 06:40:41
<==        Row: 22, ristretto_lover, $2a$10$N.zmdr9k7uOCQb376NoUnuTJ8iAt6Z5EHsM8lE9lBOsl7iKTVKIUi, 13800000019, 1, null, 2026-06-23 06:40:41
<==        Row: 23, coffee_taster, $2a$10$N.zmdr9k7uOCQb376NoUnuTJ8iAt6Z5EHsM8lE9lBOsl7iKTVKIUi, 13800000020, 1, null, 2026-06-23 06:40:41
<==      Total: 12
Closing non transactional SqlSession [org.apache.ibatis.session.defaults.DefaultSqlSession@768db6bf]
Creating a new SqlSession
SqlSession [org.apache.ibatis.session.defaults.DefaultSqlSession@28a9e2ca] was not registered for synchronization because synchronization is not active
JDBC Connection [HikariProxyConnection@1882648557 wrapping com.mysql.cj.jdbc.ConnectionImpl@4498a362] will not be managed by Spring
==>  Preparing: SELECT id,username,password,phone,status,avatar,create_time FROM sys_user WHERE id IN ( ? )
==> Parameters: 5(Long)
<==    Columns: id, username, password, phone, status, avatar, create_time
<==        Row: 5, barista_wang, $2a$10$N.zmdr9k7uOCQb376NoUnuTJ8iAt6Z5EHsM8lE9lBOsl7iKTVKIUi, 13800000002, 1, null, 2026-06-23 06:40:41
<==      Total: 1
Closing non transactional SqlSession [org.apache.ibatis.session.defaults.DefaultSqlSession@28a9e2ca]
Creating a new SqlSession
SqlSession [org.apache.ibatis.session.defaults.DefaultSqlSession@3f1e054e] was not registered for synchronization because synchronization is not active
JDBC Connection [HikariProxyConnection@67390641 wrapping com.mysql.cj.jdbc.ConnectionImpl@4498a362] will not be managed by Spring
==>  Preparing: SELECT id,username,password,phone,status,avatar,create_time FROM sys_user WHERE id IN ( ? )
==> Parameters: 24(Long)
<==    Columns: id, username, password, phone, status, avatar, create_time
<==        Row: 24, lll, $2a$10$sbWgOWeCZV5MW4u88F8CMuxgJ.Phw6clars6Z.Ch1f9wtSKQBwc5O, 19185999881, 1, /uploads/avatars/avatar_24_1782727101006.png, 2026-06-27 21:53:05
<==      Total: 1
Closing non transactional SqlSession [org.apache.ibatis.session.defaults.DefaultSqlSession@3f1e054e]
Creating a new SqlSession
SqlSession [org.apache.ibatis.session.defaults.DefaultSqlSession@7e4e2908] was not registered for synchronization because synchronization is not active
JDBC Connection [HikariProxyConnection@1662323951 wrapping com.mysql.cj.jdbc.ConnectionImpl@4498a362] will not be managed by Spring
==>  Preparing: SELECT id,username,password,phone,status,avatar,create_time FROM sys_user WHERE id IN ( ? , ? , ? , ? , ? , ? , ? , ? , ? , ? , ? , ? )
==> Parameters: 1(Long), 17(Long), 18(Long), 19(Long), 20(Long), 22(Long), 7(Long), 23(Long), 11(Long), 12(Long), 13(Long), 14(Long)
<==    Columns: id, username, password, phone, status, avatar, create_time
<==        Row: 1, lx, $2a$10$DY8p4Q7r/lnC2ax327OH/u439shvAv9lH895iyIYyLxfz9cRgKKgW, 19185939281, 1, http://localhost:8080/uploads/avatars/avatar_1_1782735664998.png, 2026-06-21 20:09:20
<==        Row: 7, espresso_queen, $2a$10$N.zmdr9k7uOCQb376NoUnuTJ8iAt6Z5EHsM8lE9lBOsl7iKTVKIUi, 13800000004, 1, null, 2026-06-23 06:40:41
<==        Row: 11, cold_brew_king, $2a$10$N.zmdr9k7uOCQb376NoUnuTJ8iAt6Z5EHsM8lE9lBOsl7iKTVKIUi, 13800000008, 1, null, 2026-06-23 06:40:41
<==        Row: 12, coffee_snob, $2a$10$N.zmdr9k7uOCQb376NoUnuTJ8iAt6Z5EHsM8lE9lBOsl7iKTVKIUi, 13800000009, 1, null, 2026-06-23 06:40:41
<==        Row: 13, matcha_latte, $2a$10$N.zmdr9k7uOCQb376NoUnuTJ8iAt6Z5EHsM8lE9lBOsl7iKTVKIUi, 13800000010, 1, null, 2026-06-23 06:40:41
<==        Row: 14, cafe_hunter, $2a$10$N.zmdr9k7uOCQb376NoUnuTJ8iAt6Z5EHsM8lE9lBOsl7iKTVKIUi, 13800000011, 1, null, 2026-06-23 06:40:41
<==        Row: 17, single_origin, $2a$10$N.zmdr9k7uOCQb376NoUnuTJ8iAt6Z5EHsM8lE9lBOsl7iKTVKIUi, 13800000014, 1, null, 2026-06-23 06:40:41
<==        Row: 18, flat_white_love, $2a$10$N.zmdr9k7uOCQb376NoUnuTJ8iAt6Z5EHsM8lE9lBOsl7iKTVKIUi, 13800000015, 1, null, 2026-06-23 06:40:41
<==        Row: 19, coffee_daily, $2a$10$N.zmdr9k7uOCQb376NoUnuTJ8iAt6Z5EHsM8lE9lBOsl7iKTVKIUi, 13800000016, 1, null, 2026-06-23 06:40:41
<==        Row: 20, bean_hunter, $2a$10$N.zmdr9k7uOCQb376NoUnuTJ8iAt6Z5EHsM8lE9lBOsl7iKTVKIUi, 13800000017, 1, null, 2026-06-23 06:40:41
<==        Row: 22, ristretto_lover, $2a$10$N.zmdr9k7uOCQb376NoUnuTJ8iAt6Z5EHsM8lE9lBOsl7iKTVKIUi, 13800000019, 1, null, 2026-06-23 06:40:41
<==        Row: 23, coffee_taster, $2a$10$N.zmdr9k7uOCQb376NoUnuTJ8iAt6Z5EHsM8lE9lBOsl7iKTVKIUi, 13800000020, 1, null, 2026-06-23 06:40:41
<==      Total: 12
Closing non transactional SqlSession [org.apache.ibatis.session.defaults.DefaultSqlSession@7e4e2908]
Creating a new SqlSession
SqlSession [org.apache.ibatis.session.defaults.DefaultSqlSession@53629a8] was not registered for synchronization because synchronization is not active
JDBC Connection [HikariProxyConnection@1568009468 wrapping com.mysql.cj.jdbc.ConnectionImpl@4498a362] will not be managed by Spring
==>  Preparing: SELECT id,username,password,phone,status,avatar,create_time FROM sys_user WHERE id IN ( ? , ? , ? , ? , ? , ? , ? , ? , ? )
==> Parameters: 16(Long), 1(Long), 17(Long), 18(Long), 19(Long), 20(Long), 21(Long), 22(Long), 23(Long)
<==    Columns: id, username, password, phone, status, avatar, create_time
<==        Row: 1, lx, $2a$10$DY8p4Q7r/lnC2ax327OH/u439shvAv9lH895iyIYyLxfz9cRgKKgW, 19185939281, 1, http://localhost:8080/uploads/avatars/avatar_1_1782735664998.png, 2026-06-21 20:09:20
<==        Row: 16, cappuccino_boy, $2a$10$N.zmdr9k7uOCQb376NoUnuTJ8iAt6Z5EHsM8lE9lBOsl7iKTVKIUi, 13800000013, 1, null, 2026-06-23 06:40:41
<==        Row: 17, single_origin, $2a$10$N.zmdr9k7uOCQb376NoUnuTJ8iAt6Z5EHsM8lE9lBOsl7iKTVKIUi, 13800000014, 1, null, 2026-06-23 06:40:41
<==        Row: 18, flat_white_love, $2a$10$N.zmdr9k7uOCQb376NoUnuTJ8iAt6Z5EHsM8lE9lBOsl7iKTVKIUi, 13800000015, 1, null, 2026-06-23 06:40:41
<==        Row: 19, coffee_daily, $2a$10$N.zmdr9k7uOCQb376NoUnuTJ8iAt6Z5EHsM8lE9lBOsl7iKTVKIUi, 13800000016, 1, null, 2026-06-23 06:40:41
<==        Row: 20, bean_hunter, $2a$10$N.zmdr9k7uOCQb376NoUnuTJ8iAt6Z5EHsM8lE9lBOsl7iKTVKIUi, 13800000017, 1, null, 2026-06-23 06:40:41
<==        Row: 21, macchiato_fan, $2a$10$N.zmdr9k7uOCQb376NoUnuTJ8iAt6Z5EHsM8lE9lBOsl7iKTVKIUi, 13800000018, 1, null, 2026-06-23 06:40:41
<==        Row: 22, ristretto_lover, $2a$10$N.zmdr9k7uOCQb376NoUnuTJ8iAt6Z5EHsM8lE9lBOsl7iKTVKIUi, 13800000019, 1, null, 2026-06-23 06:40:41
<==        Row: 23, coffee_taster, $2a$10$N.zmdr9k7uOCQb376NoUnuTJ8iAt6Z5EHsM8lE9lBOsl7iKTVKIUi, 13800000020, 1, null, 2026-06-23 06:40:41
<==      Total: 9
Closing non transactional SqlSession [org.apache.ibatis.session.defaults.DefaultSqlSession@53629a8]
Creating a new SqlSession
SqlSession [org.apache.ibatis.session.defaults.DefaultSqlSession@51ac7c2f] was not registered for synchronization because synchronization is not active
JDBC Connection [HikariProxyConnection@1587874171 wrapping com.mysql.cj.jdbc.ConnectionImpl@4498a362] will not be managed by Spring
==>  Preparing: SELECT id,username,password,phone,status,avatar,create_time FROM sys_user WHERE id IN ( ? )
==> Parameters: 5(Long)
<==    Columns: id, username, password, phone, status, avatar, create_time
<==        Row: 5, barista_wang, $2a$10$N.zmdr9k7uOCQb376NoUnuTJ8iAt6Z5EHsM8lE9lBOsl7iKTVKIUi, 13800000002, 1, null, 2026-06-23 06:40:41
<==      Total: 1
Closing non transactional SqlSession [org.apache.ibatis.session.defaults.DefaultSqlSession@51ac7c2f]
Creating a new SqlSession
SqlSession [org.apache.ibatis.session.defaults.DefaultSqlSession@7373c150] was not registered for synchronization because synchronization is not active
JDBC Connection [HikariProxyConnection@1758505423 wrapping com.mysql.cj.jdbc.ConnectionImpl@4498a362] will not be managed by Spring
==>  Preparing: SELECT id,username,password,phone,status,avatar,create_time FROM sys_user WHERE id IN ( ? , ? , ? , ? , ? , ? , ? , ? , ? , ? , ? , ? )
==> Parameters: 1(Long), 17(Long), 18(Long), 19(Long), 20(Long), 22(Long), 7(Long), 23(Long), 11(Long), 12(Long), 13(Long), 14(Long)
<==    Columns: id, username, password, phone, status, avatar, create_time
<==        Row: 1, lx, $2a$10$DY8p4Q7r/lnC2ax327OH/u439shvAv9lH895iyIYyLxfz9cRgKKgW, 19185939281, 1, http://localhost:8080/uploads/avatars/avatar_1_1782735664998.png, 2026-06-21 20:09:20
<==        Row: 7, espresso_queen, $2a$10$N.zmdr9k7uOCQb376NoUnuTJ8iAt6Z5EHsM8lE9lBOsl7iKTVKIUi, 13800000004, 1, null, 2026-06-23 06:40:41
<==        Row: 11, cold_brew_king, $2a$10$N.zmdr9k7uOCQb376NoUnuTJ8iAt6Z5EHsM8lE9lBOsl7iKTVKIUi, 13800000008, 1, null, 2026-06-23 06:40:41
<==        Row: 12, coffee_snob, $2a$10$N.zmdr9k7uOCQb376NoUnuTJ8iAt6Z5EHsM8lE9lBOsl7iKTVKIUi, 13800000009, 1, null, 2026-06-23 06:40:41
<==        Row: 13, matcha_latte, $2a$10$N.zmdr9k7uOCQb376NoUnuTJ8iAt6Z5EHsM8lE9lBOsl7iKTVKIUi, 13800000010, 1, null, 2026-06-23 06:40:41
<==        Row: 14, cafe_hunter, $2a$10$N.zmdr9k7uOCQb376NoUnuTJ8iAt6Z5EHsM8lE9lBOsl7iKTVKIUi, 13800000011, 1, null, 2026-06-23 06:40:41
<==        Row: 17, single_origin, $2a$10$N.zmdr9k7uOCQb376NoUnuTJ8iAt6Z5EHsM8lE9lBOsl7iKTVKIUi, 13800000014, 1, null, 2026-06-23 06:40:41
<==        Row: 18, flat_white_love, $2a$10$N.zmdr9k7uOCQb376NoUnuTJ8iAt6Z5EHsM8lE9lBOsl7iKTVKIUi, 13800000015, 1, null, 2026-06-23 06:40:41
<==        Row: 19, coffee_daily, $2a$10$N.zmdr9k7uOCQb376NoUnuTJ8iAt6Z5EHsM8lE9lBOsl7iKTVKIUi, 13800000016, 1, null, 2026-06-23 06:40:41
<==        Row: 20, bean_hunter, $2a$10$N.zmdr9k7uOCQb376NoUnuTJ8iAt6Z5EHsM8lE9lBOsl7iKTVKIUi, 13800000017, 1, null, 2026-06-23 06:40:41
<==        Row: 22, ristretto_lover, $2a$10$N.zmdr9k7uOCQb376NoUnuTJ8iAt6Z5EHsM8lE9lBOsl7iKTVKIUi, 13800000019, 1, null, 2026-06-23 06:40:41
<==        Row: 23, coffee_taster, $2a$10$N.zmdr9k7uOCQb376NoUnuTJ8iAt6Z5EHsM8lE9lBOsl7iKTVKIUi, 13800000020, 1, null, 2026-06-23 06:40:41
<==      Total: 12
Closing non transactional SqlSession [org.apache.ibatis.session.defaults.DefaultSqlSession@7373c150]
Creating a new SqlSession
SqlSession [org.apache.ibatis.session.defaults.DefaultSqlSession@5481474c] was not registered for synchronization because synchronization is not active
JDBC Connection [HikariProxyConnection@563137486 wrapping com.mysql.cj.jdbc.ConnectionImpl@4498a362] will not be managed by Spring
==>  Preparing: SELECT id,username,password,phone,status,avatar,create_time FROM sys_user WHERE id IN ( ? , ? , ? , ? , ? , ? , ? , ? , ? , ? , ? , ? )
==> Parameters: 1(Long), 17(Long), 18(Long), 19(Long), 20(Long), 22(Long), 7(Long), 23(Long), 11(Long), 12(Long), 13(Long), 14(Long)
<==    Columns: id, username, password, phone, status, avatar, create_time
<==        Row: 1, lx, $2a$10$DY8p4Q7r/lnC2ax327OH/u439shvAv9lH895iyIYyLxfz9cRgKKgW, 19185939281, 1, http://localhost:8080/uploads/avatars/avatar_1_1782735664998.png, 2026-06-21 20:09:20
<==        Row: 7, espresso_queen, $2a$10$N.zmdr9k7uOCQb376NoUnuTJ8iAt6Z5EHsM8lE9lBOsl7iKTVKIUi, 13800000004, 1, null, 2026-06-23 06:40:41
<==        Row: 11, cold_brew_king, $2a$10$N.zmdr9k7uOCQb376NoUnuTJ8iAt6Z5EHsM8lE9lBOsl7iKTVKIUi, 13800000008, 1, null, 2026-06-23 06:40:41
<==        Row: 12, coffee_snob, $2a$10$N.zmdr9k7uOCQb376NoUnuTJ8iAt6Z5EHsM8lE9lBOsl7iKTVKIUi, 13800000009, 1, null, 2026-06-23 06:40:41
<==        Row: 13, matcha_latte, $2a$10$N.zmdr9k7uOCQb376NoUnuTJ8iAt6Z5EHsM8lE9lBOsl7iKTVKIUi, 13800000010, 1, null, 2026-06-23 06:40:41
<==        Row: 14, cafe_hunter, $2a$10$N.zmdr9k7uOCQb376NoUnuTJ8iAt6Z5EHsM8lE9lBOsl7iKTVKIUi, 13800000011, 1, null, 2026-06-23 06:40:41
<==        Row: 17, single_origin, $2a$10$N.zmdr9k7uOCQb376NoUnuTJ8iAt6Z5EHsM8lE9lBOsl7iKTVKIUi, 13800000014, 1, null, 2026-06-23 06:40:41
<==        Row: 18, flat_white_love, $2a$10$N.zmdr9k7uOCQb376NoUnuTJ8iAt6Z5EHsM8lE9lBOsl7iKTVKIUi, 13800000015, 1, null, 2026-06-23 06:40:41
<==        Row: 19, coffee_daily, $2a$10$N.zmdr9k7uOCQb376NoUnuTJ8iAt6Z5EHsM8lE9lBOsl7iKTVKIUi, 13800000016, 1, null, 2026-06-23 06:40:41
<==        Row: 20, bean_hunter, $2a$10$N.zmdr9k7uOCQb376NoUnuTJ8iAt6Z5EHsM8lE9lBOsl7iKTVKIUi, 13800000017, 1, null, 2026-06-23 06:40:41
<==        Row: 22, ristretto_lover, $2a$10$N.zmdr9k7uOCQb376NoUnuTJ8iAt6Z5EHsM8lE9lBOsl7iKTVKIUi, 13800000019, 1, null, 2026-06-23 06:40:41
<==        Row: 23, coffee_taster, $2a$10$N.zmdr9k7uOCQb376NoUnuTJ8iAt6Z5EHsM8lE9lBOsl7iKTVKIUi, 13800000020, 1, null, 2026-06-23 06:40:41
<==      Total: 12
Closing non transactional SqlSession [org.apache.ibatis.session.defaults.DefaultSqlSession@5481474c]
Creating a new SqlSession
SqlSession [org.apache.ibatis.session.defaults.DefaultSqlSession@2643c195] was not registered for synchronization because synchronization is not active
JDBC Connection [HikariProxyConnection@1264053580 wrapping com.mysql.cj.jdbc.ConnectionImpl@4498a362] will not be managed by Spring
==>  Preparing: SELECT id,username,password,phone,status,avatar,create_time FROM sys_user WHERE id IN ( ? , ? , ? , ? , ? , ? , ? , ? , ? , ? , ? , ? )
==> Parameters: 1(Long), 17(Long), 18(Long), 19(Long), 20(Long), 22(Long), 7(Long), 23(Long), 11(Long), 12(Long), 13(Long), 14(Long)
<==    Columns: id, username, password, phone, status, avatar, create_time
<==        Row: 1, lx, $2a$10$DY8p4Q7r/lnC2ax327OH/u439shvAv9lH895iyIYyLxfz9cRgKKgW, 19185939281, 1, http://localhost:8080/uploads/avatars/avatar_1_1782735664998.png, 2026-06-21 20:09:20
<==        Row: 7, espresso_queen, $2a$10$N.zmdr9k7uOCQb376NoUnuTJ8iAt6Z5EHsM8lE9lBOsl7iKTVKIUi, 13800000004, 1, null, 2026-06-23 06:40:41
<==        Row: 11, cold_brew_king, $2a$10$N.zmdr9k7uOCQb376NoUnuTJ8iAt6Z5EHsM8lE9lBOsl7iKTVKIUi, 13800000008, 1, null, 2026-06-23 06:40:41
<==        Row: 12, coffee_snob, $2a$10$N.zmdr9k7uOCQb376NoUnuTJ8iAt6Z5EHsM8lE9lBOsl7iKTVKIUi, 13800000009, 1, null, 2026-06-23 06:40:41
<==        Row: 13, matcha_latte, $2a$10$N.zmdr9k7uOCQb376NoUnuTJ8iAt6Z5EHsM8lE9lBOsl7iKTVKIUi, 13800000010, 1, null, 2026-06-23 06:40:41
<==        Row: 14, cafe_hunter, $2a$10$N.zmdr9k7uOCQb376NoUnuTJ8iAt6Z5EHsM8lE9lBOsl7iKTVKIUi, 13800000011, 1, null, 2026-06-23 06:40:41
<==        Row: 17, single_origin, $2a$10$N.zmdr9k7uOCQb376NoUnuTJ8iAt6Z5EHsM8lE9lBOsl7iKTVKIUi, 13800000014, 1, null, 2026-06-23 06:40:41
<==        Row: 18, flat_white_love, $2a$10$N.zmdr9k7uOCQb376NoUnuTJ8iAt6Z5EHsM8lE9lBOsl7iKTVKIUi, 13800000015, 1, null, 2026-06-23 06:40:41
<==        Row: 19, coffee_daily, $2a$10$N.zmdr9k7uOCQb376NoUnuTJ8iAt6Z5EHsM8lE9lBOsl7iKTVKIUi, 13800000016, 1, null, 2026-06-23 06:40:41
<==        Row: 20, bean_hunter, $2a$10$N.zmdr9k7uOCQb376NoUnuTJ8iAt6Z5EHsM8lE9lBOsl7iKTVKIUi, 13800000017, 1, null, 2026-06-23 06:40:41
<==        Row: 22, ristretto_lover, $2a$10$N.zmdr9k7uOCQb376NoUnuTJ8iAt6Z5EHsM8lE9lBOsl7iKTVKIUi, 13800000019, 1, null, 2026-06-23 06:40:41
<==        Row: 23, coffee_taster, $2a$10$N.zmdr9k7uOCQb376NoUnuTJ8iAt6Z5EHsM8lE9lBOsl7iKTVKIUi, 13800000020, 1, null, 2026-06-23 06:40:41
<==      Total: 12
Closing non transactional SqlSession [org.apache.ibatis.session.defaults.DefaultSqlSession@2643c195]
Creating a new SqlSession
SqlSession [org.apache.ibatis.session.defaults.DefaultSqlSession@7f17cabd] was not registered for synchronization because synchronization is not active
JDBC Connection [HikariProxyConnection@1869484399 wrapping com.mysql.cj.jdbc.ConnectionImpl@4498a362] will not be managed by Spring
==>  Preparing: SELECT id,username,password,phone,status,avatar,create_time FROM sys_user WHERE id IN ( ? )
==> Parameters: 24(Long)
<==    Columns: id, username, password, phone, status, avatar, create_time
<==        Row: 24, lll, $2a$10$sbWgOWeCZV5MW4u88F8CMuxgJ.Phw6clars6Z.Ch1f9wtSKQBwc5O, 19185999881, 1, /uploads/avatars/avatar_24_1782727101006.png, 2026-06-27 21:53:05
<==      Total: 1
Closing non transactional SqlSession [org.apache.ibatis.session.defaults.DefaultSqlSession@7f17cabd]
Creating a new SqlSession
SqlSession [org.apache.ibatis.session.defaults.DefaultSqlSession@5220f39f] was not registered for synchronization because synchronization is not active
JDBC Connection [HikariProxyConnection@1792528167 wrapping com.mysql.cj.jdbc.ConnectionImpl@4498a362] will not be managed by Spring
==>  Preparing: SELECT id,username,password,phone,status,avatar,create_time FROM sys_user WHERE id IN ( ? , ? )
==> Parameters: 24(Long), 21(Long)
<==    Columns: id, username, password, phone, status, avatar, create_time
<==        Row: 21, macchiato_fan, $2a$10$N.zmdr9k7uOCQb376NoUnuTJ8iAt6Z5EHsM8lE9lBOsl7iKTVKIUi, 13800000018, 1, null, 2026-06-23 06:40:41
<==        Row: 24, lll, $2a$10$sbWgOWeCZV5MW4u88F8CMuxgJ.Phw6clars6Z.Ch1f9wtSKQBwc5O, 19185999881, 1, /uploads/avatars/avatar_24_1782727101006.png, 2026-06-27 21:53:05
<==      Total: 2
Closing non transactional SqlSession [org.apache.ibatis.session.defaults.DefaultSqlSession@5220f39f]
Creating a new SqlSession
SqlSession [org.apache.ibatis.session.defaults.DefaultSqlSession@5b6f50f0] was not registered for synchronization because synchronization is not active
JDBC Connection [HikariProxyConnection@1018648293 wrapping com.mysql.cj.jdbc.ConnectionImpl@4498a362] will not be managed by Spring
==>  Preparing: SELECT id,username,password,phone,status,avatar,create_time FROM sys_user WHERE id IN ( ? , ? )
==> Parameters: 24(Long), 21(Long)
<==    Columns: id, username, password, phone, status, avatar, create_time
<==        Row: 21, macchiato_fan, $2a$10$N.zmdr9k7uOCQb376NoUnuTJ8iAt6Z5EHsM8lE9lBOsl7iKTVKIUi, 13800000018, 1, null, 2026-06-23 06:40:41
<==        Row: 24, lll, $2a$10$sbWgOWeCZV5MW4u88F8CMuxgJ.Phw6clars6Z.Ch1f9wtSKQBwc5O, 19185999881, 1, /uploads/avatars/avatar_24_1782727101006.png, 2026-06-27 21:53:05
<==      Total: 2
Closing non transactional SqlSession [org.apache.ibatis.session.defaults.DefaultSqlSession@5b6f50f0]
Creating a new SqlSession
SqlSession [org.apache.ibatis.session.defaults.DefaultSqlSession@245d0d6e] was not registered for synchronization because synchronization is not active
JDBC Connection [HikariProxyConnection@489581340 wrapping com.mysql.cj.jdbc.ConnectionImpl@4498a362] will not be managed by Spring
==>  Preparing: SELECT id,username,password,phone,status,avatar,create_time FROM sys_user WHERE id IN ( ? , ? , ? , ? , ? , ? , ? , ? , ? , ? , ? , ? )
==> Parameters: 1(Long), 17(Long), 18(Long), 19(Long), 20(Long), 22(Long), 7(Long), 23(Long), 11(Long), 12(Long), 13(Long), 14(Long)
<==    Columns: id, username, password, phone, status, avatar, create_time
<==        Row: 1, lx, $2a$10$DY8p4Q7r/lnC2ax327OH/u439shvAv9lH895iyIYyLxfz9cRgKKgW, 19185939281, 1, http://localhost:8080/uploads/avatars/avatar_1_1782735664998.png, 2026-06-21 20:09:20
<==        Row: 7, espresso_queen, $2a$10$N.zmdr9k7uOCQb376NoUnuTJ8iAt6Z5EHsM8lE9lBOsl7iKTVKIUi, 13800000004, 1, null, 2026-06-23 06:40:41
<==        Row: 11, cold_brew_king, $2a$10$N.zmdr9k7uOCQb376NoUnuTJ8iAt6Z5EHsM8lE9lBOsl7iKTVKIUi, 13800000008, 1, null, 2026-06-23 06:40:41
<==        Row: 12, coffee_snob, $2a$10$N.zmdr9k7uOCQb376NoUnuTJ8iAt6Z5EHsM8lE9lBOsl7iKTVKIUi, 13800000009, 1, null, 2026-06-23 06:40:41
<==        Row: 13, matcha_latte, $2a$10$N.zmdr9k7uOCQb376NoUnuTJ8iAt6Z5EHsM8lE9lBOsl7iKTVKIUi, 13800000010, 1, null, 2026-06-23 06:40:41
<==        Row: 14, cafe_hunter, $2a$10$N.zmdr9k7uOCQb376NoUnuTJ8iAt6Z5EHsM8lE9lBOsl7iKTVKIUi, 13800000011, 1, null, 2026-06-23 06:40:41
<==        Row: 17, single_origin, $2a$10$N.zmdr9k7uOCQb376NoUnuTJ8iAt6Z5EHsM8lE9lBOsl7iKTVKIUi, 13800000014, 1, null, 2026-06-23 06:40:41
<==        Row: 18, flat_white_love, $2a$10$N.zmdr9k7uOCQb376NoUnuTJ8iAt6Z5EHsM8lE9lBOsl7iKTVKIUi, 13800000015, 1, null, 2026-06-23 06:40:41
<==        Row: 19, coffee_daily, $2a$10$N.zmdr9k7uOCQb376NoUnuTJ8iAt6Z5EHsM8lE9lBOsl7iKTVKIUi, 13800000016, 1, null, 2026-06-23 06:40:41
<==        Row: 20, bean_hunter, $2a$10$N.zmdr9k7uOCQb376NoUnuTJ8iAt6Z5EHsM8lE9lBOsl7iKTVKIUi, 13800000017, 1, null, 2026-06-23 06:40:41
<==        Row: 22, ristretto_lover, $2a$10$N.zmdr9k7uOCQb376NoUnuTJ8iAt6Z5EHsM8lE9lBOsl7iKTVKIUi, 13800000019, 1, null, 2026-06-23 06:40:41
<==        Row: 23, coffee_taster, $2a$10$N.zmdr9k7uOCQb376NoUnuTJ8iAt6Z5EHsM8lE9lBOsl7iKTVKIUi, 13800000020, 1, null, 2026-06-23 06:40:41
<==      Total: 12
Closing non transactional SqlSession [org.apache.ibatis.session.defaults.DefaultSqlSession@245d0d6e]
Creating a new SqlSession
SqlSession [org.apache.ibatis.session.defaults.DefaultSqlSession@7137f7da] was not registered for synchronization because synchronization is not active
JDBC Connection [HikariProxyConnection@1045215431 wrapping com.mysql.cj.jdbc.ConnectionImpl@4498a362] will not be managed by Spring
==>  Preparing: SELECT id,username,password,phone,status,avatar,create_time FROM sys_user WHERE id IN ( ? , ? , ? , ? , ? , ? , ? , ? , ? )
==> Parameters: 16(Long), 1(Long), 17(Long), 18(Long), 19(Long), 20(Long), 21(Long), 22(Long), 23(Long)
<==    Columns: id, username, password, phone, status, avatar, create_time
<==        Row: 1, lx, $2a$10$DY8p4Q7r/lnC2ax327OH/u439shvAv9lH895iyIYyLxfz9cRgKKgW, 19185939281, 1, http://localhost:8080/uploads/avatars/avatar_1_1782735664998.png, 2026-06-21 20:09:20
<==        Row: 16, cappuccino_boy, $2a$10$N.zmdr9k7uOCQb376NoUnuTJ8iAt6Z5EHsM8lE9lBOsl7iKTVKIUi, 13800000013, 1, null, 2026-06-23 06:40:41
<==        Row: 17, single_origin, $2a$10$N.zmdr9k7uOCQb376NoUnuTJ8iAt6Z5EHsM8lE9lBOsl7iKTVKIUi, 13800000014, 1, null, 2026-06-23 06:40:41
<==        Row: 18, flat_white_love, $2a$10$N.zmdr9k7uOCQb376NoUnuTJ8iAt6Z5EHsM8lE9lBOsl7iKTVKIUi, 13800000015, 1, null, 2026-06-23 06:40:41
<==        Row: 19, coffee_daily, $2a$10$N.zmdr9k7uOCQb376NoUnuTJ8iAt6Z5EHsM8lE9lBOsl7iKTVKIUi, 13800000016, 1, null, 2026-06-23 06:40:41
<==        Row: 20, bean_hunter, $2a$10$N.zmdr9k7uOCQb376NoUnuTJ8iAt6Z5EHsM8lE9lBOsl7iKTVKIUi, 13800000017, 1, null, 2026-06-23 06:40:41
<==        Row: 21, macchiato_fan, $2a$10$N.zmdr9k7uOCQb376NoUnuTJ8iAt6Z5EHsM8lE9lBOsl7iKTVKIUi, 13800000018, 1, null, 2026-06-23 06:40:41
<==        Row: 22, ristretto_lover, $2a$10$N.zmdr9k7uOCQb376NoUnuTJ8iAt6Z5EHsM8lE9lBOsl7iKTVKIUi, 13800000019, 1, null, 2026-06-23 06:40:41
<==        Row: 23, coffee_taster, $2a$10$N.zmdr9k7uOCQb376NoUnuTJ8iAt6Z5EHsM8lE9lBOsl7iKTVKIUi, 13800000020, 1, null, 2026-06-23 06:40:41
<==      Total: 9
Closing non transactional SqlSession [org.apache.ibatis.session.defaults.DefaultSqlSession@7137f7da]
Creating a new SqlSession
SqlSession [org.apache.ibatis.session.defaults.DefaultSqlSession@1d60f72c] was not registered for synchronization because synchronization is not active
JDBC Connection [HikariProxyConnection@1208566548 wrapping com.mysql.cj.jdbc.ConnectionImpl@4498a362] will not be managed by Spring
==>  Preparing: SELECT id,username,password,phone,status,avatar,create_time FROM sys_user WHERE id IN ( ? )
==> Parameters: 5(Long)
<==    Columns: id, username, password, phone, status, avatar, create_time
<==        Row: 5, barista_wang, $2a$10$N.zmdr9k7uOCQb376NoUnuTJ8iAt6Z5EHsM8lE9lBOsl7iKTVKIUi, 13800000002, 1, null, 2026-06-23 06:40:41
<==      Total: 1
Closing non transactional SqlSession [org.apache.ibatis.session.defaults.DefaultSqlSession@1d60f72c]
Creating a new SqlSession
SqlSession [org.apache.ibatis.session.defaults.DefaultSqlSession@250f148c] was not registered for synchronization because synchronization is not active
JDBC Connection [HikariProxyConnection@1887025493 wrapping com.mysql.cj.jdbc.ConnectionImpl@4498a362] will not be managed by Spring
==>  Preparing: SELECT id,username,password,phone,status,avatar,create_time FROM sys_user WHERE id IN ( ? , ? )
==> Parameters: 24(Long), 21(Long)
<==    Columns: id, username, password, phone, status, avatar, create_time
<==        Row: 21, macchiato_fan, $2a$10$N.zmdr9k7uOCQb376NoUnuTJ8iAt6Z5EHsM8lE9lBOsl7iKTVKIUi, 13800000018, 1, null, 2026-06-23 06:40:41
<==        Row: 24, lll, $2a$10$sbWgOWeCZV5MW4u88F8CMuxgJ.Phw6clars6Z.Ch1f9wtSKQBwc5O, 19185999881, 1, /uploads/avatars/avatar_24_1782727101006.png, 2026-06-27 21:53:05
<==      Total: 2
Closing non transactional SqlSession [org.apache.ibatis.session.defaults.DefaultSqlSession@250f148c]
Creating a new SqlSession
SqlSession [org.apache.ibatis.session.defaults.DefaultSqlSession@12d5af73] was not registered for synchronization because synchronization is not active
JDBC Connection [HikariProxyConnection@1286615362 wrapping com.mysql.cj.jdbc.ConnectionImpl@4498a362] will not be managed by Spring
==>  Preparing: SELECT id,username,password,phone,status,avatar,create_time FROM sys_user WHERE id IN ( ? , ? )
==> Parameters: 24(Long), 21(Long)
<==    Columns: id, username, password, phone, status, avatar, create_time
<==        Row: 21, macchiato_fan, $2a$10$N.zmdr9k7uOCQb376NoUnuTJ8iAt6Z5EHsM8lE9lBOsl7iKTVKIUi, 13800000018, 1, null, 2026-06-23 06:40:41
<==        Row: 24, lll, $2a$10$sbWgOWeCZV5MW4u88F8CMuxgJ.Phw6clars6Z.Ch1f9wtSKQBwc5O, 19185999881, 1, /uploads/avatars/avatar_24_1782727101006.png, 2026-06-27 21:53:05
<==      Total: 2
Closing non transactional SqlSession [org.apache.ibatis.session.defaults.DefaultSqlSession@12d5af73]
Creating a new SqlSession
SqlSession [org.apache.ibatis.session.defaults.DefaultSqlSession@71959965] was not registered for synchronization because synchronization is not active
JDBC Connection [HikariProxyConnection@1800849900 wrapping com.mysql.cj.jdbc.ConnectionImpl@4498a362] will not be managed by Spring
==>  Preparing: SELECT id,username,password,phone,status,avatar,create_time FROM sys_user WHERE id IN ( ? , ? )
==> Parameters: 24(Long), 21(Long)
<==    Columns: id, username, password, phone, status, avatar, create_time
<==        Row: 21, macchiato_fan, $2a$10$N.zmdr9k7uOCQb376NoUnuTJ8iAt6Z5EHsM8lE9lBOsl7iKTVKIUi, 13800000018, 1, null, 2026-06-23 06:40:41
<==        Row: 24, lll, $2a$10$sbWgOWeCZV5MW4u88F8CMuxgJ.Phw6clars6Z.Ch1f9wtSKQBwc5O, 19185999881, 1, /uploads/avatars/avatar_24_1782727101006.png, 2026-06-27 21:53:05
<==      Total: 2
Closing non transactional SqlSession [org.apache.ibatis.session.defaults.DefaultSqlSession@71959965]
Creating a new SqlSession
SqlSession [org.apache.ibatis.session.defaults.DefaultSqlSession@1d201569] was not registered for synchronization because synchronization is not active
JDBC Connection [HikariProxyConnection@573677449 wrapping com.mysql.cj.jdbc.ConnectionImpl@4498a362] will not be managed by Spring
==>  Preparing: SELECT id,username,password,phone,status,avatar,create_time FROM sys_user WHERE id IN ( ? , ? , ? , ? , ? , ? , ? , ? , ? , ? , ? , ? )
==> Parameters: 1(Long), 17(Long), 18(Long), 19(Long), 20(Long), 22(Long), 23(Long), 7(Long), 11(Long), 12(Long), 13(Long), 14(Long)
<==    Columns: id, username, password, phone, status, avatar, create_time
<==        Row: 1, lx, $2a$10$DY8p4Q7r/lnC2ax327OH/u439shvAv9lH895iyIYyLxfz9cRgKKgW, 19185939281, 1, http://localhost:8080/uploads/avatars/avatar_1_1782735664998.png, 2026-06-21 20:09:20
<==        Row: 7, espresso_queen, $2a$10$N.zmdr9k7uOCQb376NoUnuTJ8iAt6Z5EHsM8lE9lBOsl7iKTVKIUi, 13800000004, 1, null, 2026-06-23 06:40:41
<==        Row: 11, cold_brew_king, $2a$10$N.zmdr9k7uOCQb376NoUnuTJ8iAt6Z5EHsM8lE9lBOsl7iKTVKIUi, 13800000008, 1, null, 2026-06-23 06:40:41
<==        Row: 12, coffee_snob, $2a$10$N.zmdr9k7uOCQb376NoUnuTJ8iAt6Z5EHsM8lE9lBOsl7iKTVKIUi, 13800000009, 1, null, 2026-06-23 06:40:41
<==        Row: 13, matcha_latte, $2a$10$N.zmdr9k7uOCQb376NoUnuTJ8iAt6Z5EHsM8lE9lBOsl7iKTVKIUi, 13800000010, 1, null, 2026-06-23 06:40:41
<==        Row: 14, cafe_hunter, $2a$10$N.zmdr9k7uOCQb376NoUnuTJ8iAt6Z5EHsM8lE9lBOsl7iKTVKIUi, 13800000011, 1, null, 2026-06-23 06:40:41
<==        Row: 17, single_origin, $2a$10$N.zmdr9k7uOCQb376NoUnuTJ8iAt6Z5EHsM8lE9lBOsl7iKTVKIUi, 13800000014, 1, null, 2026-06-23 06:40:41
<==        Row: 18, flat_white_love, $2a$10$N.zmdr9k7uOCQb376NoUnuTJ8iAt6Z5EHsM8lE9lBOsl7iKTVKIUi, 13800000015, 1, null, 2026-06-23 06:40:41
<==        Row: 19, coffee_daily, $2a$10$N.zmdr9k7uOCQb376NoUnuTJ8iAt6Z5EHsM8lE9lBOsl7iKTVKIUi, 13800000016, 1, null, 2026-06-23 06:40:41
<==        Row: 20, bean_hunter, $2a$10$N.zmdr9k7uOCQb376NoUnuTJ8iAt6Z5EHsM8lE9lBOsl7iKTVKIUi, 13800000017, 1, null, 2026-06-23 06:40:41
<==        Row: 22, ristretto_lover, $2a$10$N.zmdr9k7uOCQb376NoUnuTJ8iAt6Z5EHsM8lE9lBOsl7iKTVKIUi, 13800000019, 1, null, 2026-06-23 06:40:41
<==        Row: 23, coffee_taster, $2a$10$N.zmdr9k7uOCQb376NoUnuTJ8iAt6Z5EHsM8lE9lBOsl7iKTVKIUi, 13800000020, 1, null, 2026-06-23 06:40:41
<==      Total: 12
Closing non transactional SqlSession [org.apache.ibatis.session.defaults.DefaultSqlSession@1d201569]
Creating a new SqlSession
SqlSession [org.apache.ibatis.session.defaults.DefaultSqlSession@9cf851] was not registered for synchronization because synchronization is not active
JDBC Connection [HikariProxyConnection@1575630778 wrapping com.mysql.cj.jdbc.ConnectionImpl@4498a362] will not be managed by Spring
==>  Preparing: SELECT id,username,password,phone,status,avatar,create_time FROM sys_user WHERE id IN ( ? , ? , ? , ? , ? , ? , ? , ? , ? , ? , ? , ? )
==> Parameters: 1(Long), 17(Long), 18(Long), 19(Long), 20(Long), 22(Long), 23(Long), 7(Long), 11(Long), 12(Long), 13(Long), 14(Long)
<==    Columns: id, username, password, phone, status, avatar, create_time
<==        Row: 1, lx, $2a$10$DY8p4Q7r/lnC2ax327OH/u439shvAv9lH895iyIYyLxfz9cRgKKgW, 19185939281, 1, http://localhost:8080/uploads/avatars/avatar_1_1782735664998.png, 2026-06-21 20:09:20
<==        Row: 7, espresso_queen, $2a$10$N.zmdr9k7uOCQb376NoUnuTJ8iAt6Z5EHsM8lE9lBOsl7iKTVKIUi, 13800000004, 1, null, 2026-06-23 06:40:41
<==        Row: 11, cold_brew_king, $2a$10$N.zmdr9k7uOCQb376NoUnuTJ8iAt6Z5EHsM8lE9lBOsl7iKTVKIUi, 13800000008, 1, null, 2026-06-23 06:40:41
<==        Row: 12, coffee_snob, $2a$10$N.zmdr9k7uOCQb376NoUnuTJ8iAt6Z5EHsM8lE9lBOsl7iKTVKIUi, 13800000009, 1, null, 2026-06-23 06:40:41
<==        Row: 13, matcha_latte, $2a$10$N.zmdr9k7uOCQb376NoUnuTJ8iAt6Z5EHsM8lE9lBOsl7iKTVKIUi, 13800000010, 1, null, 2026-06-23 06:40:41
<==        Row: 14, cafe_hunter, $2a$10$N.zmdr9k7uOCQb376NoUnuTJ8iAt6Z5EHsM8lE9lBOsl7iKTVKIUi, 13800000011, 1, null, 2026-06-23 06:40:41
<==        Row: 17, single_origin, $2a$10$N.zmdr9k7uOCQb376NoUnuTJ8iAt6Z5EHsM8lE9lBOsl7iKTVKIUi, 13800000014, 1, null, 2026-06-23 06:40:41
<==        Row: 18, flat_white_love, $2a$10$N.zmdr9k7uOCQb376NoUnuTJ8iAt6Z5EHsM8lE9lBOsl7iKTVKIUi, 13800000015, 1, null, 2026-06-23 06:40:41
<==        Row: 19, coffee_daily, $2a$10$N.zmdr9k7uOCQb376NoUnuTJ8iAt6Z5EHsM8lE9lBOsl7iKTVKIUi, 13800000016, 1, null, 2026-06-23 06:40:41
<==        Row: 20, bean_hunter, $2a$10$N.zmdr9k7uOCQb376NoUnuTJ8iAt6Z5EHsM8lE9lBOsl7iKTVKIUi, 13800000017, 1, null, 2026-06-23 06:40:41
<==        Row: 22, ristretto_lover, $2a$10$N.zmdr9k7uOCQb376NoUnuTJ8iAt6Z5EHsM8lE9lBOsl7iKTVKIUi, 13800000019, 1, null, 2026-06-23 06:40:41
<==        Row: 23, coffee_taster, $2a$10$N.zmdr9k7uOCQb376NoUnuTJ8iAt6Z5EHsM8lE9lBOsl7iKTVKIUi, 13800000020, 1, null, 2026-06-23 06:40:41
<==      Total: 12
Closing non transactional SqlSession [org.apache.ibatis.session.defaults.DefaultSqlSession@9cf851]
Creating a new SqlSession
SqlSession [org.apache.ibatis.session.defaults.DefaultSqlSession@4ed3ecb0] was not registered for synchronization because synchronization is not active
JDBC Connection [HikariProxyConnection@1405428574 wrapping com.mysql.cj.jdbc.ConnectionImpl@4498a362] will not be managed by Spring
==>  Preparing: SELECT id,username,password,phone,status,avatar,create_time FROM sys_user WHERE id IN ( ? , ? , ? , ? , ? , ? , ? , ? , ? )
==> Parameters: 16(Long), 1(Long), 17(Long), 18(Long), 19(Long), 20(Long), 21(Long), 22(Long), 23(Long)
<==    Columns: id, username, password, phone, status, avatar, create_time
<==        Row: 1, lx, $2a$10$DY8p4Q7r/lnC2ax327OH/u439shvAv9lH895iyIYyLxfz9cRgKKgW, 19185939281, 1, http://localhost:8080/uploads/avatars/avatar_1_1782735664998.png, 2026-06-21 20:09:20
<==        Row: 16, cappuccino_boy, $2a$10$N.zmdr9k7uOCQb376NoUnuTJ8iAt6Z5EHsM8lE9lBOsl7iKTVKIUi, 13800000013, 1, null, 2026-06-23 06:40:41
<==        Row: 17, single_origin, $2a$10$N.zmdr9k7uOCQb376NoUnuTJ8iAt6Z5EHsM8lE9lBOsl7iKTVKIUi, 13800000014, 1, null, 2026-06-23 06:40:41
<==        Row: 18, flat_white_love, $2a$10$N.zmdr9k7uOCQb376NoUnuTJ8iAt6Z5EHsM8lE9lBOsl7iKTVKIUi, 13800000015, 1, null, 2026-06-23 06:40:41
<==        Row: 19, coffee_daily, $2a$10$N.zmdr9k7uOCQb376NoUnuTJ8iAt6Z5EHsM8lE9lBOsl7iKTVKIUi, 13800000016, 1, null, 2026-06-23 06:40:41
<==        Row: 20, bean_hunter, $2a$10$N.zmdr9k7uOCQb376NoUnuTJ8iAt6Z5EHsM8lE9lBOsl7iKTVKIUi, 13800000017, 1, null, 2026-06-23 06:40:41
<==        Row: 21, macchiato_fan, $2a$10$N.zmdr9k7uOCQb376NoUnuTJ8iAt6Z5EHsM8lE9lBOsl7iKTVKIUi, 13800000018, 1, null, 2026-06-23 06:40:41
<==        Row: 22, ristretto_lover, $2a$10$N.zmdr9k7uOCQb376NoUnuTJ8iAt6Z5EHsM8lE9lBOsl7iKTVKIUi, 13800000019, 1, null, 2026-06-23 06:40:41
<==        Row: 23, coffee_taster, $2a$10$N.zmdr9k7uOCQb376NoUnuTJ8iAt6Z5EHsM8lE9lBOsl7iKTVKIUi, 13800000020, 1, null, 2026-06-23 06:40:41
<==      Total: 9
Closing non transactional SqlSession [org.apache.ibatis.session.defaults.DefaultSqlSession@4ed3ecb0]
Creating a new SqlSession
SqlSession [org.apache.ibatis.session.defaults.DefaultSqlSession@5a627ba4] was not registered for synchronization because synchronization is not active
JDBC Connection [HikariProxyConnection@1755134403 wrapping com.mysql.cj.jdbc.ConnectionImpl@4498a362] will not be managed by Spring
==>  Preparing: SELECT id,username,password,phone,status,avatar,create_time FROM sys_user WHERE id IN ( ? )
==> Parameters: 5(Long)
<==    Columns: id, username, password, phone, status, avatar, create_time
<==        Row: 5, barista_wang, $2a$10$N.zmdr9k7uOCQb376NoUnuTJ8iAt6Z5EHsM8lE9lBOsl7iKTVKIUi, 13800000002, 1, null, 2026-06-23 06:40:41
<==      Total: 1
Closing non transactional SqlSession [org.apache.ibatis.session.defaults.DefaultSqlSession@5a627ba4]
Creating a new SqlSession
SqlSession [org.apache.ibatis.session.defaults.DefaultSqlSession@6d2c6da7] was not registered for synchronization because synchronization is not active
JDBC Connection [HikariProxyConnection@808427478 wrapping com.mysql.cj.jdbc.ConnectionImpl@4498a362] will not be managed by Spring
==>  Preparing: SELECT id,username,password,phone,status,avatar,create_time FROM sys_user WHERE id IN ( ? , ? , ? , ? , ? , ? , ? , ? , ? , ? , ? , ? )
==> Parameters: 1(Long), 17(Long), 18(Long), 19(Long), 20(Long), 22(Long), 23(Long), 7(Long), 11(Long), 12(Long), 13(Long), 14(Long)
<==    Columns: id, username, password, phone, status, avatar, create_time
<==        Row: 1, lx, $2a$10$DY8p4Q7r/lnC2ax327OH/u439shvAv9lH895iyIYyLxfz9cRgKKgW, 19185939281, 1, http://localhost:8080/uploads/avatars/avatar_1_1782735664998.png, 2026-06-21 20:09:20
<==        Row: 7, espresso_queen, $2a$10$N.zmdr9k7uOCQb376NoUnuTJ8iAt6Z5EHsM8lE9lBOsl7iKTVKIUi, 13800000004, 1, null, 2026-06-23 06:40:41
<==        Row: 11, cold_brew_king, $2a$10$N.zmdr9k7uOCQb376NoUnuTJ8iAt6Z5EHsM8lE9lBOsl7iKTVKIUi, 13800000008, 1, null, 2026-06-23 06:40:41
<==        Row: 12, coffee_snob, $2a$10$N.zmdr9k7uOCQb376NoUnuTJ8iAt6Z5EHsM8lE9lBOsl7iKTVKIUi, 13800000009, 1, null, 2026-06-23 06:40:41
<==        Row: 13, matcha_latte, $2a$10$N.zmdr9k7uOCQb376NoUnuTJ8iAt6Z5EHsM8lE9lBOsl7iKTVKIUi, 13800000010, 1, null, 2026-06-23 06:40:41
<==        Row: 14, cafe_hunter, $2a$10$N.zmdr9k7uOCQb376NoUnuTJ8iAt6Z5EHsM8lE9lBOsl7iKTVKIUi, 13800000011, 1, null, 2026-06-23 06:40:41
<==        Row: 17, single_origin, $2a$10$N.zmdr9k7uOCQb376NoUnuTJ8iAt6Z5EHsM8lE9lBOsl7iKTVKIUi, 13800000014, 1, null, 2026-06-23 06:40:41
<==        Row: 18, flat_white_love, $2a$10$N.zmdr9k7uOCQb376NoUnuTJ8iAt6Z5EHsM8lE9lBOsl7iKTVKIUi, 13800000015, 1, null, 2026-06-23 06:40:41
<==        Row: 19, coffee_daily, $2a$10$N.zmdr9k7uOCQb376NoUnuTJ8iAt6Z5EHsM8lE9lBOsl7iKTVKIUi, 13800000016, 1, null, 2026-06-23 06:40:41
<==        Row: 20, bean_hunter, $2a$10$N.zmdr9k7uOCQb376NoUnuTJ8iAt6Z5EHsM8lE9lBOsl7iKTVKIUi, 13800000017, 1, null, 2026-06-23 06:40:41
<==        Row: 22, ristretto_lover, $2a$10$N.zmdr9k7uOCQb376NoUnuTJ8iAt6Z5EHsM8lE9lBOsl7iKTVKIUi, 13800000019, 1, null, 2026-06-23 06:40:41
<==        Row: 23, coffee_taster, $2a$10$N.zmdr9k7uOCQb376NoUnuTJ8iAt6Z5EHsM8lE9lBOsl7iKTVKIUi, 13800000020, 1, null, 2026-06-23 06:40:41
<==      Total: 12
Closing non transactional SqlSession [org.apache.ibatis.session.defaults.DefaultSqlSession@6d2c6da7]
Creating a new SqlSession
SqlSession [org.apache.ibatis.session.defaults.DefaultSqlSession@18884f5b] was not registered for synchronization because synchronization is not active
JDBC Connection [HikariProxyConnection@1416763225 wrapping com.mysql.cj.jdbc.ConnectionImpl@4498a362] will not be managed by Spring
==>  Preparing: SELECT id,username,password,phone,status,avatar,create_time FROM sys_user WHERE id=?
==> Parameters: 1(Long)
<==    Columns: id, username, password, phone, status, avatar, create_time
<==        Row: 1, lx, $2a$10$DY8p4Q7r/lnC2ax327OH/u439shvAv9lH895iyIYyLxfz9cRgKKgW, 19185939281, 1, http://localhost:8080/uploads/avatars/avatar_1_1782735664998.png, 2026-06-21 20:09:20
<==      Total: 1
Closing non transactional SqlSession [org.apache.ibatis.session.defaults.DefaultSqlSession@18884f5b]
Creating a new SqlSession
SqlSession [org.apache.ibatis.session.defaults.DefaultSqlSession@259cb719] was not registered for synchronization because synchronization is not active
JDBC Connection [HikariProxyConnection@1809517911 wrapping com.mysql.cj.jdbc.ConnectionImpl@4498a362] will not be managed by Spring
==>  Preparing: SELECT id,username,password,phone,status,avatar,create_time FROM sys_user WHERE id IN ( ? )
==> Parameters: 1(Long)
<==    Columns: id, username, password, phone, status, avatar, create_time
<==        Row: 1, lx, $2a$10$DY8p4Q7r/lnC2ax327OH/u439shvAv9lH895iyIYyLxfz9cRgKKgW, 19185939281, 1, http://localhost:8080/uploads/avatars/avatar_1_1782735664998.png, 2026-06-21 20:09:20
<==      Total: 1
Closing non transactional SqlSession [org.apache.ibatis.session.defaults.DefaultSqlSession@259cb719]
Creating a new SqlSession
SqlSession [org.apache.ibatis.session.defaults.DefaultSqlSession@59addbd8] was not registered for synchronization because synchronization is not active
JDBC Connection [HikariProxyConnection@2019883213 wrapping com.mysql.cj.jdbc.ConnectionImpl@4498a362] will not be managed by Spring
==>  Preparing: SELECT id,username,password,phone,status,avatar,create_time FROM sys_user WHERE id=?
==> Parameters: 1(Long)
<==    Columns: id, username, password, phone, status, avatar, create_time
<==        Row: 1, lx, $2a$10$DY8p4Q7r/lnC2ax327OH/u439shvAv9lH895iyIYyLxfz9cRgKKgW, 19185939281, 1, http://localhost:8080/uploads/avatars/avatar_1_1782735664998.png, 2026-06-21 20:09:20
<==      Total: 1
Closing non transactional SqlSession [org.apache.ibatis.session.defaults.DefaultSqlSession@59addbd8]
Creating a new SqlSession
SqlSession [org.apache.ibatis.session.defaults.DefaultSqlSession@5e92062d] was not registered for synchronization because synchronization is not active
JDBC Connection [HikariProxyConnection@967521246 wrapping com.mysql.cj.jdbc.ConnectionImpl@4498a362] will not be managed by Spring
==>  Preparing: SELECT id,username,password,phone,status,avatar,create_time FROM sys_user WHERE id IN ( ? )
==> Parameters: 1(Long)
<==    Columns: id, username, password, phone, status, avatar, create_time
<==        Row: 1, lx, $2a$10$DY8p4Q7r/lnC2ax327OH/u439shvAv9lH895iyIYyLxfz9cRgKKgW, 19185939281, 1, http://localhost:8080/uploads/avatars/avatar_1_1782735664998.png, 2026-06-21 20:09:20
<==      Total: 1
Closing non transactional SqlSession [org.apache.ibatis.session.defaults.DefaultSqlSession@5e92062d]
Creating a new SqlSession
SqlSession [org.apache.ibatis.session.defaults.DefaultSqlSession@cfc5bc8] was not registered for synchronization because synchronization is not active
JDBC Connection [HikariProxyConnection@951273622 wrapping com.mysql.cj.jdbc.ConnectionImpl@4498a362] will not be managed by Spring
==>  Preparing: SELECT id,username,password,phone,status,avatar,create_time FROM sys_user WHERE id=?
==> Parameters: 1(Long)
<==    Columns: id, username, password, phone, status, avatar, create_time
<==        Row: 1, lx, $2a$10$DY8p4Q7r/lnC2ax327OH/u439shvAv9lH895iyIYyLxfz9cRgKKgW, 19185939281, 1, http://localhost:8080/uploads/avatars/avatar_1_1782735664998.png, 2026-06-21 20:09:20
<==      Total: 1
Closing non transactional SqlSession [org.apache.ibatis.session.defaults.DefaultSqlSession@cfc5bc8]
Creating a new SqlSession
SqlSession [org.apache.ibatis.session.defaults.DefaultSqlSession@533e51e0] was not registered for synchronization because synchronization is not active
JDBC Connection [HikariProxyConnection@736293865 wrapping com.mysql.cj.jdbc.ConnectionImpl@4498a362] will not be managed by Spring
==>  Preparing: SELECT id,username,password,phone,status,avatar,create_time FROM sys_user WHERE id IN ( ? )
==> Parameters: 1(Long)
<==    Columns: id, username, password, phone, status, avatar, create_time
<==        Row: 1, lx, $2a$10$DY8p4Q7r/lnC2ax327OH/u439shvAv9lH895iyIYyLxfz9cRgKKgW, 19185939281, 1, http://localhost:8080/uploads/avatars/avatar_1_1782735664998.png, 2026-06-21 20:09:20
<==      Total: 1
Closing non transactional SqlSession [org.apache.ibatis.session.defaults.DefaultSqlSession@533e51e0]
Creating a new SqlSession
SqlSession [org.apache.ibatis.session.defaults.DefaultSqlSession@709296d3] was not registered for synchronization because synchronization is not active
JDBC Connection [HikariProxyConnection@821482407 wrapping com.mysql.cj.jdbc.ConnectionImpl@4498a362] will not be managed by Spring
==>  Preparing: SELECT id,username,password,phone,status,avatar,create_time FROM sys_user WHERE id IN ( ? , ? )
==> Parameters: 24(Long), 21(Long)
<==    Columns: id, username, password, phone, status, avatar, create_time
<==        Row: 21, macchiato_fan, $2a$10$N.zmdr9k7uOCQb376NoUnuTJ8iAt6Z5EHsM8lE9lBOsl7iKTVKIUi, 13800000018, 1, null, 2026-06-23 06:40:41
<==        Row: 24, lll, $2a$10$sbWgOWeCZV5MW4u88F8CMuxgJ.Phw6clars6Z.Ch1f9wtSKQBwc5O, 19185999881, 1, /uploads/avatars/avatar_24_1782727101006.png, 2026-06-27 21:53:05
<==      Total: 2
Closing non transactional SqlSession [org.apache.ibatis.session.defaults.DefaultSqlSession@709296d3]
Creating a new SqlSession
SqlSession [org.apache.ibatis.session.defaults.DefaultSqlSession@109f690c] was not registered for synchronization because synchronization is not active
JDBC Connection [HikariProxyConnection@1360796544 wrapping com.mysql.cj.jdbc.ConnectionImpl@4498a362] will not be managed by Spring
==>  Preparing: SELECT id,username,password,phone,status,avatar,create_time FROM sys_user WHERE id=?
==> Parameters: 1(Long)
<==    Columns: id, username, password, phone, status, avatar, create_time
<==        Row: 1, lx, $2a$10$DY8p4Q7r/lnC2ax327OH/u439shvAv9lH895iyIYyLxfz9cRgKKgW, 19185939281, 1, http://localhost:8080/uploads/avatars/avatar_1_1782735664998.png, 2026-06-21 20:09:20
<==      Total: 1
Closing non transactional SqlSession [org.apache.ibatis.session.defaults.DefaultSqlSession@109f690c]
Creating a new SqlSession
SqlSession [org.apache.ibatis.session.defaults.DefaultSqlSession@491400c8] was not registered for synchronization because synchronization is not active
JDBC Connection [HikariProxyConnection@2127585577 wrapping com.mysql.cj.jdbc.ConnectionImpl@4498a362] will not be managed by Spring
==>  Preparing: SELECT id,username,password,phone,status,avatar,create_time FROM sys_user WHERE id IN ( ? )
==> Parameters: 1(Long)
<==    Columns: id, username, password, phone, status, avatar, create_time
<==        Row: 1, lx, $2a$10$DY8p4Q7r/lnC2ax327OH/u439shvAv9lH895iyIYyLxfz9cRgKKgW, 19185939281, 1, http://localhost:8080/uploads/avatars/avatar_1_1782735664998.png, 2026-06-21 20:09:20
<==      Total: 1
Closing non transactional SqlSession [org.apache.ibatis.session.defaults.DefaultSqlSession@491400c8]
Creating a new SqlSession
SqlSession [org.apache.ibatis.session.defaults.DefaultSqlSession@6bcd912a] was not registered for synchronization because synchronization is not active
JDBC Connection [HikariProxyConnection@574322860 wrapping com.mysql.cj.jdbc.ConnectionImpl@4498a362] will not be managed by Spring
==>  Preparing: SELECT id,username,password,phone,status,avatar,create_time FROM sys_user WHERE id IN ( ? )
==> Parameters: 24(Long)
<==    Columns: id, username, password, phone, status, avatar, create_time
<==        Row: 24, lll, $2a$10$sbWgOWeCZV5MW4u88F8CMuxgJ.Phw6clars6Z.Ch1f9wtSKQBwc5O, 19185999881, 1, /uploads/avatars/avatar_24_1782727101006.png, 2026-06-27 21:53:05
<==      Total: 1
Closing non transactional SqlSession [org.apache.ibatis.session.defaults.DefaultSqlSession@6bcd912a]
Creating a new SqlSession
SqlSession [org.apache.ibatis.session.defaults.DefaultSqlSession@63cdca1c] was not registered for synchronization because synchronization is not active
JDBC Connection [HikariProxyConnection@126741688 wrapping com.mysql.cj.jdbc.ConnectionImpl@4498a362] will not be managed by Spring
==>  Preparing: SELECT id,username,password,phone,status,avatar,create_time FROM sys_user WHERE id=?
==> Parameters: 1(Long)
<==    Columns: id, username, password, phone, status, avatar, create_time
<==        Row: 1, lx, $2a$10$DY8p4Q7r/lnC2ax327OH/u439shvAv9lH895iyIYyLxfz9cRgKKgW, 19185939281, 1, http://localhost:8080/uploads/avatars/avatar_1_1782735664998.png, 2026-06-21 20:09:20
<==      Total: 1
Closing non transactional SqlSession [org.apache.ibatis.session.defaults.DefaultSqlSession@63cdca1c]
Creating a new SqlSession
SqlSession [org.apache.ibatis.session.defaults.DefaultSqlSession@26be8f80] was not registered for synchronization because synchronization is not active
JDBC Connection [HikariProxyConnection@2002338187 wrapping com.mysql.cj.jdbc.ConnectionImpl@4498a362] will not be managed by Spring
==>  Preparing: SELECT id,username,password,phone,status,avatar,create_time FROM sys_user WHERE id IN ( ? )
==> Parameters: 1(Long)
<==    Columns: id, username, password, phone, status, avatar, create_time
<==        Row: 1, lx, $2a$10$DY8p4Q7r/lnC2ax327OH/u439shvAv9lH895iyIYyLxfz9cRgKKgW, 19185939281, 1, http://localhost:8080/uploads/avatars/avatar_1_1782735664998.png, 2026-06-21 20:09:20
<==      Total: 1
Closing non transactional SqlSession [org.apache.ibatis.session.defaults.DefaultSqlSession@26be8f80]
Creating a new SqlSession
SqlSession [org.apache.ibatis.session.defaults.DefaultSqlSession@31c73b1a] was not registered for synchronization because synchronization is not active
JDBC Connection [HikariProxyConnection@1518068519 wrapping com.mysql.cj.jdbc.ConnectionImpl@4498a362] will not be managed by Spring
==>  Preparing: SELECT id,username,password,phone,status,avatar,create_time FROM sys_user WHERE id IN ( ? , ? , ? , ? , ? , ? , ? , ? , ? , ? , ? , ? )
==> Parameters: 1(Long), 17(Long), 18(Long), 19(Long), 20(Long), 22(Long), 23(Long), 7(Long), 11(Long), 12(Long), 13(Long), 14(Long)
<==    Columns: id, username, password, phone, status, avatar, create_time
<==        Row: 1, lx, $2a$10$DY8p4Q7r/lnC2ax327OH/u439shvAv9lH895iyIYyLxfz9cRgKKgW, 19185939281, 1, http://localhost:8080/uploads/avatars/avatar_1_1782735664998.png, 2026-06-21 20:09:20
<==        Row: 7, espresso_queen, $2a$10$N.zmdr9k7uOCQb376NoUnuTJ8iAt6Z5EHsM8lE9lBOsl7iKTVKIUi, 13800000004, 1, null, 2026-06-23 06:40:41
<==        Row: 11, cold_brew_king, $2a$10$N.zmdr9k7uOCQb376NoUnuTJ8iAt6Z5EHsM8lE9lBOsl7iKTVKIUi, 13800000008, 1, null, 2026-06-23 06:40:41
<==        Row: 12, coffee_snob, $2a$10$N.zmdr9k7uOCQb376NoUnuTJ8iAt6Z5EHsM8lE9lBOsl7iKTVKIUi, 13800000009, 1, null, 2026-06-23 06:40:41
<==        Row: 13, matcha_latte, $2a$10$N.zmdr9k7uOCQb376NoUnuTJ8iAt6Z5EHsM8lE9lBOsl7iKTVKIUi, 13800000010, 1, null, 2026-06-23 06:40:41
<==        Row: 14, cafe_hunter, $2a$10$N.zmdr9k7uOCQb376NoUnuTJ8iAt6Z5EHsM8lE9lBOsl7iKTVKIUi, 13800000011, 1, null, 2026-06-23 06:40:41
<==        Row: 17, single_origin, $2a$10$N.zmdr9k7uOCQb376NoUnuTJ8iAt6Z5EHsM8lE9lBOsl7iKTVKIUi, 13800000014, 1, null, 2026-06-23 06:40:41
<==        Row: 18, flat_white_love, $2a$10$N.zmdr9k7uOCQb376NoUnuTJ8iAt6Z5EHsM8lE9lBOsl7iKTVKIUi, 13800000015, 1, null, 2026-06-23 06:40:41
<==        Row: 19, coffee_daily, $2a$10$N.zmdr9k7uOCQb376NoUnuTJ8iAt6Z5EHsM8lE9lBOsl7iKTVKIUi, 13800000016, 1, null, 2026-06-23 06:40:41
<==        Row: 20, bean_hunter, $2a$10$N.zmdr9k7uOCQb376NoUnuTJ8iAt6Z5EHsM8lE9lBOsl7iKTVKIUi, 13800000017, 1, null, 2026-06-23 06:40:41
<==        Row: 22, ristretto_lover, $2a$10$N.zmdr9k7uOCQb376NoUnuTJ8iAt6Z5EHsM8lE9lBOsl7iKTVKIUi, 13800000019, 1, null, 2026-06-23 06:40:41
<==        Row: 23, coffee_taster, $2a$10$N.zmdr9k7uOCQb376NoUnuTJ8iAt6Z5EHsM8lE9lBOsl7iKTVKIUi, 13800000020, 1, null, 2026-06-23 06:40:41
<==      Total: 12
Closing non transactional SqlSession [org.apache.ibatis.session.defaults.DefaultSqlSession@31c73b1a]
Creating a new SqlSession
SqlSession [org.apache.ibatis.session.defaults.DefaultSqlSession@2d61a233] was not registered for synchronization because synchronization is not active
JDBC Connection [HikariProxyConnection@208750382 wrapping com.mysql.cj.jdbc.ConnectionImpl@4498a362] will not be managed by Spring
==>  Preparing: SELECT id,username,password,phone,status,avatar,create_time FROM sys_user WHERE id IN ( ? )
==> Parameters: 24(Long)
<==    Columns: id, username, password, phone, status, avatar, create_time
<==        Row: 24, lll, $2a$10$sbWgOWeCZV5MW4u88F8CMuxgJ.Phw6clars6Z.Ch1f9wtSKQBwc5O, 19185999881, 1, /uploads/avatars/avatar_24_1782727101006.png, 2026-06-27 21:53:05
<==      Total: 1
Closing non transactional SqlSession [org.apache.ibatis.session.defaults.DefaultSqlSession@2d61a233]
Creating a new SqlSession
SqlSession [org.apache.ibatis.session.defaults.DefaultSqlSession@24bb8b7b] was not registered for synchronization because synchronization is not active
JDBC Connection [HikariProxyConnection@690694362 wrapping com.mysql.cj.jdbc.ConnectionImpl@4498a362] will not be managed by Spring
==>  Preparing: SELECT id,username,password,phone,status,avatar,create_time FROM sys_user WHERE id=?
==> Parameters: 1(Long)
<==    Columns: id, username, password, phone, status, avatar, create_time
<==        Row: 1, lx, $2a$10$DY8p4Q7r/lnC2ax327OH/u439shvAv9lH895iyIYyLxfz9cRgKKgW, 19185939281, 1, http://localhost:8080/uploads/avatars/avatar_1_1782735664998.png, 2026-06-21 20:09:20
<==      Total: 1
Closing non transactional SqlSession [org.apache.ibatis.session.defaults.DefaultSqlSession@24bb8b7b]
Creating a new SqlSession
SqlSession [org.apache.ibatis.session.defaults.DefaultSqlSession@15019fd5] was not registered for synchronization because synchronization is not active
JDBC Connection [HikariProxyConnection@306321566 wrapping com.mysql.cj.jdbc.ConnectionImpl@4498a362] will not be managed by Spring
==>  Preparing: SELECT id,username,password,phone,status,avatar,create_time FROM sys_user WHERE id IN ( ? )
==> Parameters: 1(Long)
<==    Columns: id, username, password, phone, status, avatar, create_time
<==        Row: 1, lx, $2a$10$DY8p4Q7r/lnC2ax327OH/u439shvAv9lH895iyIYyLxfz9cRgKKgW, 19185939281, 1, http://localhost:8080/uploads/avatars/avatar_1_1782735664998.png, 2026-06-21 20:09:20
<==      Total: 1
Closing non transactional SqlSession [org.apache.ibatis.session.defaults.DefaultSqlSession@15019fd5]
Creating a new SqlSession
SqlSession [org.apache.ibatis.session.defaults.DefaultSqlSession@1bde0115] was not registered for synchronization because synchronization is not active
JDBC Connection [HikariProxyConnection@999180391 wrapping com.mysql.cj.jdbc.ConnectionImpl@4498a362] will not be managed by Spring
==>  Preparing: SELECT id,username,password,phone,status,avatar,create_time FROM sys_user WHERE id IN ( ? , ? , ? , ? , ? , ? , ? , ? , ? , ? , ? , ? )
==> Parameters: 1(Long), 17(Long), 18(Long), 19(Long), 20(Long), 22(Long), 23(Long), 7(Long), 11(Long), 12(Long), 13(Long), 14(Long)
<==    Columns: id, username, password, phone, status, avatar, create_time
<==        Row: 1, lx, $2a$10$DY8p4Q7r/lnC2ax327OH/u439shvAv9lH895iyIYyLxfz9cRgKKgW, 19185939281, 1, http://localhost:8080/uploads/avatars/avatar_1_1782735664998.png, 2026-06-21 20:09:20
<==        Row: 7, espresso_queen, $2a$10$N.zmdr9k7uOCQb376NoUnuTJ8iAt6Z5EHsM8lE9lBOsl7iKTVKIUi, 13800000004, 1, null, 2026-06-23 06:40:41
<==        Row: 11, cold_brew_king, $2a$10$N.zmdr9k7uOCQb376NoUnuTJ8iAt6Z5EHsM8lE9lBOsl7iKTVKIUi, 13800000008, 1, null, 2026-06-23 06:40:41
<==        Row: 12, coffee_snob, $2a$10$N.zmdr9k7uOCQb376NoUnuTJ8iAt6Z5EHsM8lE9lBOsl7iKTVKIUi, 13800000009, 1, null, 2026-06-23 06:40:41
<==        Row: 13, matcha_latte, $2a$10$N.zmdr9k7uOCQb376NoUnuTJ8iAt6Z5EHsM8lE9lBOsl7iKTVKIUi, 13800000010, 1, null, 2026-06-23 06:40:41
<==        Row: 14, cafe_hunter, $2a$10$N.zmdr9k7uOCQb376NoUnuTJ8iAt6Z5EHsM8lE9lBOsl7iKTVKIUi, 13800000011, 1, null, 2026-06-23 06:40:41
<==        Row: 17, single_origin, $2a$10$N.zmdr9k7uOCQb376NoUnuTJ8iAt6Z5EHsM8lE9lBOsl7iKTVKIUi, 13800000014, 1, null, 2026-06-23 06:40:41
<==        Row: 18, flat_white_love, $2a$10$N.zmdr9k7uOCQb376NoUnuTJ8iAt6Z5EHsM8lE9lBOsl7iKTVKIUi, 13800000015, 1, null, 2026-06-23 06:40:41
<==        Row: 19, coffee_daily, $2a$10$N.zmdr9k7uOCQb376NoUnuTJ8iAt6Z5EHsM8lE9lBOsl7iKTVKIUi, 13800000016, 1, null, 2026-06-23 06:40:41
<==        Row: 20, bean_hunter, $2a$10$N.zmdr9k7uOCQb376NoUnuTJ8iAt6Z5EHsM8lE9lBOsl7iKTVKIUi, 13800000017, 1, null, 2026-06-23 06:40:41
<==        Row: 22, ristretto_lover, $2a$10$N.zmdr9k7uOCQb376NoUnuTJ8iAt6Z5EHsM8lE9lBOsl7iKTVKIUi, 13800000019, 1, null, 2026-06-23 06:40:41
<==        Row: 23, coffee_taster, $2a$10$N.zmdr9k7uOCQb376NoUnuTJ8iAt6Z5EHsM8lE9lBOsl7iKTVKIUi, 13800000020, 1, null, 2026-06-23 06:40:41
<==      Total: 12
Closing non transactional SqlSession [org.apache.ibatis.session.defaults.DefaultSqlSession@1bde0115]
Creating a new SqlSession
SqlSession [org.apache.ibatis.session.defaults.DefaultSqlSession@117b1082] was not registered for synchronization because synchronization is not active
JDBC Connection [HikariProxyConnection@426567260 wrapping com.mysql.cj.jdbc.ConnectionImpl@4498a362] will not be managed by Spring
==>  Preparing: SELECT id,username,password,phone,status,avatar,create_time FROM sys_user WHERE id IN ( ? , ? , ? , ? , ? , ? , ? , ? , ? )
==> Parameters: 16(Long), 1(Long), 17(Long), 18(Long), 19(Long), 20(Long), 21(Long), 22(Long), 23(Long)
<==    Columns: id, username, password, phone, status, avatar, create_time
<==        Row: 1, lx, $2a$10$DY8p4Q7r/lnC2ax327OH/u439shvAv9lH895iyIYyLxfz9cRgKKgW, 19185939281, 1, http://localhost:8080/uploads/avatars/avatar_1_1782735664998.png, 2026-06-21 20:09:20
<==        Row: 16, cappuccino_boy, $2a$10$N.zmdr9k7uOCQb376NoUnuTJ8iAt6Z5EHsM8lE9lBOsl7iKTVKIUi, 13800000013, 1, null, 2026-06-23 06:40:41
<==        Row: 17, single_origin, $2a$10$N.zmdr9k7uOCQb376NoUnuTJ8iAt6Z5EHsM8lE9lBOsl7iKTVKIUi, 13800000014, 1, null, 2026-06-23 06:40:41
<==        Row: 18, flat_white_love, $2a$10$N.zmdr9k7uOCQb376NoUnuTJ8iAt6Z5EHsM8lE9lBOsl7iKTVKIUi, 13800000015, 1, null, 2026-06-23 06:40:41
<==        Row: 19, coffee_daily, $2a$10$N.zmdr9k7uOCQb376NoUnuTJ8iAt6Z5EHsM8lE9lBOsl7iKTVKIUi, 13800000016, 1, null, 2026-06-23 06:40:41
<==        Row: 20, bean_hunter, $2a$10$N.zmdr9k7uOCQb376NoUnuTJ8iAt6Z5EHsM8lE9lBOsl7iKTVKIUi, 13800000017, 1, null, 2026-06-23 06:40:41
<==        Row: 21, macchiato_fan, $2a$10$N.zmdr9k7uOCQb376NoUnuTJ8iAt6Z5EHsM8lE9lBOsl7iKTVKIUi, 13800000018, 1, null, 2026-06-23 06:40:41
<==        Row: 22, ristretto_lover, $2a$10$N.zmdr9k7uOCQb376NoUnuTJ8iAt6Z5EHsM8lE9lBOsl7iKTVKIUi, 13800000019, 1, null, 2026-06-23 06:40:41
<==        Row: 23, coffee_taster, $2a$10$N.zmdr9k7uOCQb376NoUnuTJ8iAt6Z5EHsM8lE9lBOsl7iKTVKIUi, 13800000020, 1, null, 2026-06-23 06:40:41
<==      Total: 9
Closing non transactional SqlSession [org.apache.ibatis.session.defaults.DefaultSqlSession@117b1082]
Creating a new SqlSession
SqlSession [org.apache.ibatis.session.defaults.DefaultSqlSession@410d8cd9] was not registered for synchronization because synchronization is not active
JDBC Connection [HikariProxyConnection@329107959 wrapping com.mysql.cj.jdbc.ConnectionImpl@4498a362] will not be managed by Spring
==>  Preparing: SELECT id,username,password,phone,status,avatar,create_time FROM sys_user WHERE id IN ( ? )
==> Parameters: 5(Long)
<==    Columns: id, username, password, phone, status, avatar, create_time
<==        Row: 5, barista_wang, $2a$10$N.zmdr9k7uOCQb376NoUnuTJ8iAt6Z5EHsM8lE9lBOsl7iKTVKIUi, 13800000002, 1, null, 2026-06-23 06:40:41
<==      Total: 1
Closing non transactional SqlSession [org.apache.ibatis.session.defaults.DefaultSqlSession@410d8cd9]
Creating a new SqlSession
SqlSession [org.apache.ibatis.session.defaults.DefaultSqlSession@667e1699] was not registered for synchronization because synchronization is not active
JDBC Connection [HikariProxyConnection@145892229 wrapping com.mysql.cj.jdbc.ConnectionImpl@4498a362] will not be managed by Spring
==>  Preparing: SELECT id,username,password,phone,status,avatar,create_time FROM sys_user WHERE id IN ( ? , ? , ? , ? , ? , ? , ? , ? , ? , ? , ? , ? )
==> Parameters: 1(Long), 17(Long), 18(Long), 19(Long), 20(Long), 22(Long), 23(Long), 7(Long), 11(Long), 12(Long), 13(Long), 14(Long)
<==    Columns: id, username, password, phone, status, avatar, create_time
<==        Row: 1, lx, $2a$10$DY8p4Q7r/lnC2ax327OH/u439shvAv9lH895iyIYyLxfz9cRgKKgW, 19185939281, 1, http://localhost:8080/uploads/avatars/avatar_1_1782735664998.png, 2026-06-21 20:09:20
<==        Row: 7, espresso_queen, $2a$10$N.zmdr9k7uOCQb376NoUnuTJ8iAt6Z5EHsM8lE9lBOsl7iKTVKIUi, 13800000004, 1, null, 2026-06-23 06:40:41
<==        Row: 11, cold_brew_king, $2a$10$N.zmdr9k7uOCQb376NoUnuTJ8iAt6Z5EHsM8lE9lBOsl7iKTVKIUi, 13800000008, 1, null, 2026-06-23 06:40:41
<==        Row: 12, coffee_snob, $2a$10$N.zmdr9k7uOCQb376NoUnuTJ8iAt6Z5EHsM8lE9lBOsl7iKTVKIUi, 13800000009, 1, null, 2026-06-23 06:40:41
<==        Row: 13, matcha_latte, $2a$10$N.zmdr9k7uOCQb376NoUnuTJ8iAt6Z5EHsM8lE9lBOsl7iKTVKIUi, 13800000010, 1, null, 2026-06-23 06:40:41
<==        Row: 14, cafe_hunter, $2a$10$N.zmdr9k7uOCQb376NoUnuTJ8iAt6Z5EHsM8lE9lBOsl7iKTVKIUi, 13800000011, 1, null, 2026-06-23 06:40:41
<==        Row: 17, single_origin, $2a$10$N.zmdr9k7uOCQb376NoUnuTJ8iAt6Z5EHsM8lE9lBOsl7iKTVKIUi, 13800000014, 1, null, 2026-06-23 06:40:41
<==        Row: 18, flat_white_love, $2a$10$N.zmdr9k7uOCQb376NoUnuTJ8iAt6Z5EHsM8lE9lBOsl7iKTVKIUi, 13800000015, 1, null, 2026-06-23 06:40:41
<==        Row: 19, coffee_daily, $2a$10$N.zmdr9k7uOCQb376NoUnuTJ8iAt6Z5EHsM8lE9lBOsl7iKTVKIUi, 13800000016, 1, null, 2026-06-23 06:40:41
<==        Row: 20, bean_hunter, $2a$10$N.zmdr9k7uOCQb376NoUnuTJ8iAt6Z5EHsM8lE9lBOsl7iKTVKIUi, 13800000017, 1, null, 2026-06-23 06:40:41
<==        Row: 22, ristretto_lover, $2a$10$N.zmdr9k7uOCQb376NoUnuTJ8iAt6Z5EHsM8lE9lBOsl7iKTVKIUi, 13800000019, 1, null, 2026-06-23 06:40:41
<==        Row: 23, coffee_taster, $2a$10$N.zmdr9k7uOCQb376NoUnuTJ8iAt6Z5EHsM8lE9lBOsl7iKTVKIUi, 13800000020, 1, null, 2026-06-23 06:40:41
<==      Total: 12
Closing non transactional SqlSession [org.apache.ibatis.session.defaults.DefaultSqlSession@667e1699]
Creating a new SqlSession
SqlSession [org.apache.ibatis.session.defaults.DefaultSqlSession@637abce] was not registered for synchronization because synchronization is not active
JDBC Connection [HikariProxyConnection@1545588420 wrapping com.mysql.cj.jdbc.ConnectionImpl@4498a362] will not be managed by Spring
==>  Preparing: SELECT id,username,password,phone,status,avatar,create_time FROM sys_user WHERE id IN ( ? , ? , ? , ? , ? , ? , ? , ? , ? )
==> Parameters: 16(Long), 1(Long), 17(Long), 18(Long), 19(Long), 20(Long), 21(Long), 22(Long), 23(Long)
<==    Columns: id, username, password, phone, status, avatar, create_time
<==        Row: 1, lx, $2a$10$DY8p4Q7r/lnC2ax327OH/u439shvAv9lH895iyIYyLxfz9cRgKKgW, 19185939281, 1, http://localhost:8080/uploads/avatars/avatar_1_1782735664998.png, 2026-06-21 20:09:20
<==        Row: 16, cappuccino_boy, $2a$10$N.zmdr9k7uOCQb376NoUnuTJ8iAt6Z5EHsM8lE9lBOsl7iKTVKIUi, 13800000013, 1, null, 2026-06-23 06:40:41
<==        Row: 17, single_origin, $2a$10$N.zmdr9k7uOCQb376NoUnuTJ8iAt6Z5EHsM8lE9lBOsl7iKTVKIUi, 13800000014, 1, null, 2026-06-23 06:40:41
<==        Row: 18, flat_white_love, $2a$10$N.zmdr9k7uOCQb376NoUnuTJ8iAt6Z5EHsM8lE9lBOsl7iKTVKIUi, 13800000015, 1, null, 2026-06-23 06:40:41
<==        Row: 19, coffee_daily, $2a$10$N.zmdr9k7uOCQb376NoUnuTJ8iAt6Z5EHsM8lE9lBOsl7iKTVKIUi, 13800000016, 1, null, 2026-06-23 06:40:41
<==        Row: 20, bean_hunter, $2a$10$N.zmdr9k7uOCQb376NoUnuTJ8iAt6Z5EHsM8lE9lBOsl7iKTVKIUi, 13800000017, 1, null, 2026-06-23 06:40:41
<==        Row: 21, macchiato_fan, $2a$10$N.zmdr9k7uOCQb376NoUnuTJ8iAt6Z5EHsM8lE9lBOsl7iKTVKIUi, 13800000018, 1, null, 2026-06-23 06:40:41
<==        Row: 22, ristretto_lover, $2a$10$N.zmdr9k7uOCQb376NoUnuTJ8iAt6Z5EHsM8lE9lBOsl7iKTVKIUi, 13800000019, 1, null, 2026-06-23 06:40:41
<==        Row: 23, coffee_taster, $2a$10$N.zmdr9k7uOCQb376NoUnuTJ8iAt6Z5EHsM8lE9lBOsl7iKTVKIUi, 13800000020, 1, null, 2026-06-23 06:40:41
<==      Total: 9
Closing non transactional SqlSession [org.apache.ibatis.session.defaults.DefaultSqlSession@637abce]
Creating a new SqlSession
SqlSession [org.apache.ibatis.session.defaults.DefaultSqlSession@2ddd7ce4] was not registered for synchronization because synchronization is not active
JDBC Connection [HikariProxyConnection@588414381 wrapping com.mysql.cj.jdbc.ConnectionImpl@4498a362] will not be managed by Spring
==>  Preparing: SELECT id,username,password,phone,status,avatar,create_time FROM sys_user WHERE id IN ( ? )
==> Parameters: 5(Long)
<==    Columns: id, username, password, phone, status, avatar, create_time
<==        Row: 5, barista_wang, $2a$10$N.zmdr9k7uOCQb376NoUnuTJ8iAt6Z5EHsM8lE9lBOsl7iKTVKIUi, 13800000002, 1, null, 2026-06-23 06:40:41
<==      Total: 1
Closing non transactional SqlSession [org.apache.ibatis.session.defaults.DefaultSqlSession@2ddd7ce4]
Creating a new SqlSession
SqlSession [org.apache.ibatis.session.defaults.DefaultSqlSession@26a47144] was not registered for synchronization because synchronization is not active
JDBC Connection [HikariProxyConnection@1871874578 wrapping com.mysql.cj.jdbc.ConnectionImpl@4498a362] will not be managed by Spring
==>  Preparing: SELECT id,username,password,phone,status,avatar,create_time FROM sys_user WHERE id IN ( ? , ? , ? , ? , ? , ? , ? , ? , ? )
==> Parameters: 16(Long), 1(Long), 17(Long), 18(Long), 19(Long), 20(Long), 21(Long), 22(Long), 23(Long)
<==    Columns: id, username, password, phone, status, avatar, create_time
<==        Row: 1, lx, $2a$10$DY8p4Q7r/lnC2ax327OH/u439shvAv9lH895iyIYyLxfz9cRgKKgW, 19185939281, 1, http://localhost:8080/uploads/avatars/avatar_1_1782735664998.png, 2026-06-21 20:09:20
<==        Row: 16, cappuccino_boy, $2a$10$N.zmdr9k7uOCQb376NoUnuTJ8iAt6Z5EHsM8lE9lBOsl7iKTVKIUi, 13800000013, 1, null, 2026-06-23 06:40:41
<==        Row: 17, single_origin, $2a$10$N.zmdr9k7uOCQb376NoUnuTJ8iAt6Z5EHsM8lE9lBOsl7iKTVKIUi, 13800000014, 1, null, 2026-06-23 06:40:41
<==        Row: 18, flat_white_love, $2a$10$N.zmdr9k7uOCQb376NoUnuTJ8iAt6Z5EHsM8lE9lBOsl7iKTVKIUi, 13800000015, 1, null, 2026-06-23 06:40:41
<==        Row: 19, coffee_daily, $2a$10$N.zmdr9k7uOCQb376NoUnuTJ8iAt6Z5EHsM8lE9lBOsl7iKTVKIUi, 13800000016, 1, null, 2026-06-23 06:40:41
<==        Row: 20, bean_hunter, $2a$10$N.zmdr9k7uOCQb376NoUnuTJ8iAt6Z5EHsM8lE9lBOsl7iKTVKIUi, 13800000017, 1, null, 2026-06-23 06:40:41
<==        Row: 21, macchiato_fan, $2a$10$N.zmdr9k7uOCQb376NoUnuTJ8iAt6Z5EHsM8lE9lBOsl7iKTVKIUi, 13800000018, 1, null, 2026-06-23 06:40:41
<==        Row: 22, ristretto_lover, $2a$10$N.zmdr9k7uOCQb376NoUnuTJ8iAt6Z5EHsM8lE9lBOsl7iKTVKIUi, 13800000019, 1, null, 2026-06-23 06:40:41
<==        Row: 23, coffee_taster, $2a$10$N.zmdr9k7uOCQb376NoUnuTJ8iAt6Z5EHsM8lE9lBOsl7iKTVKIUi, 13800000020, 1, null, 2026-06-23 06:40:41
<==      Total: 9
Closing non transactional SqlSession [org.apache.ibatis.session.defaults.DefaultSqlSession@26a47144]
Creating a new SqlSession
SqlSession [org.apache.ibatis.session.defaults.DefaultSqlSession@712212cd] was not registered for synchronization because synchronization is not active
JDBC Connection [HikariProxyConnection@1070584234 wrapping com.mysql.cj.jdbc.ConnectionImpl@4498a362] will not be managed by Spring
==>  Preparing: SELECT id,username,password,phone,status,avatar,create_time FROM sys_user WHERE id IN ( ? )
==> Parameters: 5(Long)
<==    Columns: id, username, password, phone, status, avatar, create_time
<==        Row: 5, barista_wang, $2a$10$N.zmdr9k7uOCQb376NoUnuTJ8iAt6Z5EHsM8lE9lBOsl7iKTVKIUi, 13800000002, 1, null, 2026-06-23 06:40:41
<==      Total: 1
Closing non transactional SqlSession [org.apache.ibatis.session.defaults.DefaultSqlSession@712212cd]
Creating a new SqlSession
SqlSession [org.apache.ibatis.session.defaults.DefaultSqlSession@4329251f] was not registered for synchronization because synchronization is not active
JDBC Connection [HikariProxyConnection@1001492050 wrapping com.mysql.cj.jdbc.ConnectionImpl@4498a362] will not be managed by Spring
==>  Preparing: SELECT id,username,password,phone,status,avatar,create_time FROM sys_user WHERE id IN ( ? , ? , ? , ? , ? , ? , ? , ? , ? , ? , ? , ? )
==> Parameters: 1(Long), 17(Long), 18(Long), 19(Long), 20(Long), 22(Long), 23(Long), 7(Long), 11(Long), 12(Long), 13(Long), 14(Long)
<==    Columns: id, username, password, phone, status, avatar, create_time
<==        Row: 1, lx, $2a$10$DY8p4Q7r/lnC2ax327OH/u439shvAv9lH895iyIYyLxfz9cRgKKgW, 19185939281, 1, http://localhost:8080/uploads/avatars/avatar_1_1782735664998.png, 2026-06-21 20:09:20
<==        Row: 7, espresso_queen, $2a$10$N.zmdr9k7uOCQb376NoUnuTJ8iAt6Z5EHsM8lE9lBOsl7iKTVKIUi, 13800000004, 1, null, 2026-06-23 06:40:41
<==        Row: 11, cold_brew_king, $2a$10$N.zmdr9k7uOCQb376NoUnuTJ8iAt6Z5EHsM8lE9lBOsl7iKTVKIUi, 13800000008, 1, null, 2026-06-23 06:40:41
<==        Row: 12, coffee_snob, $2a$10$N.zmdr9k7uOCQb376NoUnuTJ8iAt6Z5EHsM8lE9lBOsl7iKTVKIUi, 13800000009, 1, null, 2026-06-23 06:40:41
<==        Row: 13, matcha_latte, $2a$10$N.zmdr9k7uOCQb376NoUnuTJ8iAt6Z5EHsM8lE9lBOsl7iKTVKIUi, 13800000010, 1, null, 2026-06-23 06:40:41
<==        Row: 14, cafe_hunter, $2a$10$N.zmdr9k7uOCQb376NoUnuTJ8iAt6Z5EHsM8lE9lBOsl7iKTVKIUi, 13800000011, 1, null, 2026-06-23 06:40:41
<==        Row: 17, single_origin, $2a$10$N.zmdr9k7uOCQb376NoUnuTJ8iAt6Z5EHsM8lE9lBOsl7iKTVKIUi, 13800000014, 1, null, 2026-06-23 06:40:41
<==        Row: 18, flat_white_love, $2a$10$N.zmdr9k7uOCQb376NoUnuTJ8iAt6Z5EHsM8lE9lBOsl7iKTVKIUi, 13800000015, 1, null, 2026-06-23 06:40:41
<==        Row: 19, coffee_daily, $2a$10$N.zmdr9k7uOCQb376NoUnuTJ8iAt6Z5EHsM8lE9lBOsl7iKTVKIUi, 13800000016, 1, null, 2026-06-23 06:40:41
<==        Row: 20, bean_hunter, $2a$10$N.zmdr9k7uOCQb376NoUnuTJ8iAt6Z5EHsM8lE9lBOsl7iKTVKIUi, 13800000017, 1, null, 2026-06-23 06:40:41
<==        Row: 22, ristretto_lover, $2a$10$N.zmdr9k7uOCQb376NoUnuTJ8iAt6Z5EHsM8lE9lBOsl7iKTVKIUi, 13800000019, 1, null, 2026-06-23 06:40:41
<==        Row: 23, coffee_taster, $2a$10$N.zmdr9k7uOCQb376NoUnuTJ8iAt6Z5EHsM8lE9lBOsl7iKTVKIUi, 13800000020, 1, null, 2026-06-23 06:40:41
<==      Total: 12
Closing non transactional SqlSession [org.apache.ibatis.session.defaults.DefaultSqlSession@4329251f]
Creating a new SqlSession
SqlSession [org.apache.ibatis.session.defaults.DefaultSqlSession@9430045] was not registered for synchronization because synchronization is not active
JDBC Connection [HikariProxyConnection@1652453073 wrapping com.mysql.cj.jdbc.ConnectionImpl@4498a362] will not be managed by Spring
==>  Preparing: SELECT id,username,password,phone,status,avatar,create_time FROM sys_user WHERE id=?
==> Parameters: 1(Long)
<==    Columns: id, username, password, phone, status, avatar, create_time
<==        Row: 1, lx, $2a$10$DY8p4Q7r/lnC2ax327OH/u439shvAv9lH895iyIYyLxfz9cRgKKgW, 19185939281, 1, http://localhost:8080/uploads/avatars/avatar_1_1782735664998.png, 2026-06-21 20:09:20
<==      Total: 1
Closing non transactional SqlSession [org.apache.ibatis.session.defaults.DefaultSqlSession@9430045]
Creating a new SqlSession
SqlSession [org.apache.ibatis.session.defaults.DefaultSqlSession@37be45] was not registered for synchronization because synchronization is not active
JDBC Connection [HikariProxyConnection@433153697 wrapping com.mysql.cj.jdbc.ConnectionImpl@4498a362] will not be managed by Spring
==>  Preparing: SELECT id,username,password,phone,status,avatar,create_time FROM sys_user WHERE id IN ( ? )
==> Parameters: 1(Long)
<==    Columns: id, username, password, phone, status, avatar, create_time
<==        Row: 1, lx, $2a$10$DY8p4Q7r/lnC2ax327OH/u439shvAv9lH895iyIYyLxfz9cRgKKgW, 19185939281, 1, http://localhost:8080/uploads/avatars/avatar_1_1782735664998.png, 2026-06-21 20:09:20
<==      Total: 1
Closing non transactional SqlSession [org.apache.ibatis.session.defaults.DefaultSqlSession@37be45]
Creating a new SqlSession
SqlSession [org.apache.ibatis.session.defaults.DefaultSqlSession@41f9da1e] was not registered for synchronization because synchronization is not active
JDBC Connection [HikariProxyConnection@1824521660 wrapping com.mysql.cj.jdbc.ConnectionImpl@4498a362] will not be managed by Spring
==>  Preparing: SELECT id,username,password,phone,status,avatar,create_time FROM sys_user WHERE id IN ( ? , ? , ? , ? , ? , ? , ? , ? , ? , ? , ? , ? )
==> Parameters: 1(Long), 17(Long), 18(Long), 19(Long), 20(Long), 22(Long), 23(Long), 7(Long), 11(Long), 12(Long), 13(Long), 14(Long)
<==    Columns: id, username, password, phone, status, avatar, create_time
<==        Row: 1, lx, $2a$10$DY8p4Q7r/lnC2ax327OH/u439shvAv9lH895iyIYyLxfz9cRgKKgW, 19185939281, 1, http://localhost:8080/uploads/avatars/avatar_1_1782735664998.png, 2026-06-21 20:09:20
<==        Row: 7, espresso_queen, $2a$10$N.zmdr9k7uOCQb376NoUnuTJ8iAt6Z5EHsM8lE9lBOsl7iKTVKIUi, 13800000004, 1, null, 2026-06-23 06:40:41
<==        Row: 11, cold_brew_king, $2a$10$N.zmdr9k7uOCQb376NoUnuTJ8iAt6Z5EHsM8lE9lBOsl7iKTVKIUi, 13800000008, 1, null, 2026-06-23 06:40:41
<==        Row: 12, coffee_snob, $2a$10$N.zmdr9k7uOCQb376NoUnuTJ8iAt6Z5EHsM8lE9lBOsl7iKTVKIUi, 13800000009, 1, null, 2026-06-23 06:40:41
<==        Row: 13, matcha_latte, $2a$10$N.zmdr9k7uOCQb376NoUnuTJ8iAt6Z5EHsM8lE9lBOsl7iKTVKIUi, 13800000010, 1, null, 2026-06-23 06:40:41
<==        Row: 14, cafe_hunter, $2a$10$N.zmdr9k7uOCQb376NoUnuTJ8iAt6Z5EHsM8lE9lBOsl7iKTVKIUi, 13800000011, 1, null, 2026-06-23 06:40:41
<==        Row: 17, single_origin, $2a$10$N.zmdr9k7uOCQb376NoUnuTJ8iAt6Z5EHsM8lE9lBOsl7iKTVKIUi, 13800000014, 1, null, 2026-06-23 06:40:41
<==        Row: 18, flat_white_love, $2a$10$N.zmdr9k7uOCQb376NoUnuTJ8iAt6Z5EHsM8lE9lBOsl7iKTVKIUi, 13800000015, 1, null, 2026-06-23 06:40:41
<==        Row: 19, coffee_daily, $2a$10$N.zmdr9k7uOCQb376NoUnuTJ8iAt6Z5EHsM8lE9lBOsl7iKTVKIUi, 13800000016, 1, null, 2026-06-23 06:40:41
<==        Row: 20, bean_hunter, $2a$10$N.zmdr9k7uOCQb376NoUnuTJ8iAt6Z5EHsM8lE9lBOsl7iKTVKIUi, 13800000017, 1, null, 2026-06-23 06:40:41
<==        Row: 22, ristretto_lover, $2a$10$N.zmdr9k7uOCQb376NoUnuTJ8iAt6Z5EHsM8lE9lBOsl7iKTVKIUi, 13800000019, 1, null, 2026-06-23 06:40:41
<==        Row: 23, coffee_taster, $2a$10$N.zmdr9k7uOCQb376NoUnuTJ8iAt6Z5EHsM8lE9lBOsl7iKTVKIUi, 13800000020, 1, null, 2026-06-23 06:40:41
<==      Total: 12
Closing non transactional SqlSession [org.apache.ibatis.session.defaults.DefaultSqlSession@41f9da1e]
Creating a new SqlSession
SqlSession [org.apache.ibatis.session.defaults.DefaultSqlSession@7a6f3100] was not registered for synchronization because synchronization is not active
JDBC Connection [HikariProxyConnection@1815292426 wrapping com.mysql.cj.jdbc.ConnectionImpl@4498a362] will not be managed by Spring
==>  Preparing: SELECT id,username,password,phone,status,avatar,create_time FROM sys_user WHERE id=?
==> Parameters: 1(Long)
<==    Columns: id, username, password, phone, status, avatar, create_time
<==        Row: 1, lx, $2a$10$DY8p4Q7r/lnC2ax327OH/u439shvAv9lH895iyIYyLxfz9cRgKKgW, 19185939281, 1, http://localhost:8080/uploads/avatars/avatar_1_1782735664998.png, 2026-06-21 20:09:20
<==      Total: 1
Closing non transactional SqlSession [org.apache.ibatis.session.defaults.DefaultSqlSession@7a6f3100]
Creating a new SqlSession
SqlSession [org.apache.ibatis.session.defaults.DefaultSqlSession@5b1cb4c8] was not registered for synchronization because synchronization is not active
JDBC Connection [HikariProxyConnection@492886291 wrapping com.mysql.cj.jdbc.ConnectionImpl@4498a362] will not be managed by Spring
==>  Preparing: SELECT id,username,password,phone,status,avatar,create_time FROM sys_user WHERE id IN ( ? )
==> Parameters: 1(Long)
<==    Columns: id, username, password, phone, status, avatar, create_time
<==        Row: 1, lx, $2a$10$DY8p4Q7r/lnC2ax327OH/u439shvAv9lH895iyIYyLxfz9cRgKKgW, 19185939281, 1, http://localhost:8080/uploads/avatars/avatar_1_1782735664998.png, 2026-06-21 20:09:20
<==      Total: 1
Closing non transactional SqlSession [org.apache.ibatis.session.defaults.DefaultSqlSession@5b1cb4c8]
Creating a new SqlSession
SqlSession [org.apache.ibatis.session.defaults.DefaultSqlSession@13dfbbbe] was not registered for synchronization because synchronization is not active
JDBC Connection [HikariProxyConnection@477739761 wrapping com.mysql.cj.jdbc.ConnectionImpl@4498a362] will not be managed by Spring
==>  Preparing: SELECT id,username,password,phone,status,avatar,create_time FROM sys_user WHERE id IN ( ? , ? , ? , ? , ? , ? , ? , ? , ? , ? , ? , ? )
==> Parameters: 1(Long), 17(Long), 18(Long), 19(Long), 20(Long), 22(Long), 23(Long), 7(Long), 11(Long), 12(Long), 13(Long), 14(Long)
<==    Columns: id, username, password, phone, status, avatar, create_time
<==        Row: 1, lx, $2a$10$DY8p4Q7r/lnC2ax327OH/u439shvAv9lH895iyIYyLxfz9cRgKKgW, 19185939281, 1, http://localhost:8080/uploads/avatars/avatar_1_1782735664998.png, 2026-06-21 20:09:20
<==        Row: 7, espresso_queen, $2a$10$N.zmdr9k7uOCQb376NoUnuTJ8iAt6Z5EHsM8lE9lBOsl7iKTVKIUi, 13800000004, 1, null, 2026-06-23 06:40:41
<==        Row: 11, cold_brew_king, $2a$10$N.zmdr9k7uOCQb376NoUnuTJ8iAt6Z5EHsM8lE9lBOsl7iKTVKIUi, 13800000008, 1, null, 2026-06-23 06:40:41
<==        Row: 12, coffee_snob, $2a$10$N.zmdr9k7uOCQb376NoUnuTJ8iAt6Z5EHsM8lE9lBOsl7iKTVKIUi, 13800000009, 1, null, 2026-06-23 06:40:41
<==        Row: 13, matcha_latte, $2a$10$N.zmdr9k7uOCQb376NoUnuTJ8iAt6Z5EHsM8lE9lBOsl7iKTVKIUi, 13800000010, 1, null, 2026-06-23 06:40:41
<==        Row: 14, cafe_hunter, $2a$10$N.zmdr9k7uOCQb376NoUnuTJ8iAt6Z5EHsM8lE9lBOsl7iKTVKIUi, 13800000011, 1, null, 2026-06-23 06:40:41
<==        Row: 17, single_origin, $2a$10$N.zmdr9k7uOCQb376NoUnuTJ8iAt6Z5EHsM8lE9lBOsl7iKTVKIUi, 13800000014, 1, null, 2026-06-23 06:40:41
<==        Row: 18, flat_white_love, $2a$10$N.zmdr9k7uOCQb376NoUnuTJ8iAt6Z5EHsM8lE9lBOsl7iKTVKIUi, 13800000015, 1, null, 2026-06-23 06:40:41
<==        Row: 19, coffee_daily, $2a$10$N.zmdr9k7uOCQb376NoUnuTJ8iAt6Z5EHsM8lE9lBOsl7iKTVKIUi, 13800000016, 1, null, 2026-06-23 06:40:41
<==        Row: 20, bean_hunter, $2a$10$N.zmdr9k7uOCQb376NoUnuTJ8iAt6Z5EHsM8lE9lBOsl7iKTVKIUi, 13800000017, 1, null, 2026-06-23 06:40:41
<==        Row: 22, ristretto_lover, $2a$10$N.zmdr9k7uOCQb376NoUnuTJ8iAt6Z5EHsM8lE9lBOsl7iKTVKIUi, 13800000019, 1, null, 2026-06-23 06:40:41
<==        Row: 23, coffee_taster, $2a$10$N.zmdr9k7uOCQb376NoUnuTJ8iAt6Z5EHsM8lE9lBOsl7iKTVKIUi, 13800000020, 1, null, 2026-06-23 06:40:41
<==      Total: 12
Closing non transactional SqlSession [org.apache.ibatis.session.defaults.DefaultSqlSession@13dfbbbe]
Creating a new SqlSession
SqlSession [org.apache.ibatis.session.defaults.DefaultSqlSession@1786d2b1] was not registered for synchronization because synchronization is not active
JDBC Connection [HikariProxyConnection@106346796 wrapping com.mysql.cj.jdbc.ConnectionImpl@4498a362] will not be managed by Spring
==>  Preparing: SELECT id,username,password,phone,status,avatar,create_time FROM sys_user WHERE id IN ( ? , ? , ? , ? , ? , ? , ? , ? , ? , ? , ? , ? )
==> Parameters: 1(Long), 17(Long), 18(Long), 19(Long), 20(Long), 22(Long), 6(Long), 23(Long), 7(Long), 11(Long), 12(Long), 14(Long)
<==    Columns: id, username, password, phone, status, avatar, create_time
<==        Row: 1, lx, $2a$10$DY8p4Q7r/lnC2ax327OH/u439shvAv9lH895iyIYyLxfz9cRgKKgW, 19185939281, 1, http://localhost:8080/uploads/avatars/avatar_1_1782735664998.png, 2026-06-21 20:09:20
<==        Row: 6, latte_artist, $2a$10$N.zmdr9k7uOCQb376NoUnuTJ8iAt6Z5EHsM8lE9lBOsl7iKTVKIUi, 13800000003, 1, null, 2026-06-23 06:40:41
<==        Row: 7, espresso_queen, $2a$10$N.zmdr9k7uOCQb376NoUnuTJ8iAt6Z5EHsM8lE9lBOsl7iKTVKIUi, 13800000004, 1, null, 2026-06-23 06:40:41
<==        Row: 11, cold_brew_king, $2a$10$N.zmdr9k7uOCQb376NoUnuTJ8iAt6Z5EHsM8lE9lBOsl7iKTVKIUi, 13800000008, 1, null, 2026-06-23 06:40:41
<==        Row: 12, coffee_snob, $2a$10$N.zmdr9k7uOCQb376NoUnuTJ8iAt6Z5EHsM8lE9lBOsl7iKTVKIUi, 13800000009, 1, null, 2026-06-23 06:40:41
<==        Row: 14, cafe_hunter, $2a$10$N.zmdr9k7uOCQb376NoUnuTJ8iAt6Z5EHsM8lE9lBOsl7iKTVKIUi, 13800000011, 1, null, 2026-06-23 06:40:41
<==        Row: 17, single_origin, $2a$10$N.zmdr9k7uOCQb376NoUnuTJ8iAt6Z5EHsM8lE9lBOsl7iKTVKIUi, 13800000014, 1, null, 2026-06-23 06:40:41
<==        Row: 18, flat_white_love, $2a$10$N.zmdr9k7uOCQb376NoUnuTJ8iAt6Z5EHsM8lE9lBOsl7iKTVKIUi, 13800000015, 1, null, 2026-06-23 06:40:41
<==        Row: 19, coffee_daily, $2a$10$N.zmdr9k7uOCQb376NoUnuTJ8iAt6Z5EHsM8lE9lBOsl7iKTVKIUi, 13800000016, 1, null, 2026-06-23 06:40:41
<==        Row: 20, bean_hunter, $2a$10$N.zmdr9k7uOCQb376NoUnuTJ8iAt6Z5EHsM8lE9lBOsl7iKTVKIUi, 13800000017, 1, null, 2026-06-23 06:40:41
<==        Row: 22, ristretto_lover, $2a$10$N.zmdr9k7uOCQb376NoUnuTJ8iAt6Z5EHsM8lE9lBOsl7iKTVKIUi, 13800000019, 1, null, 2026-06-23 06:40:41
<==        Row: 23, coffee_taster, $2a$10$N.zmdr9k7uOCQb376NoUnuTJ8iAt6Z5EHsM8lE9lBOsl7iKTVKIUi, 13800000020, 1, null, 2026-06-23 06:40:41
<==      Total: 12
Closing non transactional SqlSession [org.apache.ibatis.session.defaults.DefaultSqlSession@1786d2b1]
Creating a new SqlSession
SqlSession [org.apache.ibatis.session.defaults.DefaultSqlSession@1ca6d1be] was not registered for synchronization because synchronization is not active
JDBC Connection [HikariProxyConnection@1917492191 wrapping com.mysql.cj.jdbc.ConnectionImpl@4498a362] will not be managed by Spring
==>  Preparing: SELECT id,username,password,phone,status,avatar,create_time FROM sys_user WHERE id IN ( ? , ? , ? , ? , ? , ? , ? , ? , ? , ? , ? , ? )
==> Parameters: 1(Long), 17(Long), 18(Long), 19(Long), 20(Long), 22(Long), 23(Long), 7(Long), 11(Long), 12(Long), 13(Long), 14(Long)
<==    Columns: id, username, password, phone, status, avatar, create_time
<==        Row: 1, lx, $2a$10$DY8p4Q7r/lnC2ax327OH/u439shvAv9lH895iyIYyLxfz9cRgKKgW, 19185939281, 1, http://localhost:8080/uploads/avatars/avatar_1_1782735664998.png, 2026-06-21 20:09:20
<==        Row: 7, espresso_queen, $2a$10$N.zmdr9k7uOCQb376NoUnuTJ8iAt6Z5EHsM8lE9lBOsl7iKTVKIUi, 13800000004, 1, null, 2026-06-23 06:40:41
<==        Row: 11, cold_brew_king, $2a$10$N.zmdr9k7uOCQb376NoUnuTJ8iAt6Z5EHsM8lE9lBOsl7iKTVKIUi, 13800000008, 1, null, 2026-06-23 06:40:41
<==        Row: 12, coffee_snob, $2a$10$N.zmdr9k7uOCQb376NoUnuTJ8iAt6Z5EHsM8lE9lBOsl7iKTVKIUi, 13800000009, 1, null, 2026-06-23 06:40:41
<==        Row: 13, matcha_latte, $2a$10$N.zmdr9k7uOCQb376NoUnuTJ8iAt6Z5EHsM8lE9lBOsl7iKTVKIUi, 13800000010, 1, null, 2026-06-23 06:40:41
<==        Row: 14, cafe_hunter, $2a$10$N.zmdr9k7uOCQb376NoUnuTJ8iAt6Z5EHsM8lE9lBOsl7iKTVKIUi, 13800000011, 1, null, 2026-06-23 06:40:41
<==        Row: 17, single_origin, $2a$10$N.zmdr9k7uOCQb376NoUnuTJ8iAt6Z5EHsM8lE9lBOsl7iKTVKIUi, 13800000014, 1, null, 2026-06-23 06:40:41
<==        Row: 18, flat_white_love, $2a$10$N.zmdr9k7uOCQb376NoUnuTJ8iAt6Z5EHsM8lE9lBOsl7iKTVKIUi, 13800000015, 1, null, 2026-06-23 06:40:41
<==        Row: 19, coffee_daily, $2a$10$N.zmdr9k7uOCQb376NoUnuTJ8iAt6Z5EHsM8lE9lBOsl7iKTVKIUi, 13800000016, 1, null, 2026-06-23 06:40:41
<==        Row: 20, bean_hunter, $2a$10$N.zmdr9k7uOCQb376NoUnuTJ8iAt6Z5EHsM8lE9lBOsl7iKTVKIUi, 13800000017, 1, null, 2026-06-23 06:40:41
<==        Row: 22, ristretto_lover, $2a$10$N.zmdr9k7uOCQb376NoUnuTJ8iAt6Z5EHsM8lE9lBOsl7iKTVKIUi, 13800000019, 1, null, 2026-06-23 06:40:41
<==        Row: 23, coffee_taster, $2a$10$N.zmdr9k7uOCQb376NoUnuTJ8iAt6Z5EHsM8lE9lBOsl7iKTVKIUi, 13800000020, 1, null, 2026-06-23 06:40:41
<==      Total: 12
Closing non transactional SqlSession [org.apache.ibatis.session.defaults.DefaultSqlSession@1ca6d1be]
Creating a new SqlSession
SqlSession [org.apache.ibatis.session.defaults.DefaultSqlSession@55d2c4a9] was not registered for synchronization because synchronization is not active
JDBC Connection [HikariProxyConnection@1599668945 wrapping com.mysql.cj.jdbc.ConnectionImpl@68add476] will not be managed by Spring
==>  Preparing: SELECT id,username,password,phone,status,avatar,create_time FROM sys_user WHERE id IN ( ? , ? , ? , ? , ? , ? , ? , ? , ? , ? , ? , ? )
==> Parameters: 1(Long), 17(Long), 18(Long), 19(Long), 20(Long), 22(Long), 6(Long), 23(Long), 7(Long), 11(Long), 12(Long), 14(Long)
<==    Columns: id, username, password, phone, status, avatar, create_time
<==        Row: 1, lx, $2a$10$DY8p4Q7r/lnC2ax327OH/u439shvAv9lH895iyIYyLxfz9cRgKKgW, 19185939281, 1, http://localhost:8080/uploads/avatars/avatar_1_1782735664998.png, 2026-06-21 20:09:20
<==        Row: 6, latte_artist, $2a$10$N.zmdr9k7uOCQb376NoUnuTJ8iAt6Z5EHsM8lE9lBOsl7iKTVKIUi, 13800000003, 1, null, 2026-06-23 06:40:41
<==        Row: 7, espresso_queen, $2a$10$N.zmdr9k7uOCQb376NoUnuTJ8iAt6Z5EHsM8lE9lBOsl7iKTVKIUi, 13800000004, 1, null, 2026-06-23 06:40:41
<==        Row: 11, cold_brew_king, $2a$10$N.zmdr9k7uOCQb376NoUnuTJ8iAt6Z5EHsM8lE9lBOsl7iKTVKIUi, 13800000008, 1, null, 2026-06-23 06:40:41
<==        Row: 12, coffee_snob, $2a$10$N.zmdr9k7uOCQb376NoUnuTJ8iAt6Z5EHsM8lE9lBOsl7iKTVKIUi, 13800000009, 1, null, 2026-06-23 06:40:41
<==        Row: 14, cafe_hunter, $2a$10$N.zmdr9k7uOCQb376NoUnuTJ8iAt6Z5EHsM8lE9lBOsl7iKTVKIUi, 13800000011, 1, null, 2026-06-23 06:40:41
<==        Row: 17, single_origin, $2a$10$N.zmdr9k7uOCQb376NoUnuTJ8iAt6Z5EHsM8lE9lBOsl7iKTVKIUi, 13800000014, 1, null, 2026-06-23 06:40:41
<==        Row: 18, flat_white_love, $2a$10$N.zmdr9k7uOCQb376NoUnuTJ8iAt6Z5EHsM8lE9lBOsl7iKTVKIUi, 13800000015, 1, null, 2026-06-23 06:40:41
<==        Row: 19, coffee_daily, $2a$10$N.zmdr9k7uOCQb376NoUnuTJ8iAt6Z5EHsM8lE9lBOsl7iKTVKIUi, 13800000016, 1, null, 2026-06-23 06:40:41
<==        Row: 20, bean_hunter, $2a$10$N.zmdr9k7uOCQb376NoUnuTJ8iAt6Z5EHsM8lE9lBOsl7iKTVKIUi, 13800000017, 1, null, 2026-06-23 06:40:41
<==        Row: 22, ristretto_lover, $2a$10$N.zmdr9k7uOCQb376NoUnuTJ8iAt6Z5EHsM8lE9lBOsl7iKTVKIUi, 13800000019, 1, null, 2026-06-23 06:40:41
<==        Row: 23, coffee_taster, $2a$10$N.zmdr9k7uOCQb376NoUnuTJ8iAt6Z5EHsM8lE9lBOsl7iKTVKIUi, 13800000020, 1, null, 2026-06-23 06:40:41
<==      Total: 12
Closing non transactional SqlSession [org.apache.ibatis.session.defaults.DefaultSqlSession@55d2c4a9]
Creating a new SqlSession
SqlSession [org.apache.ibatis.session.defaults.DefaultSqlSession@5f374209] was not registered for synchronization because synchronization is not active
JDBC Connection [HikariProxyConnection@1657739836 wrapping com.mysql.cj.jdbc.ConnectionImpl@68add476] will not be managed by Spring
==>  Preparing: SELECT id,username,password,phone,status,avatar,create_time FROM sys_user WHERE id IN ( ? , ? , ? , ? , ? , ? , ? , ? , ? )
==> Parameters: 16(Long), 1(Long), 17(Long), 18(Long), 19(Long), 20(Long), 21(Long), 22(Long), 23(Long)
<==    Columns: id, username, password, phone, status, avatar, create_time
<==        Row: 1, lx, $2a$10$DY8p4Q7r/lnC2ax327OH/u439shvAv9lH895iyIYyLxfz9cRgKKgW, 19185939281, 1, http://localhost:8080/uploads/avatars/avatar_1_1782735664998.png, 2026-06-21 20:09:20
<==        Row: 16, cappuccino_boy, $2a$10$N.zmdr9k7uOCQb376NoUnuTJ8iAt6Z5EHsM8lE9lBOsl7iKTVKIUi, 13800000013, 1, null, 2026-06-23 06:40:41
<==        Row: 17, single_origin, $2a$10$N.zmdr9k7uOCQb376NoUnuTJ8iAt6Z5EHsM8lE9lBOsl7iKTVKIUi, 13800000014, 1, null, 2026-06-23 06:40:41
<==        Row: 18, flat_white_love, $2a$10$N.zmdr9k7uOCQb376NoUnuTJ8iAt6Z5EHsM8lE9lBOsl7iKTVKIUi, 13800000015, 1, null, 2026-06-23 06:40:41
<==        Row: 19, coffee_daily, $2a$10$N.zmdr9k7uOCQb376NoUnuTJ8iAt6Z5EHsM8lE9lBOsl7iKTVKIUi, 13800000016, 1, null, 2026-06-23 06:40:41
<==        Row: 20, bean_hunter, $2a$10$N.zmdr9k7uOCQb376NoUnuTJ8iAt6Z5EHsM8lE9lBOsl7iKTVKIUi, 13800000017, 1, null, 2026-06-23 06:40:41
<==        Row: 21, macchiato_fan, $2a$10$N.zmdr9k7uOCQb376NoUnuTJ8iAt6Z5EHsM8lE9lBOsl7iKTVKIUi, 13800000018, 1, null, 2026-06-23 06:40:41
<==        Row: 22, ristretto_lover, $2a$10$N.zmdr9k7uOCQb376NoUnuTJ8iAt6Z5EHsM8lE9lBOsl7iKTVKIUi, 13800000019, 1, null, 2026-06-23 06:40:41
<==        Row: 23, coffee_taster, $2a$10$N.zmdr9k7uOCQb376NoUnuTJ8iAt6Z5EHsM8lE9lBOsl7iKTVKIUi, 13800000020, 1, null, 2026-06-23 06:40:41
<==      Total: 9
Closing non transactional SqlSession [org.apache.ibatis.session.defaults.DefaultSqlSession@5f374209]
Creating a new SqlSession
SqlSession [org.apache.ibatis.session.defaults.DefaultSqlSession@3e8a24a3] was not registered for synchronization because synchronization is not active
JDBC Connection [HikariProxyConnection@9334094 wrapping com.mysql.cj.jdbc.ConnectionImpl@68add476] will not be managed by Spring
==>  Preparing: SELECT id,username,password,phone,status,avatar,create_time FROM sys_user WHERE id IN ( ? )
==> Parameters: 5(Long)
<==    Columns: id, username, password, phone, status, avatar, create_time
<==        Row: 5, barista_wang, $2a$10$N.zmdr9k7uOCQb376NoUnuTJ8iAt6Z5EHsM8lE9lBOsl7iKTVKIUi, 13800000002, 1, null, 2026-06-23 06:40:41
<==      Total: 1
Closing non transactional SqlSession [org.apache.ibatis.session.defaults.DefaultSqlSession@3e8a24a3]
Creating a new SqlSession
SqlSession [org.apache.ibatis.session.defaults.DefaultSqlSession@6e7e4a3f] was not registered for synchronization because synchronization is not active
JDBC Connection [HikariProxyConnection@262904135 wrapping com.mysql.cj.jdbc.ConnectionImpl@68add476] will not be managed by Spring
==>  Preparing: SELECT id,username,password,phone,status,avatar,create_time FROM sys_user WHERE id IN ( ? , ? , ? , ? , ? , ? , ? , ? , ? , ? , ? , ? )
==> Parameters: 1(Long), 17(Long), 18(Long), 19(Long), 20(Long), 22(Long), 23(Long), 7(Long), 11(Long), 12(Long), 13(Long), 14(Long)
<==    Columns: id, username, password, phone, status, avatar, create_time
<==        Row: 1, lx, $2a$10$DY8p4Q7r/lnC2ax327OH/u439shvAv9lH895iyIYyLxfz9cRgKKgW, 19185939281, 1, http://localhost:8080/uploads/avatars/avatar_1_1782735664998.png, 2026-06-21 20:09:20
<==        Row: 7, espresso_queen, $2a$10$N.zmdr9k7uOCQb376NoUnuTJ8iAt6Z5EHsM8lE9lBOsl7iKTVKIUi, 13800000004, 1, null, 2026-06-23 06:40:41
<==        Row: 11, cold_brew_king, $2a$10$N.zmdr9k7uOCQb376NoUnuTJ8iAt6Z5EHsM8lE9lBOsl7iKTVKIUi, 13800000008, 1, null, 2026-06-23 06:40:41
<==        Row: 12, coffee_snob, $2a$10$N.zmdr9k7uOCQb376NoUnuTJ8iAt6Z5EHsM8lE9lBOsl7iKTVKIUi, 13800000009, 1, null, 2026-06-23 06:40:41
<==        Row: 13, matcha_latte, $2a$10$N.zmdr9k7uOCQb376NoUnuTJ8iAt6Z5EHsM8lE9lBOsl7iKTVKIUi, 13800000010, 1, null, 2026-06-23 06:40:41
<==        Row: 14, cafe_hunter, $2a$10$N.zmdr9k7uOCQb376NoUnuTJ8iAt6Z5EHsM8lE9lBOsl7iKTVKIUi, 13800000011, 1, null, 2026-06-23 06:40:41
<==        Row: 17, single_origin, $2a$10$N.zmdr9k7uOCQb376NoUnuTJ8iAt6Z5EHsM8lE9lBOsl7iKTVKIUi, 13800000014, 1, null, 2026-06-23 06:40:41
<==        Row: 18, flat_white_love, $2a$10$N.zmdr9k7uOCQb376NoUnuTJ8iAt6Z5EHsM8lE9lBOsl7iKTVKIUi, 13800000015, 1, null, 2026-06-23 06:40:41
<==        Row: 19, coffee_daily, $2a$10$N.zmdr9k7uOCQb376NoUnuTJ8iAt6Z5EHsM8lE9lBOsl7iKTVKIUi, 13800000016, 1, null, 2026-06-23 06:40:41
<==        Row: 20, bean_hunter, $2a$10$N.zmdr9k7uOCQb376NoUnuTJ8iAt6Z5EHsM8lE9lBOsl7iKTVKIUi, 13800000017, 1, null, 2026-06-23 06:40:41
<==        Row: 22, ristretto_lover, $2a$10$N.zmdr9k7uOCQb376NoUnuTJ8iAt6Z5EHsM8lE9lBOsl7iKTVKIUi, 13800000019, 1, null, 2026-06-23 06:40:41
<==        Row: 23, coffee_taster, $2a$10$N.zmdr9k7uOCQb376NoUnuTJ8iAt6Z5EHsM8lE9lBOsl7iKTVKIUi, 13800000020, 1, null, 2026-06-23 06:40:41
<==      Total: 12
Closing non transactional SqlSession [org.apache.ibatis.session.defaults.DefaultSqlSession@6e7e4a3f]
Creating a new SqlSession
SqlSession [org.apache.ibatis.session.defaults.DefaultSqlSession@6bf39de2] was not registered for synchronization because synchronization is not active
JDBC Connection [HikariProxyConnection@1106418179 wrapping com.mysql.cj.jdbc.ConnectionImpl@68add476] will not be managed by Spring
==>  Preparing: SELECT id,username,password,phone,status,avatar,create_time FROM sys_user WHERE id IN ( ? , ? , ? , ? , ? , ? , ? , ? , ? , ? , ? , ? )
==> Parameters: 1(Long), 17(Long), 18(Long), 19(Long), 20(Long), 22(Long), 23(Long), 7(Long), 11(Long), 12(Long), 13(Long), 14(Long)
<==    Columns: id, username, password, phone, status, avatar, create_time
<==        Row: 1, lx, $2a$10$DY8p4Q7r/lnC2ax327OH/u439shvAv9lH895iyIYyLxfz9cRgKKgW, 19185939281, 1, http://localhost:8080/uploads/avatars/avatar_1_1782735664998.png, 2026-06-21 20:09:20
<==        Row: 7, espresso_queen, $2a$10$N.zmdr9k7uOCQb376NoUnuTJ8iAt6Z5EHsM8lE9lBOsl7iKTVKIUi, 13800000004, 1, null, 2026-06-23 06:40:41
<==        Row: 11, cold_brew_king, $2a$10$N.zmdr9k7uOCQb376NoUnuTJ8iAt6Z5EHsM8lE9lBOsl7iKTVKIUi, 13800000008, 1, null, 2026-06-23 06:40:41
<==        Row: 12, coffee_snob, $2a$10$N.zmdr9k7uOCQb376NoUnuTJ8iAt6Z5EHsM8lE9lBOsl7iKTVKIUi, 13800000009, 1, null, 2026-06-23 06:40:41
<==        Row: 13, matcha_latte, $2a$10$N.zmdr9k7uOCQb376NoUnuTJ8iAt6Z5EHsM8lE9lBOsl7iKTVKIUi, 13800000010, 1, null, 2026-06-23 06:40:41
<==        Row: 14, cafe_hunter, $2a$10$N.zmdr9k7uOCQb376NoUnuTJ8iAt6Z5EHsM8lE9lBOsl7iKTVKIUi, 13800000011, 1, null, 2026-06-23 06:40:41
<==        Row: 17, single_origin, $2a$10$N.zmdr9k7uOCQb376NoUnuTJ8iAt6Z5EHsM8lE9lBOsl7iKTVKIUi, 13800000014, 1, null, 2026-06-23 06:40:41
<==        Row: 18, flat_white_love, $2a$10$N.zmdr9k7uOCQb376NoUnuTJ8iAt6Z5EHsM8lE9lBOsl7iKTVKIUi, 13800000015, 1, null, 2026-06-23 06:40:41
<==        Row: 19, coffee_daily, $2a$10$N.zmdr9k7uOCQb376NoUnuTJ8iAt6Z5EHsM8lE9lBOsl7iKTVKIUi, 13800000016, 1, null, 2026-06-23 06:40:41
<==        Row: 20, bean_hunter, $2a$10$N.zmdr9k7uOCQb376NoUnuTJ8iAt6Z5EHsM8lE9lBOsl7iKTVKIUi, 13800000017, 1, null, 2026-06-23 06:40:41
<==        Row: 22, ristretto_lover, $2a$10$N.zmdr9k7uOCQb376NoUnuTJ8iAt6Z5EHsM8lE9lBOsl7iKTVKIUi, 13800000019, 1, null, 2026-06-23 06:40:41
<==        Row: 23, coffee_taster, $2a$10$N.zmdr9k7uOCQb376NoUnuTJ8iAt6Z5EHsM8lE9lBOsl7iKTVKIUi, 13800000020, 1, null, 2026-06-23 06:40:41
<==      Total: 12
Closing non transactional SqlSession [org.apache.ibatis.session.defaults.DefaultSqlSession@6bf39de2]
Creating a new SqlSession
SqlSession [org.apache.ibatis.session.defaults.DefaultSqlSession@6a34d436] was not registered for synchronization because synchronization is not active
JDBC Connection [HikariProxyConnection@1258717339 wrapping com.mysql.cj.jdbc.ConnectionImpl@68add476] will not be managed by Spring
==>  Preparing: SELECT id,username,password,phone,status,avatar,create_time FROM sys_user WHERE id IN ( ? , ? , ? , ? , ? , ? , ? , ? , ? , ? , ? , ? )
==> Parameters: 1(Long), 17(Long), 18(Long), 19(Long), 20(Long), 22(Long), 23(Long), 7(Long), 11(Long), 12(Long), 13(Long), 14(Long)
<==    Columns: id, username, password, phone, status, avatar, create_time
<==        Row: 1, lx, $2a$10$DY8p4Q7r/lnC2ax327OH/u439shvAv9lH895iyIYyLxfz9cRgKKgW, 19185939281, 1, http://localhost:8080/uploads/avatars/avatar_1_1782735664998.png, 2026-06-21 20:09:20
<==        Row: 7, espresso_queen, $2a$10$N.zmdr9k7uOCQb376NoUnuTJ8iAt6Z5EHsM8lE9lBOsl7iKTVKIUi, 13800000004, 1, null, 2026-06-23 06:40:41
<==        Row: 11, cold_brew_king, $2a$10$N.zmdr9k7uOCQb376NoUnuTJ8iAt6Z5EHsM8lE9lBOsl7iKTVKIUi, 13800000008, 1, null, 2026-06-23 06:40:41
<==        Row: 12, coffee_snob, $2a$10$N.zmdr9k7uOCQb376NoUnuTJ8iAt6Z5EHsM8lE9lBOsl7iKTVKIUi, 13800000009, 1, null, 2026-06-23 06:40:41
<==        Row: 13, matcha_latte, $2a$10$N.zmdr9k7uOCQb376NoUnuTJ8iAt6Z5EHsM8lE9lBOsl7iKTVKIUi, 13800000010, 1, null, 2026-06-23 06:40:41
<==        Row: 14, cafe_hunter, $2a$10$N.zmdr9k7uOCQb376NoUnuTJ8iAt6Z5EHsM8lE9lBOsl7iKTVKIUi, 13800000011, 1, null, 2026-06-23 06:40:41
<==        Row: 17, single_origin, $2a$10$N.zmdr9k7uOCQb376NoUnuTJ8iAt6Z5EHsM8lE9lBOsl7iKTVKIUi, 13800000014, 1, null, 2026-06-23 06:40:41
<==        Row: 18, flat_white_love, $2a$10$N.zmdr9k7uOCQb376NoUnuTJ8iAt6Z5EHsM8lE9lBOsl7iKTVKIUi, 13800000015, 1, null, 2026-06-23 06:40:41
<==        Row: 19, coffee_daily, $2a$10$N.zmdr9k7uOCQb376NoUnuTJ8iAt6Z5EHsM8lE9lBOsl7iKTVKIUi, 13800000016, 1, null, 2026-06-23 06:40:41
<==        Row: 20, bean_hunter, $2a$10$N.zmdr9k7uOCQb376NoUnuTJ8iAt6Z5EHsM8lE9lBOsl7iKTVKIUi, 13800000017, 1, null, 2026-06-23 06:40:41
<==        Row: 22, ristretto_lover, $2a$10$N.zmdr9k7uOCQb376NoUnuTJ8iAt6Z5EHsM8lE9lBOsl7iKTVKIUi, 13800000019, 1, null, 2026-06-23 06:40:41
<==        Row: 23, coffee_taster, $2a$10$N.zmdr9k7uOCQb376NoUnuTJ8iAt6Z5EHsM8lE9lBOsl7iKTVKIUi, 13800000020, 1, null, 2026-06-23 06:40:41
<==      Total: 12
Closing non transactional SqlSession [org.apache.ibatis.session.defaults.DefaultSqlSession@6a34d436]
Creating a new SqlSession
SqlSession [org.apache.ibatis.session.defaults.DefaultSqlSession@75164963] was not registered for synchronization because synchronization is not active
JDBC Connection [HikariProxyConnection@1321530836 wrapping com.mysql.cj.jdbc.ConnectionImpl@68add476] will not be managed by Spring
==>  Preparing: SELECT id,username,password,phone,status,avatar,create_time FROM sys_user WHERE id IN ( ? , ? , ? , ? , ? , ? , ? , ? , ? , ? , ? , ? )
==> Parameters: 1(Long), 17(Long), 18(Long), 19(Long), 20(Long), 22(Long), 23(Long), 7(Long), 11(Long), 12(Long), 13(Long), 14(Long)
<==    Columns: id, username, password, phone, status, avatar, create_time
<==        Row: 1, lx, $2a$10$DY8p4Q7r/lnC2ax327OH/u439shvAv9lH895iyIYyLxfz9cRgKKgW, 19185939281, 1, http://localhost:8080/uploads/avatars/avatar_1_1782735664998.png, 2026-06-21 20:09:20
<==        Row: 7, espresso_queen, $2a$10$N.zmdr9k7uOCQb376NoUnuTJ8iAt6Z5EHsM8lE9lBOsl7iKTVKIUi, 13800000004, 1, null, 2026-06-23 06:40:41
<==        Row: 11, cold_brew_king, $2a$10$N.zmdr9k7uOCQb376NoUnuTJ8iAt6Z5EHsM8lE9lBOsl7iKTVKIUi, 13800000008, 1, null, 2026-06-23 06:40:41
<==        Row: 12, coffee_snob, $2a$10$N.zmdr9k7uOCQb376NoUnuTJ8iAt6Z5EHsM8lE9lBOsl7iKTVKIUi, 13800000009, 1, null, 2026-06-23 06:40:41
<==        Row: 13, matcha_latte, $2a$10$N.zmdr9k7uOCQb376NoUnuTJ8iAt6Z5EHsM8lE9lBOsl7iKTVKIUi, 13800000010, 1, null, 2026-06-23 06:40:41
<==        Row: 14, cafe_hunter, $2a$10$N.zmdr9k7uOCQb376NoUnuTJ8iAt6Z5EHsM8lE9lBOsl7iKTVKIUi, 13800000011, 1, null, 2026-06-23 06:40:41
<==        Row: 17, single_origin, $2a$10$N.zmdr9k7uOCQb376NoUnuTJ8iAt6Z5EHsM8lE9lBOsl7iKTVKIUi, 13800000014, 1, null, 2026-06-23 06:40:41
<==        Row: 18, flat_white_love, $2a$10$N.zmdr9k7uOCQb376NoUnuTJ8iAt6Z5EHsM8lE9lBOsl7iKTVKIUi, 13800000015, 1, null, 2026-06-23 06:40:41
<==        Row: 19, coffee_daily, $2a$10$N.zmdr9k7uOCQb376NoUnuTJ8iAt6Z5EHsM8lE9lBOsl7iKTVKIUi, 13800000016, 1, null, 2026-06-23 06:40:41
<==        Row: 20, bean_hunter, $2a$10$N.zmdr9k7uOCQb376NoUnuTJ8iAt6Z5EHsM8lE9lBOsl7iKTVKIUi, 13800000017, 1, null, 2026-06-23 06:40:41
<==        Row: 22, ristretto_lover, $2a$10$N.zmdr9k7uOCQb376NoUnuTJ8iAt6Z5EHsM8lE9lBOsl7iKTVKIUi, 13800000019, 1, null, 2026-06-23 06:40:41
<==        Row: 23, coffee_taster, $2a$10$N.zmdr9k7uOCQb376NoUnuTJ8iAt6Z5EHsM8lE9lBOsl7iKTVKIUi, 13800000020, 1, null, 2026-06-23 06:40:41
<==      Total: 12
Closing non transactional SqlSession [org.apache.ibatis.session.defaults.DefaultSqlSession@75164963]
Creating a new SqlSession
SqlSession [org.apache.ibatis.session.defaults.DefaultSqlSession@571b8635] was not registered for synchronization because synchronization is not active
JDBC Connection [HikariProxyConnection@1378939843 wrapping com.mysql.cj.jdbc.ConnectionImpl@68add476] will not be managed by Spring
==>  Preparing: SELECT id,username,password,phone,status,avatar,create_time FROM sys_user WHERE id=?
==> Parameters: 1(Long)
<==    Columns: id, username, password, phone, status, avatar, create_time
<==        Row: 1, lx, $2a$10$DY8p4Q7r/lnC2ax327OH/u439shvAv9lH895iyIYyLxfz9cRgKKgW, 19185939281, 1, http://localhost:8080/uploads/avatars/avatar_1_1782735664998.png, 2026-06-21 20:09:20
<==      Total: 1
Closing non transactional SqlSession [org.apache.ibatis.session.defaults.DefaultSqlSession@571b8635]
Creating a new SqlSession
SqlSession [org.apache.ibatis.session.defaults.DefaultSqlSession@43806b33] was not registered for synchronization because synchronization is not active
JDBC Connection [HikariProxyConnection@641879616 wrapping com.mysql.cj.jdbc.ConnectionImpl@68add476] will not be managed by Spring
==>  Preparing: SELECT id,username,password,phone,status,avatar,create_time FROM sys_user WHERE id IN ( ? )
==> Parameters: 1(Long)
<==    Columns: id, username, password, phone, status, avatar, create_time
<==        Row: 1, lx, $2a$10$DY8p4Q7r/lnC2ax327OH/u439shvAv9lH895iyIYyLxfz9cRgKKgW, 19185939281, 1, http://localhost:8080/uploads/avatars/avatar_1_1782735664998.png, 2026-06-21 20:09:20
<==      Total: 1
Closing non transactional SqlSession [org.apache.ibatis.session.defaults.DefaultSqlSession@43806b33]
Creating a new SqlSession
SqlSession [org.apache.ibatis.session.defaults.DefaultSqlSession@6cb4b79d] was not registered for synchronization because synchronization is not active
JDBC Connection [HikariProxyConnection@459225956 wrapping com.mysql.cj.jdbc.ConnectionImpl@68add476] will not be managed by Spring
==>  Preparing: SELECT id,username,password,phone,status,avatar,create_time FROM sys_user WHERE id=?
==> Parameters: 1(Long)
<==    Columns: id, username, password, phone, status, avatar, create_time
<==        Row: 1, lx, $2a$10$DY8p4Q7r/lnC2ax327OH/u439shvAv9lH895iyIYyLxfz9cRgKKgW, 19185939281, 1, http://localhost:8080/uploads/avatars/avatar_1_1782735664998.png, 2026-06-21 20:09:20
<==      Total: 1
Closing non transactional SqlSession [org.apache.ibatis.session.defaults.DefaultSqlSession@6cb4b79d]
Creating a new SqlSession
SqlSession [org.apache.ibatis.session.defaults.DefaultSqlSession@40be1a52] was not registered for synchronization because synchronization is not active
JDBC Connection [HikariProxyConnection@1552785352 wrapping com.mysql.cj.jdbc.ConnectionImpl@68add476] will not be managed by Spring
==>  Preparing: SELECT id,username,password,phone,status,avatar,create_time FROM sys_user WHERE id IN ( ? )
==> Parameters: 1(Long)
<==    Columns: id, username, password, phone, status, avatar, create_time
<==        Row: 1, lx, $2a$10$DY8p4Q7r/lnC2ax327OH/u439shvAv9lH895iyIYyLxfz9cRgKKgW, 19185939281, 1, http://localhost:8080/uploads/avatars/avatar_1_1782735664998.png, 2026-06-21 20:09:20
<==      Total: 1
Closing non transactional SqlSession [org.apache.ibatis.session.defaults.DefaultSqlSession@40be1a52]
Creating a new SqlSession
SqlSession [org.apache.ibatis.session.defaults.DefaultSqlSession@2e41f419] was not registered for synchronization because synchronization is not active
JDBC Connection [HikariProxyConnection@635499978 wrapping com.mysql.cj.jdbc.ConnectionImpl@709ba45e] will not be managed by Spring
==>  Preparing: SELECT id,username,password,phone,status,avatar,create_time FROM sys_user WHERE id=?
==> Parameters: 1(Long)
<==    Columns: id, username, password, phone, status, avatar, create_time
<==        Row: 1, lx, $2a$10$DY8p4Q7r/lnC2ax327OH/u439shvAv9lH895iyIYyLxfz9cRgKKgW, 19185939281, 1, http://localhost:8080/uploads/avatars/avatar_1_1782735664998.png, 2026-06-21 20:09:20
<==      Total: 1
Closing non transactional SqlSession [org.apache.ibatis.session.defaults.DefaultSqlSession@2e41f419]
Creating a new SqlSession
SqlSession [org.apache.ibatis.session.defaults.DefaultSqlSession@6a0cb9bc] was not registered for synchronization because synchronization is not active
JDBC Connection [HikariProxyConnection@764852431 wrapping com.mysql.cj.jdbc.ConnectionImpl@709ba45e] will not be managed by Spring
==>  Preparing: SELECT id,username,password,phone,status,avatar,create_time FROM sys_user WHERE id IN ( ? )
==> Parameters: 1(Long)
<==    Columns: id, username, password, phone, status, avatar, create_time
<==        Row: 1, lx, $2a$10$DY8p4Q7r/lnC2ax327OH/u439shvAv9lH895iyIYyLxfz9cRgKKgW, 19185939281, 1, http://localhost:8080/uploads/avatars/avatar_1_1782735664998.png, 2026-06-21 20:09:20
<==      Total: 1
Closing non transactional SqlSession [org.apache.ibatis.session.defaults.DefaultSqlSession@6a0cb9bc]
Creating a new SqlSession
SqlSession [org.apache.ibatis.session.defaults.DefaultSqlSession@4f462065] was not registered for synchronization because synchronization is not active
JDBC Connection [HikariProxyConnection@545700370 wrapping com.mysql.cj.jdbc.ConnectionImpl@709ba45e] will not be managed by Spring
==>  Preparing: SELECT id,username,password,phone,status,avatar,create_time FROM sys_user WHERE id=?
==> Parameters: 1(Long)
<==    Columns: id, username, password, phone, status, avatar, create_time
<==        Row: 1, lx, $2a$10$DY8p4Q7r/lnC2ax327OH/u439shvAv9lH895iyIYyLxfz9cRgKKgW, 19185939281, 1, http://localhost:8080/uploads/avatars/avatar_1_1782735664998.png, 2026-06-21 20:09:20
<==      Total: 1
Closing non transactional SqlSession [org.apache.ibatis.session.defaults.DefaultSqlSession@4f462065]
Creating a new SqlSession
SqlSession [org.apache.ibatis.session.defaults.DefaultSqlSession@2aa000b7] was not registered for synchronization because synchronization is not active
JDBC Connection [HikariProxyConnection@1675711009 wrapping com.mysql.cj.jdbc.ConnectionImpl@709ba45e] will not be managed by Spring
==>  Preparing: SELECT id,username,password,phone,status,avatar,create_time FROM sys_user WHERE id IN ( ? )
==> Parameters: 1(Long)
<==    Columns: id, username, password, phone, status, avatar, create_time
<==        Row: 1, lx, $2a$10$DY8p4Q7r/lnC2ax327OH/u439shvAv9lH895iyIYyLxfz9cRgKKgW, 19185939281, 1, http://localhost:8080/uploads/avatars/avatar_1_1782735664998.png, 2026-06-21 20:09:20
<==      Total: 1
Closing non transactional SqlSession [org.apache.ibatis.session.defaults.DefaultSqlSession@2aa000b7]
Creating a new SqlSession
SqlSession [org.apache.ibatis.session.defaults.DefaultSqlSession@7eda05] was not registered for synchronization because synchronization is not active
JDBC Connection [HikariProxyConnection@396762961 wrapping com.mysql.cj.jdbc.ConnectionImpl@709ba45e] will not be managed by Spring
==>  Preparing: SELECT id,username,password,phone,status,avatar,create_time FROM sys_user WHERE id IN ( ? , ? , ? , ? , ? , ? , ? , ? , ? , ? , ? , ? )
==> Parameters: 1(Long), 17(Long), 18(Long), 19(Long), 20(Long), 22(Long), 23(Long), 7(Long), 11(Long), 12(Long), 13(Long), 14(Long)
<==    Columns: id, username, password, phone, status, avatar, create_time
<==        Row: 1, lx, $2a$10$DY8p4Q7r/lnC2ax327OH/u439shvAv9lH895iyIYyLxfz9cRgKKgW, 19185939281, 1, http://localhost:8080/uploads/avatars/avatar_1_1782735664998.png, 2026-06-21 20:09:20
<==        Row: 7, espresso_queen, $2a$10$N.zmdr9k7uOCQb376NoUnuTJ8iAt6Z5EHsM8lE9lBOsl7iKTVKIUi, 13800000004, 1, null, 2026-06-23 06:40:41
<==        Row: 11, cold_brew_king, $2a$10$N.zmdr9k7uOCQb376NoUnuTJ8iAt6Z5EHsM8lE9lBOsl7iKTVKIUi, 13800000008, 1, null, 2026-06-23 06:40:41
<==        Row: 12, coffee_snob, $2a$10$N.zmdr9k7uOCQb376NoUnuTJ8iAt6Z5EHsM8lE9lBOsl7iKTVKIUi, 13800000009, 1, null, 2026-06-23 06:40:41
<==        Row: 13, matcha_latte, $2a$10$N.zmdr9k7uOCQb376NoUnuTJ8iAt6Z5EHsM8lE9lBOsl7iKTVKIUi, 13800000010, 1, null, 2026-06-23 06:40:41
<==        Row: 14, cafe_hunter, $2a$10$N.zmdr9k7uOCQb376NoUnuTJ8iAt6Z5EHsM8lE9lBOsl7iKTVKIUi, 13800000011, 1, null, 2026-06-23 06:40:41
<==        Row: 17, single_origin, $2a$10$N.zmdr9k7uOCQb376NoUnuTJ8iAt6Z5EHsM8lE9lBOsl7iKTVKIUi, 13800000014, 1, null, 2026-06-23 06:40:41
<==        Row: 18, flat_white_love, $2a$10$N.zmdr9k7uOCQb376NoUnuTJ8iAt6Z5EHsM8lE9lBOsl7iKTVKIUi, 13800000015, 1, null, 2026-06-23 06:40:41
<==        Row: 19, coffee_daily, $2a$10$N.zmdr9k7uOCQb376NoUnuTJ8iAt6Z5EHsM8lE9lBOsl7iKTVKIUi, 13800000016, 1, null, 2026-06-23 06:40:41
<==        Row: 20, bean_hunter, $2a$10$N.zmdr9k7uOCQb376NoUnuTJ8iAt6Z5EHsM8lE9lBOsl7iKTVKIUi, 13800000017, 1, null, 2026-06-23 06:40:41
<==        Row: 22, ristretto_lover, $2a$10$N.zmdr9k7uOCQb376NoUnuTJ8iAt6Z5EHsM8lE9lBOsl7iKTVKIUi, 13800000019, 1, null, 2026-06-23 06:40:41
<==        Row: 23, coffee_taster, $2a$10$N.zmdr9k7uOCQb376NoUnuTJ8iAt6Z5EHsM8lE9lBOsl7iKTVKIUi, 13800000020, 1, null, 2026-06-23 06:40:41
<==      Total: 12
Closing non transactional SqlSession [org.apache.ibatis.session.defaults.DefaultSqlSession@7eda05]
Creating a new SqlSession
SqlSession [org.apache.ibatis.session.defaults.DefaultSqlSession@3473242] was not registered for synchronization because synchronization is not active
JDBC Connection [HikariProxyConnection@857457906 wrapping com.mysql.cj.jdbc.ConnectionImpl@709ba45e] will not be managed by Spring
==>  Preparing: SELECT id,username,password,phone,status,avatar,create_time FROM sys_user WHERE id IN ( ? , ? , ? , ? , ? , ? , ? , ? , ? )
==> Parameters: 16(Long), 1(Long), 17(Long), 18(Long), 19(Long), 20(Long), 21(Long), 22(Long), 23(Long)
<==    Columns: id, username, password, phone, status, avatar, create_time
<==        Row: 1, lx, $2a$10$DY8p4Q7r/lnC2ax327OH/u439shvAv9lH895iyIYyLxfz9cRgKKgW, 19185939281, 1, http://localhost:8080/uploads/avatars/avatar_1_1782735664998.png, 2026-06-21 20:09:20
<==        Row: 16, cappuccino_boy, $2a$10$N.zmdr9k7uOCQb376NoUnuTJ8iAt6Z5EHsM8lE9lBOsl7iKTVKIUi, 13800000013, 1, null, 2026-06-23 06:40:41
<==        Row: 17, single_origin, $2a$10$N.zmdr9k7uOCQb376NoUnuTJ8iAt6Z5EHsM8lE9lBOsl7iKTVKIUi, 13800000014, 1, null, 2026-06-23 06:40:41
<==        Row: 18, flat_white_love, $2a$10$N.zmdr9k7uOCQb376NoUnuTJ8iAt6Z5EHsM8lE9lBOsl7iKTVKIUi, 13800000015, 1, null, 2026-06-23 06:40:41
<==        Row: 19, coffee_daily, $2a$10$N.zmdr9k7uOCQb376NoUnuTJ8iAt6Z5EHsM8lE9lBOsl7iKTVKIUi, 13800000016, 1, null, 2026-06-23 06:40:41
<==        Row: 20, bean_hunter, $2a$10$N.zmdr9k7uOCQb376NoUnuTJ8iAt6Z5EHsM8lE9lBOsl7iKTVKIUi, 13800000017, 1, null, 2026-06-23 06:40:41
<==        Row: 21, macchiato_fan, $2a$10$N.zmdr9k7uOCQb376NoUnuTJ8iAt6Z5EHsM8lE9lBOsl7iKTVKIUi, 13800000018, 1, null, 2026-06-23 06:40:41
<==        Row: 22, ristretto_lover, $2a$10$N.zmdr9k7uOCQb376NoUnuTJ8iAt6Z5EHsM8lE9lBOsl7iKTVKIUi, 13800000019, 1, null, 2026-06-23 06:40:41
<==        Row: 23, coffee_taster, $2a$10$N.zmdr9k7uOCQb376NoUnuTJ8iAt6Z5EHsM8lE9lBOsl7iKTVKIUi, 13800000020, 1, null, 2026-06-23 06:40:41
<==      Total: 9
Closing non transactional SqlSession [org.apache.ibatis.session.defaults.DefaultSqlSession@3473242]
Creating a new SqlSession
SqlSession [org.apache.ibatis.session.defaults.DefaultSqlSession@669f519a] was not registered for synchronization because synchronization is not active
JDBC Connection [HikariProxyConnection@1702599544 wrapping com.mysql.cj.jdbc.ConnectionImpl@709ba45e] will not be managed by Spring
==>  Preparing: SELECT id,username,password,phone,status,avatar,create_time FROM sys_user WHERE id IN ( ? , ? , ? , ? , ? , ? , ? , ? , ? )
==> Parameters: 16(Long), 1(Long), 17(Long), 18(Long), 19(Long), 20(Long), 21(Long), 22(Long), 23(Long)
<==    Columns: id, username, password, phone, status, avatar, create_time
<==        Row: 1, lx, $2a$10$DY8p4Q7r/lnC2ax327OH/u439shvAv9lH895iyIYyLxfz9cRgKKgW, 19185939281, 1, http://localhost:8080/uploads/avatars/avatar_1_1782735664998.png, 2026-06-21 20:09:20
<==        Row: 16, cappuccino_boy, $2a$10$N.zmdr9k7uOCQb376NoUnuTJ8iAt6Z5EHsM8lE9lBOsl7iKTVKIUi, 13800000013, 1, null, 2026-06-23 06:40:41
<==        Row: 17, single_origin, $2a$10$N.zmdr9k7uOCQb376NoUnuTJ8iAt6Z5EHsM8lE9lBOsl7iKTVKIUi, 13800000014, 1, null, 2026-06-23 06:40:41
<==        Row: 18, flat_white_love, $2a$10$N.zmdr9k7uOCQb376NoUnuTJ8iAt6Z5EHsM8lE9lBOsl7iKTVKIUi, 13800000015, 1, null, 2026-06-23 06:40:41
<==        Row: 19, coffee_daily, $2a$10$N.zmdr9k7uOCQb376NoUnuTJ8iAt6Z5EHsM8lE9lBOsl7iKTVKIUi, 13800000016, 1, null, 2026-06-23 06:40:41
<==        Row: 20, bean_hunter, $2a$10$N.zmdr9k7uOCQb376NoUnuTJ8iAt6Z5EHsM8lE9lBOsl7iKTVKIUi, 13800000017, 1, null, 2026-06-23 06:40:41
<==        Row: 21, macchiato_fan, $2a$10$N.zmdr9k7uOCQb376NoUnuTJ8iAt6Z5EHsM8lE9lBOsl7iKTVKIUi, 13800000018, 1, null, 2026-06-23 06:40:41
<==        Row: 22, ristretto_lover, $2a$10$N.zmdr9k7uOCQb376NoUnuTJ8iAt6Z5EHsM8lE9lBOsl7iKTVKIUi, 13800000019, 1, null, 2026-06-23 06:40:41
<==        Row: 23, coffee_taster, $2a$10$N.zmdr9k7uOCQb376NoUnuTJ8iAt6Z5EHsM8lE9lBOsl7iKTVKIUi, 13800000020, 1, null, 2026-06-23 06:40:41
<==      Total: 9
Closing non transactional SqlSession [org.apache.ibatis.session.defaults.DefaultSqlSession@669f519a]
Creating a new SqlSession
SqlSession [org.apache.ibatis.session.defaults.DefaultSqlSession@31beb9a3] was not registered for synchronization because synchronization is not active
JDBC Connection [HikariProxyConnection@324162811 wrapping com.mysql.cj.jdbc.ConnectionImpl@709ba45e] will not be managed by Spring
==>  Preparing: SELECT id,username,password,phone,status,avatar,create_time FROM sys_user WHERE id IN ( ? )
==> Parameters: 5(Long)
<==    Columns: id, username, password, phone, status, avatar, create_time
<==        Row: 5, barista_wang, $2a$10$N.zmdr9k7uOCQb376NoUnuTJ8iAt6Z5EHsM8lE9lBOsl7iKTVKIUi, 13800000002, 1, null, 2026-06-23 06:40:41
<==      Total: 1
Closing non transactional SqlSession [org.apache.ibatis.session.defaults.DefaultSqlSession@31beb9a3]
Creating a new SqlSession
SqlSession [org.apache.ibatis.session.defaults.DefaultSqlSession@26b9a0] was not registered for synchronization because synchronization is not active
JDBC Connection [HikariProxyConnection@1086296932 wrapping com.mysql.cj.jdbc.ConnectionImpl@709ba45e] will not be managed by Spring
==>  Preparing: SELECT id,username,password,phone,status,avatar,create_time FROM sys_user WHERE id IN ( ? , ? , ? , ? , ? , ? , ? , ? , ? , ? , ? , ? )
==> Parameters: 1(Long), 17(Long), 18(Long), 19(Long), 20(Long), 22(Long), 23(Long), 7(Long), 11(Long), 12(Long), 13(Long), 14(Long)
<==    Columns: id, username, password, phone, status, avatar, create_time
<==        Row: 1, lx, $2a$10$DY8p4Q7r/lnC2ax327OH/u439shvAv9lH895iyIYyLxfz9cRgKKgW, 19185939281, 1, http://localhost:8080/uploads/avatars/avatar_1_1782735664998.png, 2026-06-21 20:09:20
<==        Row: 7, espresso_queen, $2a$10$N.zmdr9k7uOCQb376NoUnuTJ8iAt6Z5EHsM8lE9lBOsl7iKTVKIUi, 13800000004, 1, null, 2026-06-23 06:40:41
<==        Row: 11, cold_brew_king, $2a$10$N.zmdr9k7uOCQb376NoUnuTJ8iAt6Z5EHsM8lE9lBOsl7iKTVKIUi, 13800000008, 1, null, 2026-06-23 06:40:41
<==        Row: 12, coffee_snob, $2a$10$N.zmdr9k7uOCQb376NoUnuTJ8iAt6Z5EHsM8lE9lBOsl7iKTVKIUi, 13800000009, 1, null, 2026-06-23 06:40:41
<==        Row: 13, matcha_latte, $2a$10$N.zmdr9k7uOCQb376NoUnuTJ8iAt6Z5EHsM8lE9lBOsl7iKTVKIUi, 13800000010, 1, null, 2026-06-23 06:40:41
<==        Row: 14, cafe_hunter, $2a$10$N.zmdr9k7uOCQb376NoUnuTJ8iAt6Z5EHsM8lE9lBOsl7iKTVKIUi, 13800000011, 1, null, 2026-06-23 06:40:41
<==        Row: 17, single_origin, $2a$10$N.zmdr9k7uOCQb376NoUnuTJ8iAt6Z5EHsM8lE9lBOsl7iKTVKIUi, 13800000014, 1, null, 2026-06-23 06:40:41
<==        Row: 18, flat_white_love, $2a$10$N.zmdr9k7uOCQb376NoUnuTJ8iAt6Z5EHsM8lE9lBOsl7iKTVKIUi, 13800000015, 1, null, 2026-06-23 06:40:41
<==        Row: 19, coffee_daily, $2a$10$N.zmdr9k7uOCQb376NoUnuTJ8iAt6Z5EHsM8lE9lBOsl7iKTVKIUi, 13800000016, 1, null, 2026-06-23 06:40:41
<==        Row: 20, bean_hunter, $2a$10$N.zmdr9k7uOCQb376NoUnuTJ8iAt6Z5EHsM8lE9lBOsl7iKTVKIUi, 13800000017, 1, null, 2026-06-23 06:40:41
<==        Row: 22, ristretto_lover, $2a$10$N.zmdr9k7uOCQb376NoUnuTJ8iAt6Z5EHsM8lE9lBOsl7iKTVKIUi, 13800000019, 1, null, 2026-06-23 06:40:41
<==        Row: 23, coffee_taster, $2a$10$N.zmdr9k7uOCQb376NoUnuTJ8iAt6Z5EHsM8lE9lBOsl7iKTVKIUi, 13800000020, 1, null, 2026-06-23 06:40:41
<==      Total: 12
Closing non transactional SqlSession [org.apache.ibatis.session.defaults.DefaultSqlSession@26b9a0]
Creating a new SqlSession
SqlSession [org.apache.ibatis.session.defaults.DefaultSqlSession@1536fe05] was not registered for synchronization because synchronization is not active
JDBC Connection [HikariProxyConnection@1508842993 wrapping com.mysql.cj.jdbc.ConnectionImpl@709ba45e] will not be managed by Spring
==>  Preparing: SELECT id,username,password,phone,status,avatar,create_time FROM sys_user WHERE id IN ( ? , ? , ? , ? , ? , ? , ? , ? , ? , ? , ? , ? )
==> Parameters: 1(Long), 17(Long), 18(Long), 19(Long), 20(Long), 22(Long), 23(Long), 7(Long), 11(Long), 12(Long), 13(Long), 14(Long)
<==    Columns: id, username, password, phone, status, avatar, create_time
<==        Row: 1, lx, $2a$10$DY8p4Q7r/lnC2ax327OH/u439shvAv9lH895iyIYyLxfz9cRgKKgW, 19185939281, 1, http://localhost:8080/uploads/avatars/avatar_1_1782735664998.png, 2026-06-21 20:09:20
<==        Row: 7, espresso_queen, $2a$10$N.zmdr9k7uOCQb376NoUnuTJ8iAt6Z5EHsM8lE9lBOsl7iKTVKIUi, 13800000004, 1, null, 2026-06-23 06:40:41
<==        Row: 11, cold_brew_king, $2a$10$N.zmdr9k7uOCQb376NoUnuTJ8iAt6Z5EHsM8lE9lBOsl7iKTVKIUi, 13800000008, 1, null, 2026-06-23 06:40:41
<==        Row: 12, coffee_snob, $2a$10$N.zmdr9k7uOCQb376NoUnuTJ8iAt6Z5EHsM8lE9lBOsl7iKTVKIUi, 13800000009, 1, null, 2026-06-23 06:40:41
<==        Row: 13, matcha_latte, $2a$10$N.zmdr9k7uOCQb376NoUnuTJ8iAt6Z5EHsM8lE9lBOsl7iKTVKIUi, 13800000010, 1, null, 2026-06-23 06:40:41
<==        Row: 14, cafe_hunter, $2a$10$N.zmdr9k7uOCQb376NoUnuTJ8iAt6Z5EHsM8lE9lBOsl7iKTVKIUi, 13800000011, 1, null, 2026-06-23 06:40:41
<==        Row: 17, single_origin, $2a$10$N.zmdr9k7uOCQb376NoUnuTJ8iAt6Z5EHsM8lE9lBOsl7iKTVKIUi, 13800000014, 1, null, 2026-06-23 06:40:41
<==        Row: 18, flat_white_love, $2a$10$N.zmdr9k7uOCQb376NoUnuTJ8iAt6Z5EHsM8lE9lBOsl7iKTVKIUi, 13800000015, 1, null, 2026-06-23 06:40:41
<==        Row: 19, coffee_daily, $2a$10$N.zmdr9k7uOCQb376NoUnuTJ8iAt6Z5EHsM8lE9lBOsl7iKTVKIUi, 13800000016, 1, null, 2026-06-23 06:40:41
<==        Row: 20, bean_hunter, $2a$10$N.zmdr9k7uOCQb376NoUnuTJ8iAt6Z5EHsM8lE9lBOsl7iKTVKIUi, 13800000017, 1, null, 2026-06-23 06:40:41
<==        Row: 22, ristretto_lover, $2a$10$N.zmdr9k7uOCQb376NoUnuTJ8iAt6Z5EHsM8lE9lBOsl7iKTVKIUi, 13800000019, 1, null, 2026-06-23 06:40:41
<==        Row: 23, coffee_taster, $2a$10$N.zmdr9k7uOCQb376NoUnuTJ8iAt6Z5EHsM8lE9lBOsl7iKTVKIUi, 13800000020, 1, null, 2026-06-23 06:40:41
<==      Total: 12
Closing non transactional SqlSession [org.apache.ibatis.session.defaults.DefaultSqlSession@1536fe05]
Creating a new SqlSession
SqlSession [org.apache.ibatis.session.defaults.DefaultSqlSession@247b3cd2] was not registered for synchronization because synchronization is not active
JDBC Connection [HikariProxyConnection@1514169648 wrapping com.mysql.cj.jdbc.ConnectionImpl@709ba45e] will not be managed by Spring
==>  Preparing: SELECT id,username,password,phone,status,avatar,create_time FROM sys_user WHERE id=?
==> Parameters: 1(Long)
<==    Columns: id, username, password, phone, status, avatar, create_time
<==        Row: 1, lx, $2a$10$DY8p4Q7r/lnC2ax327OH/u439shvAv9lH895iyIYyLxfz9cRgKKgW, 19185939281, 1, http://localhost:8080/uploads/avatars/avatar_1_1782735664998.png, 2026-06-21 20:09:20
<==      Total: 1
Closing non transactional SqlSession [org.apache.ibatis.session.defaults.DefaultSqlSession@247b3cd2]
Creating a new SqlSession
SqlSession [org.apache.ibatis.session.defaults.DefaultSqlSession@73894ba] was not registered for synchronization because synchronization is not active
JDBC Connection [HikariProxyConnection@1902172330 wrapping com.mysql.cj.jdbc.ConnectionImpl@709ba45e] will not be managed by Spring
==>  Preparing: SELECT id,username,password,phone,status,avatar,create_time FROM sys_user WHERE id IN ( ? )
==> Parameters: 1(Long)
<==    Columns: id, username, password, phone, status, avatar, create_time
<==        Row: 1, lx, $2a$10$DY8p4Q7r/lnC2ax327OH/u439shvAv9lH895iyIYyLxfz9cRgKKgW, 19185939281, 1, http://localhost:8080/uploads/avatars/avatar_1_1782735664998.png, 2026-06-21 20:09:20
<==      Total: 1
Closing non transactional SqlSession [org.apache.ibatis.session.defaults.DefaultSqlSession@73894ba]
Creating a new SqlSession
SqlSession [org.apache.ibatis.session.defaults.DefaultSqlSession@53541703] was not registered for synchronization because synchronization is not active
JDBC Connection [HikariProxyConnection@1553634700 wrapping com.mysql.cj.jdbc.ConnectionImpl@709ba45e] will not be managed by Spring
==>  Preparing: SELECT id,username,password,phone,status,avatar,create_time FROM sys_user WHERE id IN ( ? , ? , ? , ? , ? , ? , ? , ? , ? , ? , ? , ? )
==> Parameters: 1(Long), 17(Long), 18(Long), 19(Long), 20(Long), 22(Long), 23(Long), 7(Long), 11(Long), 12(Long), 13(Long), 14(Long)
<==    Columns: id, username, password, phone, status, avatar, create_time
<==        Row: 1, lx, $2a$10$DY8p4Q7r/lnC2ax327OH/u439shvAv9lH895iyIYyLxfz9cRgKKgW, 19185939281, 1, http://localhost:8080/uploads/avatars/avatar_1_1782735664998.png, 2026-06-21 20:09:20
<==        Row: 7, espresso_queen, $2a$10$N.zmdr9k7uOCQb376NoUnuTJ8iAt6Z5EHsM8lE9lBOsl7iKTVKIUi, 13800000004, 1, null, 2026-06-23 06:40:41
<==        Row: 11, cold_brew_king, $2a$10$N.zmdr9k7uOCQb376NoUnuTJ8iAt6Z5EHsM8lE9lBOsl7iKTVKIUi, 13800000008, 1, null, 2026-06-23 06:40:41
<==        Row: 12, coffee_snob, $2a$10$N.zmdr9k7uOCQb376NoUnuTJ8iAt6Z5EHsM8lE9lBOsl7iKTVKIUi, 13800000009, 1, null, 2026-06-23 06:40:41
<==        Row: 13, matcha_latte, $2a$10$N.zmdr9k7uOCQb376NoUnuTJ8iAt6Z5EHsM8lE9lBOsl7iKTVKIUi, 13800000010, 1, null, 2026-06-23 06:40:41
<==        Row: 14, cafe_hunter, $2a$10$N.zmdr9k7uOCQb376NoUnuTJ8iAt6Z5EHsM8lE9lBOsl7iKTVKIUi, 13800000011, 1, null, 2026-06-23 06:40:41
<==        Row: 17, single_origin, $2a$10$N.zmdr9k7uOCQb376NoUnuTJ8iAt6Z5EHsM8lE9lBOsl7iKTVKIUi, 13800000014, 1, null, 2026-06-23 06:40:41
<==        Row: 18, flat_white_love, $2a$10$N.zmdr9k7uOCQb376NoUnuTJ8iAt6Z5EHsM8lE9lBOsl7iKTVKIUi, 13800000015, 1, null, 2026-06-23 06:40:41
<==        Row: 19, coffee_daily, $2a$10$N.zmdr9k7uOCQb376NoUnuTJ8iAt6Z5EHsM8lE9lBOsl7iKTVKIUi, 13800000016, 1, null, 2026-06-23 06:40:41
<==        Row: 20, bean_hunter, $2a$10$N.zmdr9k7uOCQb376NoUnuTJ8iAt6Z5EHsM8lE9lBOsl7iKTVKIUi, 13800000017, 1, null, 2026-06-23 06:40:41
<==        Row: 22, ristretto_lover, $2a$10$N.zmdr9k7uOCQb376NoUnuTJ8iAt6Z5EHsM8lE9lBOsl7iKTVKIUi, 13800000019, 1, null, 2026-06-23 06:40:41
<==        Row: 23, coffee_taster, $2a$10$N.zmdr9k7uOCQb376NoUnuTJ8iAt6Z5EHsM8lE9lBOsl7iKTVKIUi, 13800000020, 1, null, 2026-06-23 06:40:41
<==      Total: 12
Closing non transactional SqlSession [org.apache.ibatis.session.defaults.DefaultSqlSession@53541703]
Creating a new SqlSession
SqlSession [org.apache.ibatis.session.defaults.DefaultSqlSession@41a81a2a] was not registered for synchronization because synchronization is not active
JDBC Connection [HikariProxyConnection@1571258372 wrapping com.mysql.cj.jdbc.ConnectionImpl@709ba45e] will not be managed by Spring
==>  Preparing: SELECT id,username,password,phone,status,avatar,create_time FROM sys_user WHERE id IN ( ? , ? , ? , ? , ? , ? , ? , ? , ? , ? , ? , ? )
==> Parameters: 1(Long), 17(Long), 18(Long), 19(Long), 20(Long), 22(Long), 23(Long), 7(Long), 11(Long), 12(Long), 13(Long), 14(Long)
<==    Columns: id, username, password, phone, status, avatar, create_time
<==        Row: 1, lx, $2a$10$DY8p4Q7r/lnC2ax327OH/u439shvAv9lH895iyIYyLxfz9cRgKKgW, 19185939281, 1, http://localhost:8080/uploads/avatars/avatar_1_1782735664998.png, 2026-06-21 20:09:20
<==        Row: 7, espresso_queen, $2a$10$N.zmdr9k7uOCQb376NoUnuTJ8iAt6Z5EHsM8lE9lBOsl7iKTVKIUi, 13800000004, 1, null, 2026-06-23 06:40:41
<==        Row: 11, cold_brew_king, $2a$10$N.zmdr9k7uOCQb376NoUnuTJ8iAt6Z5EHsM8lE9lBOsl7iKTVKIUi, 13800000008, 1, null, 2026-06-23 06:40:41
<==        Row: 12, coffee_snob, $2a$10$N.zmdr9k7uOCQb376NoUnuTJ8iAt6Z5EHsM8lE9lBOsl7iKTVKIUi, 13800000009, 1, null, 2026-06-23 06:40:41
<==        Row: 13, matcha_latte, $2a$10$N.zmdr9k7uOCQb376NoUnuTJ8iAt6Z5EHsM8lE9lBOsl7iKTVKIUi, 13800000010, 1, null, 2026-06-23 06:40:41
<==        Row: 14, cafe_hunter, $2a$10$N.zmdr9k7uOCQb376NoUnuTJ8iAt6Z5EHsM8lE9lBOsl7iKTVKIUi, 13800000011, 1, null, 2026-06-23 06:40:41
<==        Row: 17, single_origin, $2a$10$N.zmdr9k7uOCQb376NoUnuTJ8iAt6Z5EHsM8lE9lBOsl7iKTVKIUi, 13800000014, 1, null, 2026-06-23 06:40:41
<==        Row: 18, flat_white_love, $2a$10$N.zmdr9k7uOCQb376NoUnuTJ8iAt6Z5EHsM8lE9lBOsl7iKTVKIUi, 13800000015, 1, null, 2026-06-23 06:40:41
<==        Row: 19, coffee_daily, $2a$10$N.zmdr9k7uOCQb376NoUnuTJ8iAt6Z5EHsM8lE9lBOsl7iKTVKIUi, 13800000016, 1, null, 2026-06-23 06:40:41
<==        Row: 20, bean_hunter, $2a$10$N.zmdr9k7uOCQb376NoUnuTJ8iAt6Z5EHsM8lE9lBOsl7iKTVKIUi, 13800000017, 1, null, 2026-06-23 06:40:41
<==        Row: 22, ristretto_lover, $2a$10$N.zmdr9k7uOCQb376NoUnuTJ8iAt6Z5EHsM8lE9lBOsl7iKTVKIUi, 13800000019, 1, null, 2026-06-23 06:40:41
<==        Row: 23, coffee_taster, $2a$10$N.zmdr9k7uOCQb376NoUnuTJ8iAt6Z5EHsM8lE9lBOsl7iKTVKIUi, 13800000020, 1, null, 2026-06-23 06:40:41
<==      Total: 12
Closing non transactional SqlSession [org.apache.ibatis.session.defaults.DefaultSqlSession@41a81a2a]
Creating a new SqlSession
SqlSession [org.apache.ibatis.session.defaults.DefaultSqlSession@7d06817a] was not registered for synchronization because synchronization is not active
JDBC Connection [HikariProxyConnection@1222171843 wrapping com.mysql.cj.jdbc.ConnectionImpl@709ba45e] will not be managed by Spring
==>  Preparing: SELECT id,username,password,phone,status,avatar,create_time FROM sys_user WHERE id IN ( ? , ? , ? , ? , ? , ? , ? , ? , ? , ? , ? , ? )
==> Parameters: 1(Long), 17(Long), 18(Long), 19(Long), 20(Long), 22(Long), 23(Long), 7(Long), 11(Long), 12(Long), 13(Long), 14(Long)
<==    Columns: id, username, password, phone, status, avatar, create_time
<==        Row: 1, lx, $2a$10$DY8p4Q7r/lnC2ax327OH/u439shvAv9lH895iyIYyLxfz9cRgKKgW, 19185939281, 1, http://localhost:8080/uploads/avatars/avatar_1_1782735664998.png, 2026-06-21 20:09:20
<==        Row: 7, espresso_queen, $2a$10$N.zmdr9k7uOCQb376NoUnuTJ8iAt6Z5EHsM8lE9lBOsl7iKTVKIUi, 13800000004, 1, null, 2026-06-23 06:40:41
<==        Row: 11, cold_brew_king, $2a$10$N.zmdr9k7uOCQb376NoUnuTJ8iAt6Z5EHsM8lE9lBOsl7iKTVKIUi, 13800000008, 1, null, 2026-06-23 06:40:41
<==        Row: 12, coffee_snob, $2a$10$N.zmdr9k7uOCQb376NoUnuTJ8iAt6Z5EHsM8lE9lBOsl7iKTVKIUi, 13800000009, 1, null, 2026-06-23 06:40:41
<==        Row: 13, matcha_latte, $2a$10$N.zmdr9k7uOCQb376NoUnuTJ8iAt6Z5EHsM8lE9lBOsl7iKTVKIUi, 13800000010, 1, null, 2026-06-23 06:40:41
<==        Row: 14, cafe_hunter, $2a$10$N.zmdr9k7uOCQb376NoUnuTJ8iAt6Z5EHsM8lE9lBOsl7iKTVKIUi, 13800000011, 1, null, 2026-06-23 06:40:41
<==        Row: 17, single_origin, $2a$10$N.zmdr9k7uOCQb376NoUnuTJ8iAt6Z5EHsM8lE9lBOsl7iKTVKIUi, 13800000014, 1, null, 2026-06-23 06:40:41
<==        Row: 18, flat_white_love, $2a$10$N.zmdr9k7uOCQb376NoUnuTJ8iAt6Z5EHsM8lE9lBOsl7iKTVKIUi, 13800000015, 1, null, 2026-06-23 06:40:41
<==        Row: 19, coffee_daily, $2a$10$N.zmdr9k7uOCQb376NoUnuTJ8iAt6Z5EHsM8lE9lBOsl7iKTVKIUi, 13800000016, 1, null, 2026-06-23 06:40:41
<==        Row: 20, bean_hunter, $2a$10$N.zmdr9k7uOCQb376NoUnuTJ8iAt6Z5EHsM8lE9lBOsl7iKTVKIUi, 13800000017, 1, null, 2026-06-23 06:40:41
<==        Row: 22, ristretto_lover, $2a$10$N.zmdr9k7uOCQb376NoUnuTJ8iAt6Z5EHsM8lE9lBOsl7iKTVKIUi, 13800000019, 1, null, 2026-06-23 06:40:41
<==        Row: 23, coffee_taster, $2a$10$N.zmdr9k7uOCQb376NoUnuTJ8iAt6Z5EHsM8lE9lBOsl7iKTVKIUi, 13800000020, 1, null, 2026-06-23 06:40:41
<==      Total: 12
Closing non transactional SqlSession [org.apache.ibatis.session.defaults.DefaultSqlSession@7d06817a]
Creating a new SqlSession
SqlSession [org.apache.ibatis.session.defaults.DefaultSqlSession@b615574] was not registered for synchronization because synchronization is not active
JDBC Connection [HikariProxyConnection@569264407 wrapping com.mysql.cj.jdbc.ConnectionImpl@709ba45e] will not be managed by Spring
==>  Preparing: SELECT id,username,password,phone,status,avatar,create_time FROM sys_user WHERE id IN ( ? , ? , ? , ? , ? , ? , ? , ? , ? )
==> Parameters: 16(Long), 1(Long), 17(Long), 18(Long), 19(Long), 20(Long), 21(Long), 22(Long), 23(Long)
<==    Columns: id, username, password, phone, status, avatar, create_time
<==        Row: 1, lx, $2a$10$DY8p4Q7r/lnC2ax327OH/u439shvAv9lH895iyIYyLxfz9cRgKKgW, 19185939281, 1, http://localhost:8080/uploads/avatars/avatar_1_1782735664998.png, 2026-06-21 20:09:20
<==        Row: 16, cappuccino_boy, $2a$10$N.zmdr9k7uOCQb376NoUnuTJ8iAt6Z5EHsM8lE9lBOsl7iKTVKIUi, 13800000013, 1, null, 2026-06-23 06:40:41
<==        Row: 17, single_origin, $2a$10$N.zmdr9k7uOCQb376NoUnuTJ8iAt6Z5EHsM8lE9lBOsl7iKTVKIUi, 13800000014, 1, null, 2026-06-23 06:40:41
<==        Row: 18, flat_white_love, $2a$10$N.zmdr9k7uOCQb376NoUnuTJ8iAt6Z5EHsM8lE9lBOsl7iKTVKIUi, 13800000015, 1, null, 2026-06-23 06:40:41
<==        Row: 19, coffee_daily, $2a$10$N.zmdr9k7uOCQb376NoUnuTJ8iAt6Z5EHsM8lE9lBOsl7iKTVKIUi, 13800000016, 1, null, 2026-06-23 06:40:41
<==        Row: 20, bean_hunter, $2a$10$N.zmdr9k7uOCQb376NoUnuTJ8iAt6Z5EHsM8lE9lBOsl7iKTVKIUi, 13800000017, 1, null, 2026-06-23 06:40:41
<==        Row: 21, macchiato_fan, $2a$10$N.zmdr9k7uOCQb376NoUnuTJ8iAt6Z5EHsM8lE9lBOsl7iKTVKIUi, 13800000018, 1, null, 2026-06-23 06:40:41
<==        Row: 22, ristretto_lover, $2a$10$N.zmdr9k7uOCQb376NoUnuTJ8iAt6Z5EHsM8lE9lBOsl7iKTVKIUi, 13800000019, 1, null, 2026-06-23 06:40:41
<==        Row: 23, coffee_taster, $2a$10$N.zmdr9k7uOCQb376NoUnuTJ8iAt6Z5EHsM8lE9lBOsl7iKTVKIUi, 13800000020, 1, null, 2026-06-23 06:40:41
<==      Total: 9
Closing non transactional SqlSession [org.apache.ibatis.session.defaults.DefaultSqlSession@b615574]
Creating a new SqlSession
SqlSession [org.apache.ibatis.session.defaults.DefaultSqlSession@185a4215] was not registered for synchronization because synchronization is not active
JDBC Connection [HikariProxyConnection@421683838 wrapping com.mysql.cj.jdbc.ConnectionImpl@709ba45e] will not be managed by Spring
==>  Preparing: SELECT id,username,password,phone,status,avatar,create_time FROM sys_user WHERE id IN ( ? )
==> Parameters: 5(Long)
<==    Columns: id, username, password, phone, status, avatar, create_time
<==        Row: 5, barista_wang, $2a$10$N.zmdr9k7uOCQb376NoUnuTJ8iAt6Z5EHsM8lE9lBOsl7iKTVKIUi, 13800000002, 1, null, 2026-06-23 06:40:41
<==      Total: 1
Closing non transactional SqlSession [org.apache.ibatis.session.defaults.DefaultSqlSession@185a4215]
Creating a new SqlSession
SqlSession [org.apache.ibatis.session.defaults.DefaultSqlSession@2cb8f604] was not registered for synchronization because synchronization is not active
JDBC Connection [HikariProxyConnection@1596395679 wrapping com.mysql.cj.jdbc.ConnectionImpl@709ba45e] will not be managed by Spring
==>  Preparing: SELECT id,username,password,phone,status,avatar,create_time FROM sys_user WHERE id IN ( ? , ? , ? , ? , ? , ? , ? , ? , ? , ? , ? , ? )
==> Parameters: 1(Long), 17(Long), 18(Long), 19(Long), 20(Long), 22(Long), 23(Long), 7(Long), 11(Long), 12(Long), 13(Long), 14(Long)
<==    Columns: id, username, password, phone, status, avatar, create_time
<==        Row: 1, lx, $2a$10$DY8p4Q7r/lnC2ax327OH/u439shvAv9lH895iyIYyLxfz9cRgKKgW, 19185939281, 1, http://localhost:8080/uploads/avatars/avatar_1_1782735664998.png, 2026-06-21 20:09:20
<==        Row: 7, espresso_queen, $2a$10$N.zmdr9k7uOCQb376NoUnuTJ8iAt6Z5EHsM8lE9lBOsl7iKTVKIUi, 13800000004, 1, null, 2026-06-23 06:40:41
<==        Row: 11, cold_brew_king, $2a$10$N.zmdr9k7uOCQb376NoUnuTJ8iAt6Z5EHsM8lE9lBOsl7iKTVKIUi, 13800000008, 1, null, 2026-06-23 06:40:41
<==        Row: 12, coffee_snob, $2a$10$N.zmdr9k7uOCQb376NoUnuTJ8iAt6Z5EHsM8lE9lBOsl7iKTVKIUi, 13800000009, 1, null, 2026-06-23 06:40:41
<==        Row: 13, matcha_latte, $2a$10$N.zmdr9k7uOCQb376NoUnuTJ8iAt6Z5EHsM8lE9lBOsl7iKTVKIUi, 13800000010, 1, null, 2026-06-23 06:40:41
<==        Row: 14, cafe_hunter, $2a$10$N.zmdr9k7uOCQb376NoUnuTJ8iAt6Z5EHsM8lE9lBOsl7iKTVKIUi, 13800000011, 1, null, 2026-06-23 06:40:41
<==        Row: 17, single_origin, $2a$10$N.zmdr9k7uOCQb376NoUnuTJ8iAt6Z5EHsM8lE9lBOsl7iKTVKIUi, 13800000014, 1, null, 2026-06-23 06:40:41
<==        Row: 18, flat_white_love, $2a$10$N.zmdr9k7uOCQb376NoUnuTJ8iAt6Z5EHsM8lE9lBOsl7iKTVKIUi, 13800000015, 1, null, 2026-06-23 06:40:41
<==        Row: 19, coffee_daily, $2a$10$N.zmdr9k7uOCQb376NoUnuTJ8iAt6Z5EHsM8lE9lBOsl7iKTVKIUi, 13800000016, 1, null, 2026-06-23 06:40:41
<==        Row: 20, bean_hunter, $2a$10$N.zmdr9k7uOCQb376NoUnuTJ8iAt6Z5EHsM8lE9lBOsl7iKTVKIUi, 13800000017, 1, null, 2026-06-23 06:40:41
<==        Row: 22, ristretto_lover, $2a$10$N.zmdr9k7uOCQb376NoUnuTJ8iAt6Z5EHsM8lE9lBOsl7iKTVKIUi, 13800000019, 1, null, 2026-06-23 06:40:41
<==        Row: 23, coffee_taster, $2a$10$N.zmdr9k7uOCQb376NoUnuTJ8iAt6Z5EHsM8lE9lBOsl7iKTVKIUi, 13800000020, 1, null, 2026-06-23 06:40:41
<==      Total: 12
Closing non transactional SqlSession [org.apache.ibatis.session.defaults.DefaultSqlSession@2cb8f604]
Creating a new SqlSession
SqlSession [org.apache.ibatis.session.defaults.DefaultSqlSession@5f7b41f7] was not registered for synchronization because synchronization is not active
JDBC Connection [HikariProxyConnection@373229107 wrapping com.mysql.cj.jdbc.ConnectionImpl@709ba45e] will not be managed by Spring
==>  Preparing: SELECT id,username,password,phone,status,avatar,create_time FROM sys_user WHERE id IN ( ? , ? , ? , ? , ? , ? , ? , ? , ? )
==> Parameters: 16(Long), 1(Long), 17(Long), 18(Long), 19(Long), 20(Long), 21(Long), 22(Long), 23(Long)
<==    Columns: id, username, password, phone, status, avatar, create_time
<==        Row: 1, lx, $2a$10$DY8p4Q7r/lnC2ax327OH/u439shvAv9lH895iyIYyLxfz9cRgKKgW, 19185939281, 1, http://localhost:8080/uploads/avatars/avatar_1_1782735664998.png, 2026-06-21 20:09:20
<==        Row: 16, cappuccino_boy, $2a$10$N.zmdr9k7uOCQb376NoUnuTJ8iAt6Z5EHsM8lE9lBOsl7iKTVKIUi, 13800000013, 1, null, 2026-06-23 06:40:41
<==        Row: 17, single_origin, $2a$10$N.zmdr9k7uOCQb376NoUnuTJ8iAt6Z5EHsM8lE9lBOsl7iKTVKIUi, 13800000014, 1, null, 2026-06-23 06:40:41
<==        Row: 18, flat_white_love, $2a$10$N.zmdr9k7uOCQb376NoUnuTJ8iAt6Z5EHsM8lE9lBOsl7iKTVKIUi, 13800000015, 1, null, 2026-06-23 06:40:41
<==        Row: 19, coffee_daily, $2a$10$N.zmdr9k7uOCQb376NoUnuTJ8iAt6Z5EHsM8lE9lBOsl7iKTVKIUi, 13800000016, 1, null, 2026-06-23 06:40:41
<==        Row: 20, bean_hunter, $2a$10$N.zmdr9k7uOCQb376NoUnuTJ8iAt6Z5EHsM8lE9lBOsl7iKTVKIUi, 13800000017, 1, null, 2026-06-23 06:40:41
<==        Row: 21, macchiato_fan, $2a$10$N.zmdr9k7uOCQb376NoUnuTJ8iAt6Z5EHsM8lE9lBOsl7iKTVKIUi, 13800000018, 1, null, 2026-06-23 06:40:41
<==        Row: 22, ristretto_lover, $2a$10$N.zmdr9k7uOCQb376NoUnuTJ8iAt6Z5EHsM8lE9lBOsl7iKTVKIUi, 13800000019, 1, null, 2026-06-23 06:40:41
<==        Row: 23, coffee_taster, $2a$10$N.zmdr9k7uOCQb376NoUnuTJ8iAt6Z5EHsM8lE9lBOsl7iKTVKIUi, 13800000020, 1, null, 2026-06-23 06:40:41
<==      Total: 9
Closing non transactional SqlSession [org.apache.ibatis.session.defaults.DefaultSqlSession@5f7b41f7]
Creating a new SqlSession
SqlSession [org.apache.ibatis.session.defaults.DefaultSqlSession@5defc8f4] was not registered for synchronization because synchronization is not active
JDBC Connection [HikariProxyConnection@425197899 wrapping com.mysql.cj.jdbc.ConnectionImpl@709ba45e] will not be managed by Spring
==>  Preparing: SELECT id,username,password,phone,status,avatar,create_time FROM sys_user WHERE id IN ( ? )
==> Parameters: 5(Long)
<==    Columns: id, username, password, phone, status, avatar, create_time
<==        Row: 5, barista_wang, $2a$10$N.zmdr9k7uOCQb376NoUnuTJ8iAt6Z5EHsM8lE9lBOsl7iKTVKIUi, 13800000002, 1, null, 2026-06-23 06:40:41
<==      Total: 1
Closing non transactional SqlSession [org.apache.ibatis.session.defaults.DefaultSqlSession@5defc8f4]
Creating a new SqlSession
SqlSession [org.apache.ibatis.session.defaults.DefaultSqlSession@16f17f3e] was not registered for synchronization because synchronization is not active
JDBC Connection [HikariProxyConnection@1796299934 wrapping com.mysql.cj.jdbc.ConnectionImpl@709ba45e] will not be managed by Spring
==>  Preparing: SELECT id,username,password,phone,status,avatar,create_time FROM sys_user WHERE id IN ( ? , ? , ? , ? , ? , ? , ? , ? , ? , ? , ? , ? )
==> Parameters: 1(Long), 17(Long), 18(Long), 19(Long), 20(Long), 22(Long), 23(Long), 7(Long), 11(Long), 12(Long), 13(Long), 14(Long)
<==    Columns: id, username, password, phone, status, avatar, create_time
<==        Row: 1, lx, $2a$10$DY8p4Q7r/lnC2ax327OH/u439shvAv9lH895iyIYyLxfz9cRgKKgW, 19185939281, 1, http://localhost:8080/uploads/avatars/avatar_1_1782735664998.png, 2026-06-21 20:09:20
<==        Row: 7, espresso_queen, $2a$10$N.zmdr9k7uOCQb376NoUnuTJ8iAt6Z5EHsM8lE9lBOsl7iKTVKIUi, 13800000004, 1, null, 2026-06-23 06:40:41
<==        Row: 11, cold_brew_king, $2a$10$N.zmdr9k7uOCQb376NoUnuTJ8iAt6Z5EHsM8lE9lBOsl7iKTVKIUi, 13800000008, 1, null, 2026-06-23 06:40:41
<==        Row: 12, coffee_snob, $2a$10$N.zmdr9k7uOCQb376NoUnuTJ8iAt6Z5EHsM8lE9lBOsl7iKTVKIUi, 13800000009, 1, null, 2026-06-23 06:40:41
<==        Row: 13, matcha_latte, $2a$10$N.zmdr9k7uOCQb376NoUnuTJ8iAt6Z5EHsM8lE9lBOsl7iKTVKIUi, 13800000010, 1, null, 2026-06-23 06:40:41
<==        Row: 14, cafe_hunter, $2a$10$N.zmdr9k7uOCQb376NoUnuTJ8iAt6Z5EHsM8lE9lBOsl7iKTVKIUi, 13800000011, 1, null, 2026-06-23 06:40:41
<==        Row: 17, single_origin, $2a$10$N.zmdr9k7uOCQb376NoUnuTJ8iAt6Z5EHsM8lE9lBOsl7iKTVKIUi, 13800000014, 1, null, 2026-06-23 06:40:41
<==        Row: 18, flat_white_love, $2a$10$N.zmdr9k7uOCQb376NoUnuTJ8iAt6Z5EHsM8lE9lBOsl7iKTVKIUi, 13800000015, 1, null, 2026-06-23 06:40:41
<==        Row: 19, coffee_daily, $2a$10$N.zmdr9k7uOCQb376NoUnuTJ8iAt6Z5EHsM8lE9lBOsl7iKTVKIUi, 13800000016, 1, null, 2026-06-23 06:40:41
<==        Row: 20, bean_hunter, $2a$10$N.zmdr9k7uOCQb376NoUnuTJ8iAt6Z5EHsM8lE9lBOsl7iKTVKIUi, 13800000017, 1, null, 2026-06-23 06:40:41
<==        Row: 22, ristretto_lover, $2a$10$N.zmdr9k7uOCQb376NoUnuTJ8iAt6Z5EHsM8lE9lBOsl7iKTVKIUi, 13800000019, 1, null, 2026-06-23 06:40:41
<==        Row: 23, coffee_taster, $2a$10$N.zmdr9k7uOCQb376NoUnuTJ8iAt6Z5EHsM8lE9lBOsl7iKTVKIUi, 13800000020, 1, null, 2026-06-23 06:40:41
<==      Total: 12
Closing non transactional SqlSession [org.apache.ibatis.session.defaults.DefaultSqlSession@16f17f3e]
Creating a new SqlSession
SqlSession [org.apache.ibatis.session.defaults.DefaultSqlSession@13bd11ea] was not registered for synchronization because synchronization is not active
JDBC Connection [HikariProxyConnection@817287937 wrapping com.mysql.cj.jdbc.ConnectionImpl@709ba45e] will not be managed by Spring
==>  Preparing: SELECT id,username,password,phone,status,avatar,create_time FROM sys_user WHERE id IN ( ? , ? , ? , ? , ? , ? , ? , ? , ? , ? , ? , ? )
==> Parameters: 1(Long), 17(Long), 18(Long), 19(Long), 20(Long), 22(Long), 23(Long), 7(Long), 11(Long), 12(Long), 13(Long), 14(Long)
<==    Columns: id, username, password, phone, status, avatar, create_time
<==        Row: 1, lx, $2a$10$DY8p4Q7r/lnC2ax327OH/u439shvAv9lH895iyIYyLxfz9cRgKKgW, 19185939281, 1, http://localhost:8080/uploads/avatars/avatar_1_1782735664998.png, 2026-06-21 20:09:20
<==        Row: 7, espresso_queen, $2a$10$N.zmdr9k7uOCQb376NoUnuTJ8iAt6Z5EHsM8lE9lBOsl7iKTVKIUi, 13800000004, 1, null, 2026-06-23 06:40:41
<==        Row: 11, cold_brew_king, $2a$10$N.zmdr9k7uOCQb376NoUnuTJ8iAt6Z5EHsM8lE9lBOsl7iKTVKIUi, 13800000008, 1, null, 2026-06-23 06:40:41
<==        Row: 12, coffee_snob, $2a$10$N.zmdr9k7uOCQb376NoUnuTJ8iAt6Z5EHsM8lE9lBOsl7iKTVKIUi, 13800000009, 1, null, 2026-06-23 06:40:41
<==        Row: 13, matcha_latte, $2a$10$N.zmdr9k7uOCQb376NoUnuTJ8iAt6Z5EHsM8lE9lBOsl7iKTVKIUi, 13800000010, 1, null, 2026-06-23 06:40:41
<==        Row: 14, cafe_hunter, $2a$10$N.zmdr9k7uOCQb376NoUnuTJ8iAt6Z5EHsM8lE9lBOsl7iKTVKIUi, 13800000011, 1, null, 2026-06-23 06:40:41
<==        Row: 17, single_origin, $2a$10$N.zmdr9k7uOCQb376NoUnuTJ8iAt6Z5EHsM8lE9lBOsl7iKTVKIUi, 13800000014, 1, null, 2026-06-23 06:40:41
<==        Row: 18, flat_white_love, $2a$10$N.zmdr9k7uOCQb376NoUnuTJ8iAt6Z5EHsM8lE9lBOsl7iKTVKIUi, 13800000015, 1, null, 2026-06-23 06:40:41
<==        Row: 19, coffee_daily, $2a$10$N.zmdr9k7uOCQb376NoUnuTJ8iAt6Z5EHsM8lE9lBOsl7iKTVKIUi, 13800000016, 1, null, 2026-06-23 06:40:41
<==        Row: 20, bean_hunter, $2a$10$N.zmdr9k7uOCQb376NoUnuTJ8iAt6Z5EHsM8lE9lBOsl7iKTVKIUi, 13800000017, 1, null, 2026-06-23 06:40:41
<==        Row: 22, ristretto_lover, $2a$10$N.zmdr9k7uOCQb376NoUnuTJ8iAt6Z5EHsM8lE9lBOsl7iKTVKIUi, 13800000019, 1, null, 2026-06-23 06:40:41
<==        Row: 23, coffee_taster, $2a$10$N.zmdr9k7uOCQb376NoUnuTJ8iAt6Z5EHsM8lE9lBOsl7iKTVKIUi, 13800000020, 1, null, 2026-06-23 06:40:41
<==      Total: 12
Closing non transactional SqlSession [org.apache.ibatis.session.defaults.DefaultSqlSession@13bd11ea]
Creating a new SqlSession
SqlSession [org.apache.ibatis.session.defaults.DefaultSqlSession@4bef2988] was not registered for synchronization because synchronization is not active
JDBC Connection [HikariProxyConnection@571765373 wrapping com.mysql.cj.jdbc.ConnectionImpl@709ba45e] will not be managed by Spring
==>  Preparing: SELECT id,username,password,phone,status,avatar,create_time FROM sys_user WHERE id IN ( ? , ? , ? , ? , ? , ? , ? , ? , ? , ? , ? , ? )
==> Parameters: 1(Long), 17(Long), 18(Long), 19(Long), 20(Long), 22(Long), 23(Long), 7(Long), 11(Long), 12(Long), 13(Long), 14(Long)
<==    Columns: id, username, password, phone, status, avatar, create_time
<==        Row: 1, lx, $2a$10$DY8p4Q7r/lnC2ax327OH/u439shvAv9lH895iyIYyLxfz9cRgKKgW, 19185939281, 1, http://localhost:8080/uploads/avatars/avatar_1_1782735664998.png, 2026-06-21 20:09:20
<==        Row: 7, espresso_queen, $2a$10$N.zmdr9k7uOCQb376NoUnuTJ8iAt6Z5EHsM8lE9lBOsl7iKTVKIUi, 13800000004, 1, null, 2026-06-23 06:40:41
<==        Row: 11, cold_brew_king, $2a$10$N.zmdr9k7uOCQb376NoUnuTJ8iAt6Z5EHsM8lE9lBOsl7iKTVKIUi, 13800000008, 1, null, 2026-06-23 06:40:41
<==        Row: 12, coffee_snob, $2a$10$N.zmdr9k7uOCQb376NoUnuTJ8iAt6Z5EHsM8lE9lBOsl7iKTVKIUi, 13800000009, 1, null, 2026-06-23 06:40:41
<==        Row: 13, matcha_latte, $2a$10$N.zmdr9k7uOCQb376NoUnuTJ8iAt6Z5EHsM8lE9lBOsl7iKTVKIUi, 13800000010, 1, null, 2026-06-23 06:40:41
<==        Row: 14, cafe_hunter, $2a$10$N.zmdr9k7uOCQb376NoUnuTJ8iAt6Z5EHsM8lE9lBOsl7iKTVKIUi, 13800000011, 1, null, 2026-06-23 06:40:41
<==        Row: 17, single_origin, $2a$10$N.zmdr9k7uOCQb376NoUnuTJ8iAt6Z5EHsM8lE9lBOsl7iKTVKIUi, 13800000014, 1, null, 2026-06-23 06:40:41
<==        Row: 18, flat_white_love, $2a$10$N.zmdr9k7uOCQb376NoUnuTJ8iAt6Z5EHsM8lE9lBOsl7iKTVKIUi, 13800000015, 1, null, 2026-06-23 06:40:41
<==        Row: 19, coffee_daily, $2a$10$N.zmdr9k7uOCQb376NoUnuTJ8iAt6Z5EHsM8lE9lBOsl7iKTVKIUi, 13800000016, 1, null, 2026-06-23 06:40:41
<==        Row: 20, bean_hunter, $2a$10$N.zmdr9k7uOCQb376NoUnuTJ8iAt6Z5EHsM8lE9lBOsl7iKTVKIUi, 13800000017, 1, null, 2026-06-23 06:40:41
<==        Row: 22, ristretto_lover, $2a$10$N.zmdr9k7uOCQb376NoUnuTJ8iAt6Z5EHsM8lE9lBOsl7iKTVKIUi, 13800000019, 1, null, 2026-06-23 06:40:41
<==        Row: 23, coffee_taster, $2a$10$N.zmdr9k7uOCQb376NoUnuTJ8iAt6Z5EHsM8lE9lBOsl7iKTVKIUi, 13800000020, 1, null, 2026-06-23 06:40:41
<==      Total: 12
Closing non transactional SqlSession [org.apache.ibatis.session.defaults.DefaultSqlSession@4bef2988]
Creating a new SqlSession
SqlSession [org.apache.ibatis.session.defaults.DefaultSqlSession@7637d8fe] was not registered for synchronization because synchronization is not active
JDBC Connection [HikariProxyConnection@1280848216 wrapping com.mysql.cj.jdbc.ConnectionImpl@709ba45e] will not be managed by Spring
==>  Preparing: SELECT id,username,password,phone,status,avatar,create_time FROM sys_user WHERE id=?
==> Parameters: 1(Long)
<==    Columns: id, username, password, phone, status, avatar, create_time
<==        Row: 1, lx, $2a$10$DY8p4Q7r/lnC2ax327OH/u439shvAv9lH895iyIYyLxfz9cRgKKgW, 19185939281, 1, http://localhost:8080/uploads/avatars/avatar_1_1782735664998.png, 2026-06-21 20:09:20
<==      Total: 1
Closing non transactional SqlSession [org.apache.ibatis.session.defaults.DefaultSqlSession@7637d8fe]
Creating a new SqlSession
SqlSession [org.apache.ibatis.session.defaults.DefaultSqlSession@6fc93b99] was not registered for synchronization because synchronization is not active
JDBC Connection [HikariProxyConnection@633968287 wrapping com.mysql.cj.jdbc.ConnectionImpl@709ba45e] will not be managed by Spring
==>  Preparing: SELECT id,username,password,phone,status,avatar,create_time FROM sys_user WHERE id IN ( ? )
==> Parameters: 1(Long)
<==    Columns: id, username, password, phone, status, avatar, create_time
<==        Row: 1, lx, $2a$10$DY8p4Q7r/lnC2ax327OH/u439shvAv9lH895iyIYyLxfz9cRgKKgW, 19185939281, 1, http://localhost:8080/uploads/avatars/avatar_1_1782735664998.png, 2026-06-21 20:09:20
<==      Total: 1
Closing non transactional SqlSession [org.apache.ibatis.session.defaults.DefaultSqlSession@6fc93b99]
Creating a new SqlSession
SqlSession [org.apache.ibatis.session.defaults.DefaultSqlSession@77c631bc] was not registered for synchronization because synchronization is not active
JDBC Connection [HikariProxyConnection@1980567749 wrapping com.mysql.cj.jdbc.ConnectionImpl@709ba45e] will not be managed by Spring
==>  Preparing: SELECT id,username,password,phone,status,avatar,create_time FROM sys_user WHERE id IN ( ? , ? , ? , ? , ? , ? , ? , ? , ? , ? , ? , ? )
==> Parameters: 1(Long), 17(Long), 18(Long), 19(Long), 20(Long), 22(Long), 23(Long), 7(Long), 11(Long), 12(Long), 13(Long), 14(Long)
<==    Columns: id, username, password, phone, status, avatar, create_time
<==        Row: 1, lx, $2a$10$DY8p4Q7r/lnC2ax327OH/u439shvAv9lH895iyIYyLxfz9cRgKKgW, 19185939281, 1, http://localhost:8080/uploads/avatars/avatar_1_1782735664998.png, 2026-06-21 20:09:20
<==        Row: 7, espresso_queen, $2a$10$N.zmdr9k7uOCQb376NoUnuTJ8iAt6Z5EHsM8lE9lBOsl7iKTVKIUi, 13800000004, 1, null, 2026-06-23 06:40:41
<==        Row: 11, cold_brew_king, $2a$10$N.zmdr9k7uOCQb376NoUnuTJ8iAt6Z5EHsM8lE9lBOsl7iKTVKIUi, 13800000008, 1, null, 2026-06-23 06:40:41
<==        Row: 12, coffee_snob, $2a$10$N.zmdr9k7uOCQb376NoUnuTJ8iAt6Z5EHsM8lE9lBOsl7iKTVKIUi, 13800000009, 1, null, 2026-06-23 06:40:41
<==        Row: 13, matcha_latte, $2a$10$N.zmdr9k7uOCQb376NoUnuTJ8iAt6Z5EHsM8lE9lBOsl7iKTVKIUi, 13800000010, 1, null, 2026-06-23 06:40:41
<==        Row: 14, cafe_hunter, $2a$10$N.zmdr9k7uOCQb376NoUnuTJ8iAt6Z5EHsM8lE9lBOsl7iKTVKIUi, 13800000011, 1, null, 2026-06-23 06:40:41
<==        Row: 17, single_origin, $2a$10$N.zmdr9k7uOCQb376NoUnuTJ8iAt6Z5EHsM8lE9lBOsl7iKTVKIUi, 13800000014, 1, null, 2026-06-23 06:40:41
<==        Row: 18, flat_white_love, $2a$10$N.zmdr9k7uOCQb376NoUnuTJ8iAt6Z5EHsM8lE9lBOsl7iKTVKIUi, 13800000015, 1, null, 2026-06-23 06:40:41
<==        Row: 19, coffee_daily, $2a$10$N.zmdr9k7uOCQb376NoUnuTJ8iAt6Z5EHsM8lE9lBOsl7iKTVKIUi, 13800000016, 1, null, 2026-06-23 06:40:41
<==        Row: 20, bean_hunter, $2a$10$N.zmdr9k7uOCQb376NoUnuTJ8iAt6Z5EHsM8lE9lBOsl7iKTVKIUi, 13800000017, 1, null, 2026-06-23 06:40:41
<==        Row: 22, ristretto_lover, $2a$10$N.zmdr9k7uOCQb376NoUnuTJ8iAt6Z5EHsM8lE9lBOsl7iKTVKIUi, 13800000019, 1, null, 2026-06-23 06:40:41
<==        Row: 23, coffee_taster, $2a$10$N.zmdr9k7uOCQb376NoUnuTJ8iAt6Z5EHsM8lE9lBOsl7iKTVKIUi, 13800000020, 1, null, 2026-06-23 06:40:41
<==      Total: 12
Closing non transactional SqlSession [org.apache.ibatis.session.defaults.DefaultSqlSession@77c631bc]
Creating a new SqlSession
SqlSession [org.apache.ibatis.session.defaults.DefaultSqlSession@34ea4bfb] was not registered for synchronization because synchronization is not active
JDBC Connection [HikariProxyConnection@1999934616 wrapping com.mysql.cj.jdbc.ConnectionImpl@709ba45e] will not be managed by Spring
==>  Preparing: SELECT id,username,password,phone,status,avatar,create_time FROM sys_user WHERE id IN ( ? )
==> Parameters: 5(Long)
<==    Columns: id, username, password, phone, status, avatar, create_time
<==        Row: 5, barista_wang, $2a$10$N.zmdr9k7uOCQb376NoUnuTJ8iAt6Z5EHsM8lE9lBOsl7iKTVKIUi, 13800000002, 1, null, 2026-06-23 06:40:41
<==      Total: 1
Closing non transactional SqlSession [org.apache.ibatis.session.defaults.DefaultSqlSession@34ea4bfb]
Creating a new SqlSession
SqlSession [org.apache.ibatis.session.defaults.DefaultSqlSession@6e2987d7] was not registered for synchronization because synchronization is not active
JDBC Connection [HikariProxyConnection@1800935196 wrapping com.mysql.cj.jdbc.ConnectionImpl@709ba45e] will not be managed by Spring
==>  Preparing: SELECT id,username,password,phone,status,avatar,create_time FROM sys_user WHERE id IN ( ? , ? , ? , ? , ? , ? )
==> Parameters: 18(Long), 22(Long), 6(Long), 23(Long), 11(Long), 13(Long)
<==    Columns: id, username, password, phone, status, avatar, create_time
<==        Row: 6, latte_artist, $2a$10$N.zmdr9k7uOCQb376NoUnuTJ8iAt6Z5EHsM8lE9lBOsl7iKTVKIUi, 13800000003, 1, null, 2026-06-23 06:40:41
<==        Row: 11, cold_brew_king, $2a$10$N.zmdr9k7uOCQb376NoUnuTJ8iAt6Z5EHsM8lE9lBOsl7iKTVKIUi, 13800000008, 1, null, 2026-06-23 06:40:41
<==        Row: 13, matcha_latte, $2a$10$N.zmdr9k7uOCQb376NoUnuTJ8iAt6Z5EHsM8lE9lBOsl7iKTVKIUi, 13800000010, 1, null, 2026-06-23 06:40:41
<==        Row: 18, flat_white_love, $2a$10$N.zmdr9k7uOCQb376NoUnuTJ8iAt6Z5EHsM8lE9lBOsl7iKTVKIUi, 13800000015, 1, null, 2026-06-23 06:40:41
<==        Row: 22, ristretto_lover, $2a$10$N.zmdr9k7uOCQb376NoUnuTJ8iAt6Z5EHsM8lE9lBOsl7iKTVKIUi, 13800000019, 1, null, 2026-06-23 06:40:41
<==        Row: 23, coffee_taster, $2a$10$N.zmdr9k7uOCQb376NoUnuTJ8iAt6Z5EHsM8lE9lBOsl7iKTVKIUi, 13800000020, 1, null, 2026-06-23 06:40:41
<==      Total: 6
Closing non transactional SqlSession [org.apache.ibatis.session.defaults.DefaultSqlSession@6e2987d7]
Creating a new SqlSession
SqlSession [org.apache.ibatis.session.defaults.DefaultSqlSession@796b5893] was not registered for synchronization because synchronization is not active
JDBC Connection [HikariProxyConnection@169451291 wrapping com.mysql.cj.jdbc.ConnectionImpl@709ba45e] will not be managed by Spring
==>  Preparing: SELECT id,username,password,phone,status,avatar,create_time FROM sys_user WHERE id IN ( ? )
==> Parameters: 9(Long)
<==    Columns: id, username, password, phone, status, avatar, create_time
<==        Row: 9, hand_brew_fan, $2a$10$N.zmdr9k7uOCQb376NoUnuTJ8iAt6Z5EHsM8lE9lBOsl7iKTVKIUi, 13800000006, 1, null, 2026-06-23 06:40:41
<==      Total: 1
Closing non transactional SqlSession [org.apache.ibatis.session.defaults.DefaultSqlSession@796b5893]
Creating a new SqlSession
SqlSession [org.apache.ibatis.session.defaults.DefaultSqlSession@e99db1d] was not registered for synchronization because synchronization is not active
JDBC Connection [HikariProxyConnection@1749744806 wrapping com.mysql.cj.jdbc.ConnectionImpl@709ba45e] will not be managed by Spring
==>  Preparing: SELECT id,username,password,phone,status,avatar,create_time FROM sys_user WHERE id IN ( ? )
==> Parameters: 5(Long)
<==    Columns: id, username, password, phone, status, avatar, create_time
<==        Row: 5, barista_wang, $2a$10$N.zmdr9k7uOCQb376NoUnuTJ8iAt6Z5EHsM8lE9lBOsl7iKTVKIUi, 13800000002, 1, null, 2026-06-23 06:40:41
<==      Total: 1
Closing non transactional SqlSession [org.apache.ibatis.session.defaults.DefaultSqlSession@e99db1d]
Creating a new SqlSession
SqlSession [org.apache.ibatis.session.defaults.DefaultSqlSession@36f6e6f] was not registered for synchronization because synchronization is not active
JDBC Connection [HikariProxyConnection@1754050768 wrapping com.mysql.cj.jdbc.ConnectionImpl@709ba45e] will not be managed by Spring
==>  Preparing: SELECT id,username,password,phone,status,avatar,create_time FROM sys_user WHERE id IN ( ? )
==> Parameters: 24(Long)
<==    Columns: id, username, password, phone, status, avatar, create_time
<==        Row: 24, lll, $2a$10$sbWgOWeCZV5MW4u88F8CMuxgJ.Phw6clars6Z.Ch1f9wtSKQBwc5O, 19185999881, 1, /uploads/avatars/avatar_24_1782727101006.png, 2026-06-27 21:53:05
<==      Total: 1
Closing non transactional SqlSession [org.apache.ibatis.session.defaults.DefaultSqlSession@36f6e6f]
Creating a new SqlSession
SqlSession [org.apache.ibatis.session.defaults.DefaultSqlSession@26a2a13c] was not registered for synchronization because synchronization is not active
JDBC Connection [HikariProxyConnection@656713743 wrapping com.mysql.cj.jdbc.ConnectionImpl@709ba45e] will not be managed by Spring
==>  Preparing: SELECT id,username,password,phone,status,avatar,create_time FROM sys_user WHERE id=?
==> Parameters: 1(Long)
<==    Columns: id, username, password, phone, status, avatar, create_time
<==        Row: 1, lx, $2a$10$DY8p4Q7r/lnC2ax327OH/u439shvAv9lH895iyIYyLxfz9cRgKKgW, 19185939281, 1, http://localhost:8080/uploads/avatars/avatar_1_1782735664998.png, 2026-06-21 20:09:20
<==      Total: 1
Closing non transactional SqlSession [org.apache.ibatis.session.defaults.DefaultSqlSession@26a2a13c]
Creating a new SqlSession
SqlSession [org.apache.ibatis.session.defaults.DefaultSqlSession@6567d83f] was not registered for synchronization because synchronization is not active
JDBC Connection [HikariProxyConnection@2020754210 wrapping com.mysql.cj.jdbc.ConnectionImpl@709ba45e] will not be managed by Spring
==>  Preparing: SELECT id,username,password,phone,status,avatar,create_time FROM sys_user WHERE id IN ( ? )
==> Parameters: 1(Long)
<==    Columns: id, username, password, phone, status, avatar, create_time
<==        Row: 1, lx, $2a$10$DY8p4Q7r/lnC2ax327OH/u439shvAv9lH895iyIYyLxfz9cRgKKgW, 19185939281, 1, http://localhost:8080/uploads/avatars/avatar_1_1782735664998.png, 2026-06-21 20:09:20
<==      Total: 1
Closing non transactional SqlSession [org.apache.ibatis.session.defaults.DefaultSqlSession@6567d83f]
Creating a new SqlSession
SqlSession [org.apache.ibatis.session.defaults.DefaultSqlSession@62a704f8] was not registered for synchronization because synchronization is not active
JDBC Connection [HikariProxyConnection@1074933828 wrapping com.mysql.cj.jdbc.ConnectionImpl@709ba45e] will not be managed by Spring
==>  Preparing: SELECT id,username,password,phone,status,avatar,create_time FROM sys_user WHERE id IN ( ? , ? , ? , ? , ? , ? , ? , ? , ? , ? , ? , ? )
==> Parameters: 1(Long), 17(Long), 18(Long), 19(Long), 20(Long), 22(Long), 23(Long), 7(Long), 11(Long), 12(Long), 13(Long), 14(Long)
<==    Columns: id, username, password, phone, status, avatar, create_time
<==        Row: 1, lx, $2a$10$DY8p4Q7r/lnC2ax327OH/u439shvAv9lH895iyIYyLxfz9cRgKKgW, 19185939281, 1, http://localhost:8080/uploads/avatars/avatar_1_1782735664998.png, 2026-06-21 20:09:20
<==        Row: 7, espresso_queen, $2a$10$N.zmdr9k7uOCQb376NoUnuTJ8iAt6Z5EHsM8lE9lBOsl7iKTVKIUi, 13800000004, 1, null, 2026-06-23 06:40:41
<==        Row: 11, cold_brew_king, $2a$10$N.zmdr9k7uOCQb376NoUnuTJ8iAt6Z5EHsM8lE9lBOsl7iKTVKIUi, 13800000008, 1, null, 2026-06-23 06:40:41
<==        Row: 12, coffee_snob, $2a$10$N.zmdr9k7uOCQb376NoUnuTJ8iAt6Z5EHsM8lE9lBOsl7iKTVKIUi, 13800000009, 1, null, 2026-06-23 06:40:41
<==        Row: 13, matcha_latte, $2a$10$N.zmdr9k7uOCQb376NoUnuTJ8iAt6Z5EHsM8lE9lBOsl7iKTVKIUi, 13800000010, 1, null, 2026-06-23 06:40:41
<==        Row: 14, cafe_hunter, $2a$10$N.zmdr9k7uOCQb376NoUnuTJ8iAt6Z5EHsM8lE9lBOsl7iKTVKIUi, 13800000011, 1, null, 2026-06-23 06:40:41
<==        Row: 17, single_origin, $2a$10$N.zmdr9k7uOCQb376NoUnuTJ8iAt6Z5EHsM8lE9lBOsl7iKTVKIUi, 13800000014, 1, null, 2026-06-23 06:40:41
<==        Row: 18, flat_white_love, $2a$10$N.zmdr9k7uOCQb376NoUnuTJ8iAt6Z5EHsM8lE9lBOsl7iKTVKIUi, 13800000015, 1, null, 2026-06-23 06:40:41
<==        Row: 19, coffee_daily, $2a$10$N.zmdr9k7uOCQb376NoUnuTJ8iAt6Z5EHsM8lE9lBOsl7iKTVKIUi, 13800000016, 1, null, 2026-06-23 06:40:41
<==        Row: 20, bean_hunter, $2a$10$N.zmdr9k7uOCQb376NoUnuTJ8iAt6Z5EHsM8lE9lBOsl7iKTVKIUi, 13800000017, 1, null, 2026-06-23 06:40:41
<==        Row: 22, ristretto_lover, $2a$10$N.zmdr9k7uOCQb376NoUnuTJ8iAt6Z5EHsM8lE9lBOsl7iKTVKIUi, 13800000019, 1, null, 2026-06-23 06:40:41
<==        Row: 23, coffee_taster, $2a$10$N.zmdr9k7uOCQb376NoUnuTJ8iAt6Z5EHsM8lE9lBOsl7iKTVKIUi, 13800000020, 1, null, 2026-06-23 06:40:41
<==      Total: 12
Closing non transactional SqlSession [org.apache.ibatis.session.defaults.DefaultSqlSession@62a704f8]
Creating a new SqlSession
SqlSession [org.apache.ibatis.session.defaults.DefaultSqlSession@1608e695] was not registered for synchronization because synchronization is not active
JDBC Connection [HikariProxyConnection@1852632621 wrapping com.mysql.cj.jdbc.ConnectionImpl@709ba45e] will not be managed by Spring
==>  Preparing: SELECT id,username,password,phone,status,avatar,create_time FROM sys_user WHERE id IN ( ? , ? , ? , ? , ? , ? , ? , ? , ? , ? , ? , ? )
==> Parameters: 1(Long), 17(Long), 18(Long), 19(Long), 20(Long), 22(Long), 23(Long), 7(Long), 11(Long), 12(Long), 13(Long), 14(Long)
<==    Columns: id, username, password, phone, status, avatar, create_time
<==        Row: 1, lx, $2a$10$DY8p4Q7r/lnC2ax327OH/u439shvAv9lH895iyIYyLxfz9cRgKKgW, 19185939281, 1, http://localhost:8080/uploads/avatars/avatar_1_1782735664998.png, 2026-06-21 20:09:20
<==        Row: 7, espresso_queen, $2a$10$N.zmdr9k7uOCQb376NoUnuTJ8iAt6Z5EHsM8lE9lBOsl7iKTVKIUi, 13800000004, 1, null, 2026-06-23 06:40:41
<==        Row: 11, cold_brew_king, $2a$10$N.zmdr9k7uOCQb376NoUnuTJ8iAt6Z5EHsM8lE9lBOsl7iKTVKIUi, 13800000008, 1, null, 2026-06-23 06:40:41
<==        Row: 12, coffee_snob, $2a$10$N.zmdr9k7uOCQb376NoUnuTJ8iAt6Z5EHsM8lE9lBOsl7iKTVKIUi, 13800000009, 1, null, 2026-06-23 06:40:41
<==        Row: 13, matcha_latte, $2a$10$N.zmdr9k7uOCQb376NoUnuTJ8iAt6Z5EHsM8lE9lBOsl7iKTVKIUi, 13800000010, 1, null, 2026-06-23 06:40:41
<==        Row: 14, cafe_hunter, $2a$10$N.zmdr9k7uOCQb376NoUnuTJ8iAt6Z5EHsM8lE9lBOsl7iKTVKIUi, 13800000011, 1, null, 2026-06-23 06:40:41
<==        Row: 17, single_origin, $2a$10$N.zmdr9k7uOCQb376NoUnuTJ8iAt6Z5EHsM8lE9lBOsl7iKTVKIUi, 13800000014, 1, null, 2026-06-23 06:40:41
<==        Row: 18, flat_white_love, $2a$10$N.zmdr9k7uOCQb376NoUnuTJ8iAt6Z5EHsM8lE9lBOsl7iKTVKIUi, 13800000015, 1, null, 2026-06-23 06:40:41
<==        Row: 19, coffee_daily, $2a$10$N.zmdr9k7uOCQb376NoUnuTJ8iAt6Z5EHsM8lE9lBOsl7iKTVKIUi, 13800000016, 1, null, 2026-06-23 06:40:41
<==        Row: 20, bean_hunter, $2a$10$N.zmdr9k7uOCQb376NoUnuTJ8iAt6Z5EHsM8lE9lBOsl7iKTVKIUi, 13800000017, 1, null, 2026-06-23 06:40:41
<==        Row: 22, ristretto_lover, $2a$10$N.zmdr9k7uOCQb376NoUnuTJ8iAt6Z5EHsM8lE9lBOsl7iKTVKIUi, 13800000019, 1, null, 2026-06-23 06:40:41
<==        Row: 23, coffee_taster, $2a$10$N.zmdr9k7uOCQb376NoUnuTJ8iAt6Z5EHsM8lE9lBOsl7iKTVKIUi, 13800000020, 1, null, 2026-06-23 06:40:41
<==      Total: 12
Closing non transactional SqlSession [org.apache.ibatis.session.defaults.DefaultSqlSession@1608e695]
Creating a new SqlSession
SqlSession [org.apache.ibatis.session.defaults.DefaultSqlSession@74faf15c] was not registered for synchronization because synchronization is not active
JDBC Connection [HikariProxyConnection@1388911017 wrapping com.mysql.cj.jdbc.ConnectionImpl@709ba45e] will not be managed by Spring
==>  Preparing: SELECT id,username,password,phone,status,avatar,create_time FROM sys_user WHERE id IN ( ? , ? , ? , ? , ? , ? , ? , ? , ? , ? , ? , ? )
==> Parameters: 1(Long), 17(Long), 18(Long), 19(Long), 20(Long), 22(Long), 6(Long), 23(Long), 7(Long), 11(Long), 12(Long), 14(Long)
<==    Columns: id, username, password, phone, status, avatar, create_time
<==        Row: 1, lx, $2a$10$DY8p4Q7r/lnC2ax327OH/u439shvAv9lH895iyIYyLxfz9cRgKKgW, 19185939281, 1, http://localhost:8080/uploads/avatars/avatar_1_1782735664998.png, 2026-06-21 20:09:20
<==        Row: 6, latte_artist, $2a$10$N.zmdr9k7uOCQb376NoUnuTJ8iAt6Z5EHsM8lE9lBOsl7iKTVKIUi, 13800000003, 1, null, 2026-06-23 06:40:41
<==        Row: 7, espresso_queen, $2a$10$N.zmdr9k7uOCQb376NoUnuTJ8iAt6Z5EHsM8lE9lBOsl7iKTVKIUi, 13800000004, 1, null, 2026-06-23 06:40:41
<==        Row: 11, cold_brew_king, $2a$10$N.zmdr9k7uOCQb376NoUnuTJ8iAt6Z5EHsM8lE9lBOsl7iKTVKIUi, 13800000008, 1, null, 2026-06-23 06:40:41
<==        Row: 12, coffee_snob, $2a$10$N.zmdr9k7uOCQb376NoUnuTJ8iAt6Z5EHsM8lE9lBOsl7iKTVKIUi, 13800000009, 1, null, 2026-06-23 06:40:41
<==        Row: 14, cafe_hunter, $2a$10$N.zmdr9k7uOCQb376NoUnuTJ8iAt6Z5EHsM8lE9lBOsl7iKTVKIUi, 13800000011, 1, null, 2026-06-23 06:40:41
<==        Row: 17, single_origin, $2a$10$N.zmdr9k7uOCQb376NoUnuTJ8iAt6Z5EHsM8lE9lBOsl7iKTVKIUi, 13800000014, 1, null, 2026-06-23 06:40:41
<==        Row: 18, flat_white_love, $2a$10$N.zmdr9k7uOCQb376NoUnuTJ8iAt6Z5EHsM8lE9lBOsl7iKTVKIUi, 13800000015, 1, null, 2026-06-23 06:40:41
<==        Row: 19, coffee_daily, $2a$10$N.zmdr9k7uOCQb376NoUnuTJ8iAt6Z5EHsM8lE9lBOsl7iKTVKIUi, 13800000016, 1, null, 2026-06-23 06:40:41
<==        Row: 20, bean_hunter, $2a$10$N.zmdr9k7uOCQb376NoUnuTJ8iAt6Z5EHsM8lE9lBOsl7iKTVKIUi, 13800000017, 1, null, 2026-06-23 06:40:41
<==        Row: 22, ristretto_lover, $2a$10$N.zmdr9k7uOCQb376NoUnuTJ8iAt6Z5EHsM8lE9lBOsl7iKTVKIUi, 13800000019, 1, null, 2026-06-23 06:40:41
<==        Row: 23, coffee_taster, $2a$10$N.zmdr9k7uOCQb376NoUnuTJ8iAt6Z5EHsM8lE9lBOsl7iKTVKIUi, 13800000020, 1, null, 2026-06-23 06:40:41
<==      Total: 12
Closing non transactional SqlSession [org.apache.ibatis.session.defaults.DefaultSqlSession@74faf15c]
Creating a new SqlSession
SqlSession [org.apache.ibatis.session.defaults.DefaultSqlSession@1886bdab] was not registered for synchronization because synchronization is not active
JDBC Connection [HikariProxyConnection@477445888 wrapping com.mysql.cj.jdbc.ConnectionImpl@709ba45e] will not be managed by Spring
==>  Preparing: SELECT id,username,password,phone,status,avatar,create_time FROM sys_user WHERE (username = ?)
==> Parameters: lll(String)
<==    Columns: id, username, password, phone, status, avatar, create_time
<==        Row: 24, lll, $2a$10$sbWgOWeCZV5MW4u88F8CMuxgJ.Phw6clars6Z.Ch1f9wtSKQBwc5O, 19185999881, 1, /uploads/avatars/avatar_24_1782727101006.png, 2026-06-27 21:53:05
<==      Total: 1
Closing non transactional SqlSession [org.apache.ibatis.session.defaults.DefaultSqlSession@1886bdab]
Creating a new SqlSession
SqlSession [org.apache.ibatis.session.defaults.DefaultSqlSession@123274f6] was not registered for synchronization because synchronization is not active
JDBC Connection [HikariProxyConnection@1778058523 wrapping com.mysql.cj.jdbc.ConnectionImpl@709ba45e] will not be managed by Spring
==>  Preparing: SELECT id,username,password,phone,status,avatar,create_time FROM sys_user WHERE id IN ( ? , ? , ? , ? , ? , ? , ? , ? , ? , ? , ? , ? )
==> Parameters: 1(Long), 17(Long), 18(Long), 19(Long), 20(Long), 6(Long), 22(Long), 23(Long), 7(Long), 11(Long), 12(Long), 14(Long)
<==    Columns: id, username, password, phone, status, avatar, create_time
<==        Row: 1, lx, $2a$10$DY8p4Q7r/lnC2ax327OH/u439shvAv9lH895iyIYyLxfz9cRgKKgW, 19185939281, 1, http://localhost:8080/uploads/avatars/avatar_1_1782735664998.png, 2026-06-21 20:09:20
<==        Row: 6, latte_artist, $2a$10$N.zmdr9k7uOCQb376NoUnuTJ8iAt6Z5EHsM8lE9lBOsl7iKTVKIUi, 13800000003, 1, null, 2026-06-23 06:40:41
<==        Row: 7, espresso_queen, $2a$10$N.zmdr9k7uOCQb376NoUnuTJ8iAt6Z5EHsM8lE9lBOsl7iKTVKIUi, 13800000004, 1, null, 2026-06-23 06:40:41
<==        Row: 11, cold_brew_king, $2a$10$N.zmdr9k7uOCQb376NoUnuTJ8iAt6Z5EHsM8lE9lBOsl7iKTVKIUi, 13800000008, 1, null, 2026-06-23 06:40:41
<==        Row: 12, coffee_snob, $2a$10$N.zmdr9k7uOCQb376NoUnuTJ8iAt6Z5EHsM8lE9lBOsl7iKTVKIUi, 13800000009, 1, null, 2026-06-23 06:40:41
<==        Row: 14, cafe_hunter, $2a$10$N.zmdr9k7uOCQb376NoUnuTJ8iAt6Z5EHsM8lE9lBOsl7iKTVKIUi, 13800000011, 1, null, 2026-06-23 06:40:41
<==        Row: 17, single_origin, $2a$10$N.zmdr9k7uOCQb376NoUnuTJ8iAt6Z5EHsM8lE9lBOsl7iKTVKIUi, 13800000014, 1, null, 2026-06-23 06:40:41
<==        Row: 18, flat_white_love, $2a$10$N.zmdr9k7uOCQb376NoUnuTJ8iAt6Z5EHsM8lE9lBOsl7iKTVKIUi, 13800000015, 1, null, 2026-06-23 06:40:41
<==        Row: 19, coffee_daily, $2a$10$N.zmdr9k7uOCQb376NoUnuTJ8iAt6Z5EHsM8lE9lBOsl7iKTVKIUi, 13800000016, 1, null, 2026-06-23 06:40:41
<==        Row: 20, bean_hunter, $2a$10$N.zmdr9k7uOCQb376NoUnuTJ8iAt6Z5EHsM8lE9lBOsl7iKTVKIUi, 13800000017, 1, null, 2026-06-23 06:40:41
<==        Row: 22, ristretto_lover, $2a$10$N.zmdr9k7uOCQb376NoUnuTJ8iAt6Z5EHsM8lE9lBOsl7iKTVKIUi, 13800000019, 1, null, 2026-06-23 06:40:41
<==        Row: 23, coffee_taster, $2a$10$N.zmdr9k7uOCQb376NoUnuTJ8iAt6Z5EHsM8lE9lBOsl7iKTVKIUi, 13800000020, 1, null, 2026-06-23 06:40:41
<==      Total: 12
Closing non transactional SqlSession [org.apache.ibatis.session.defaults.DefaultSqlSession@123274f6]
Creating a new SqlSession
SqlSession [org.apache.ibatis.session.defaults.DefaultSqlSession@3facc6b1] was not registered for synchronization because synchronization is not active
JDBC Connection [HikariProxyConnection@1778681515 wrapping com.mysql.cj.jdbc.ConnectionImpl@709ba45e] will not be managed by Spring
==>  Preparing: SELECT id,username,password,phone,status,avatar,create_time FROM sys_user WHERE id IN ( ? , ? , ? , ? , ? , ? , ? , ? , ? , ? , ? , ? )
==> Parameters: 1(Long), 17(Long), 18(Long), 19(Long), 20(Long), 22(Long), 23(Long), 7(Long), 11(Long), 12(Long), 13(Long), 14(Long)
<==    Columns: id, username, password, phone, status, avatar, create_time
<==        Row: 1, lx, $2a$10$DY8p4Q7r/lnC2ax327OH/u439shvAv9lH895iyIYyLxfz9cRgKKgW, 19185939281, 1, http://localhost:8080/uploads/avatars/avatar_1_1782735664998.png, 2026-06-21 20:09:20
<==        Row: 7, espresso_queen, $2a$10$N.zmdr9k7uOCQb376NoUnuTJ8iAt6Z5EHsM8lE9lBOsl7iKTVKIUi, 13800000004, 1, null, 2026-06-23 06:40:41
<==        Row: 11, cold_brew_king, $2a$10$N.zmdr9k7uOCQb376NoUnuTJ8iAt6Z5EHsM8lE9lBOsl7iKTVKIUi, 13800000008, 1, null, 2026-06-23 06:40:41
<==        Row: 12, coffee_snob, $2a$10$N.zmdr9k7uOCQb376NoUnuTJ8iAt6Z5EHsM8lE9lBOsl7iKTVKIUi, 13800000009, 1, null, 2026-06-23 06:40:41
<==        Row: 13, matcha_latte, $2a$10$N.zmdr9k7uOCQb376NoUnuTJ8iAt6Z5EHsM8lE9lBOsl7iKTVKIUi, 13800000010, 1, null, 2026-06-23 06:40:41
<==        Row: 14, cafe_hunter, $2a$10$N.zmdr9k7uOCQb376NoUnuTJ8iAt6Z5EHsM8lE9lBOsl7iKTVKIUi, 13800000011, 1, null, 2026-06-23 06:40:41
<==        Row: 17, single_origin, $2a$10$N.zmdr9k7uOCQb376NoUnuTJ8iAt6Z5EHsM8lE9lBOsl7iKTVKIUi, 13800000014, 1, null, 2026-06-23 06:40:41
<==        Row: 18, flat_white_love, $2a$10$N.zmdr9k7uOCQb376NoUnuTJ8iAt6Z5EHsM8lE9lBOsl7iKTVKIUi, 13800000015, 1, null, 2026-06-23 06:40:41
<==        Row: 19, coffee_daily, $2a$10$N.zmdr9k7uOCQb376NoUnuTJ8iAt6Z5EHsM8lE9lBOsl7iKTVKIUi, 13800000016, 1, null, 2026-06-23 06:40:41
<==        Row: 20, bean_hunter, $2a$10$N.zmdr9k7uOCQb376NoUnuTJ8iAt6Z5EHsM8lE9lBOsl7iKTVKIUi, 13800000017, 1, null, 2026-06-23 06:40:41
<==        Row: 22, ristretto_lover, $2a$10$N.zmdr9k7uOCQb376NoUnuTJ8iAt6Z5EHsM8lE9lBOsl7iKTVKIUi, 13800000019, 1, null, 2026-06-23 06:40:41
<==        Row: 23, coffee_taster, $2a$10$N.zmdr9k7uOCQb376NoUnuTJ8iAt6Z5EHsM8lE9lBOsl7iKTVKIUi, 13800000020, 1, null, 2026-06-23 06:40:41
<==      Total: 12
Closing non transactional SqlSession [org.apache.ibatis.session.defaults.DefaultSqlSession@3facc6b1]
Creating a new SqlSession
SqlSession [org.apache.ibatis.session.defaults.DefaultSqlSession@8eea56c] was not registered for synchronization because synchronization is not active
JDBC Connection [HikariProxyConnection@705340578 wrapping com.mysql.cj.jdbc.ConnectionImpl@709ba45e] will not be managed by Spring
==>  Preparing: SELECT id,username,password,phone,status,avatar,create_time FROM sys_user WHERE id IN ( ? , ? , ? , ? , ? , ? , ? , ? , ? , ? , ? , ? )
==> Parameters: 1(Long), 17(Long), 18(Long), 19(Long), 20(Long), 22(Long), 23(Long), 7(Long), 11(Long), 12(Long), 13(Long), 14(Long)
<==    Columns: id, username, password, phone, status, avatar, create_time
<==        Row: 1, lx, $2a$10$DY8p4Q7r/lnC2ax327OH/u439shvAv9lH895iyIYyLxfz9cRgKKgW, 19185939281, 1, http://localhost:8080/uploads/avatars/avatar_1_1782735664998.png, 2026-06-21 20:09:20
<==        Row: 7, espresso_queen, $2a$10$N.zmdr9k7uOCQb376NoUnuTJ8iAt6Z5EHsM8lE9lBOsl7iKTVKIUi, 13800000004, 1, null, 2026-06-23 06:40:41
<==        Row: 11, cold_brew_king, $2a$10$N.zmdr9k7uOCQb376NoUnuTJ8iAt6Z5EHsM8lE9lBOsl7iKTVKIUi, 13800000008, 1, null, 2026-06-23 06:40:41
<==        Row: 12, coffee_snob, $2a$10$N.zmdr9k7uOCQb376NoUnuTJ8iAt6Z5EHsM8lE9lBOsl7iKTVKIUi, 13800000009, 1, null, 2026-06-23 06:40:41
<==        Row: 13, matcha_latte, $2a$10$N.zmdr9k7uOCQb376NoUnuTJ8iAt6Z5EHsM8lE9lBOsl7iKTVKIUi, 13800000010, 1, null, 2026-06-23 06:40:41
<==        Row: 14, cafe_hunter, $2a$10$N.zmdr9k7uOCQb376NoUnuTJ8iAt6Z5EHsM8lE9lBOsl7iKTVKIUi, 13800000011, 1, null, 2026-06-23 06:40:41
<==        Row: 17, single_origin, $2a$10$N.zmdr9k7uOCQb376NoUnuTJ8iAt6Z5EHsM8lE9lBOsl7iKTVKIUi, 13800000014, 1, null, 2026-06-23 06:40:41
<==        Row: 18, flat_white_love, $2a$10$N.zmdr9k7uOCQb376NoUnuTJ8iAt6Z5EHsM8lE9lBOsl7iKTVKIUi, 13800000015, 1, null, 2026-06-23 06:40:41
<==        Row: 19, coffee_daily, $2a$10$N.zmdr9k7uOCQb376NoUnuTJ8iAt6Z5EHsM8lE9lBOsl7iKTVKIUi, 13800000016, 1, null, 2026-06-23 06:40:41
<==        Row: 20, bean_hunter, $2a$10$N.zmdr9k7uOCQb376NoUnuTJ8iAt6Z5EHsM8lE9lBOsl7iKTVKIUi, 13800000017, 1, null, 2026-06-23 06:40:41
<==        Row: 22, ristretto_lover, $2a$10$N.zmdr9k7uOCQb376NoUnuTJ8iAt6Z5EHsM8lE9lBOsl7iKTVKIUi, 13800000019, 1, null, 2026-06-23 06:40:41
<==        Row: 23, coffee_taster, $2a$10$N.zmdr9k7uOCQb376NoUnuTJ8iAt6Z5EHsM8lE9lBOsl7iKTVKIUi, 13800000020, 1, null, 2026-06-23 06:40:41
<==      Total: 12
Closing non transactional SqlSession [org.apache.ibatis.session.defaults.DefaultSqlSession@8eea56c]
Creating a new SqlSession
SqlSession [org.apache.ibatis.session.defaults.DefaultSqlSession@2a768646] was not registered for synchronization because synchronization is not active
JDBC Connection [HikariProxyConnection@560814437 wrapping com.mysql.cj.jdbc.ConnectionImpl@709ba45e] will not be managed by Spring
==>  Preparing: SELECT id,username,password,phone,status,avatar,create_time FROM sys_user WHERE id IN ( ? , ? , ? , ? , ? , ? , ? , ? , ? )
==> Parameters: 16(Long), 1(Long), 17(Long), 18(Long), 19(Long), 20(Long), 21(Long), 22(Long), 23(Long)
<==    Columns: id, username, password, phone, status, avatar, create_time
<==        Row: 1, lx, $2a$10$DY8p4Q7r/lnC2ax327OH/u439shvAv9lH895iyIYyLxfz9cRgKKgW, 19185939281, 1, http://localhost:8080/uploads/avatars/avatar_1_1782735664998.png, 2026-06-21 20:09:20
<==        Row: 16, cappuccino_boy, $2a$10$N.zmdr9k7uOCQb376NoUnuTJ8iAt6Z5EHsM8lE9lBOsl7iKTVKIUi, 13800000013, 1, null, 2026-06-23 06:40:41
<==        Row: 17, single_origin, $2a$10$N.zmdr9k7uOCQb376NoUnuTJ8iAt6Z5EHsM8lE9lBOsl7iKTVKIUi, 13800000014, 1, null, 2026-06-23 06:40:41
<==        Row: 18, flat_white_love, $2a$10$N.zmdr9k7uOCQb376NoUnuTJ8iAt6Z5EHsM8lE9lBOsl7iKTVKIUi, 13800000015, 1, null, 2026-06-23 06:40:41
<==        Row: 19, coffee_daily, $2a$10$N.zmdr9k7uOCQb376NoUnuTJ8iAt6Z5EHsM8lE9lBOsl7iKTVKIUi, 13800000016, 1, null, 2026-06-23 06:40:41
<==        Row: 20, bean_hunter, $2a$10$N.zmdr9k7uOCQb376NoUnuTJ8iAt6Z5EHsM8lE9lBOsl7iKTVKIUi, 13800000017, 1, null, 2026-06-23 06:40:41
<==        Row: 21, macchiato_fan, $2a$10$N.zmdr9k7uOCQb376NoUnuTJ8iAt6Z5EHsM8lE9lBOsl7iKTVKIUi, 13800000018, 1, null, 2026-06-23 06:40:41
<==        Row: 22, ristretto_lover, $2a$10$N.zmdr9k7uOCQb376NoUnuTJ8iAt6Z5EHsM8lE9lBOsl7iKTVKIUi, 13800000019, 1, null, 2026-06-23 06:40:41
<==        Row: 23, coffee_taster, $2a$10$N.zmdr9k7uOCQb376NoUnuTJ8iAt6Z5EHsM8lE9lBOsl7iKTVKIUi, 13800000020, 1, null, 2026-06-23 06:40:41
<==      Total: 9
Closing non transactional SqlSession [org.apache.ibatis.session.defaults.DefaultSqlSession@2a768646]
Creating a new SqlSession
SqlSession [org.apache.ibatis.session.defaults.DefaultSqlSession@3cd2ba1e] was not registered for synchronization because synchronization is not active
JDBC Connection [HikariProxyConnection@1876719757 wrapping com.mysql.cj.jdbc.ConnectionImpl@709ba45e] will not be managed by Spring
==>  Preparing: SELECT id,username,password,phone,status,avatar,create_time FROM sys_user WHERE id IN ( ? )
==> Parameters: 5(Long)
<==    Columns: id, username, password, phone, status, avatar, create_time
<==        Row: 5, barista_wang, $2a$10$N.zmdr9k7uOCQb376NoUnuTJ8iAt6Z5EHsM8lE9lBOsl7iKTVKIUi, 13800000002, 1, null, 2026-06-23 06:40:41
<==      Total: 1
Closing non transactional SqlSession [org.apache.ibatis.session.defaults.DefaultSqlSession@3cd2ba1e]
Creating a new SqlSession
SqlSession [org.apache.ibatis.session.defaults.DefaultSqlSession@68195be7] was not registered for synchronization because synchronization is not active
JDBC Connection [HikariProxyConnection@1762461654 wrapping com.mysql.cj.jdbc.ConnectionImpl@709ba45e] will not be managed by Spring
==>  Preparing: SELECT id,username,password,phone,status,avatar,create_time FROM sys_user WHERE id=?
==> Parameters: 1(Long)
<==    Columns: id, username, password, phone, status, avatar, create_time
<==        Row: 1, lx, $2a$10$DY8p4Q7r/lnC2ax327OH/u439shvAv9lH895iyIYyLxfz9cRgKKgW, 19185939281, 1, http://localhost:8080/uploads/avatars/avatar_1_1782735664998.png, 2026-06-21 20:09:20
<==      Total: 1
Closing non transactional SqlSession [org.apache.ibatis.session.defaults.DefaultSqlSession@68195be7]
Creating a new SqlSession
SqlSession [org.apache.ibatis.session.defaults.DefaultSqlSession@3fedf3d9] was not registered for synchronization because synchronization is not active
JDBC Connection [HikariProxyConnection@1121313933 wrapping com.mysql.cj.jdbc.ConnectionImpl@709ba45e] will not be managed by Spring
==>  Preparing: SELECT id,username,password,phone,status,avatar,create_time FROM sys_user WHERE id IN ( ? )
==> Parameters: 1(Long)
<==    Columns: id, username, password, phone, status, avatar, create_time
<==        Row: 1, lx, $2a$10$DY8p4Q7r/lnC2ax327OH/u439shvAv9lH895iyIYyLxfz9cRgKKgW, 19185939281, 1, http://localhost:8080/uploads/avatars/avatar_1_1782735664998.png, 2026-06-21 20:09:20
<==      Total: 1
Closing non transactional SqlSession [org.apache.ibatis.session.defaults.DefaultSqlSession@3fedf3d9]
Creating a new SqlSession
SqlSession [org.apache.ibatis.session.defaults.DefaultSqlSession@e602909] was not registered for synchronization because synchronization is not active
JDBC Connection [HikariProxyConnection@1323387627 wrapping com.mysql.cj.jdbc.ConnectionImpl@709ba45e] will not be managed by Spring
==>  Preparing: SELECT id,username,password,phone,status,avatar,create_time FROM sys_user WHERE id IN ( ? , ? , ? , ? , ? , ? , ? , ? , ? , ? , ? , ? )
==> Parameters: 1(Long), 17(Long), 18(Long), 19(Long), 20(Long), 22(Long), 23(Long), 7(Long), 11(Long), 12(Long), 13(Long), 14(Long)
<==    Columns: id, username, password, phone, status, avatar, create_time
<==        Row: 1, lx, $2a$10$DY8p4Q7r/lnC2ax327OH/u439shvAv9lH895iyIYyLxfz9cRgKKgW, 19185939281, 1, http://localhost:8080/uploads/avatars/avatar_1_1782735664998.png, 2026-06-21 20:09:20
<==        Row: 7, espresso_queen, $2a$10$N.zmdr9k7uOCQb376NoUnuTJ8iAt6Z5EHsM8lE9lBOsl7iKTVKIUi, 13800000004, 1, null, 2026-06-23 06:40:41
<==        Row: 11, cold_brew_king, $2a$10$N.zmdr9k7uOCQb376NoUnuTJ8iAt6Z5EHsM8lE9lBOsl7iKTVKIUi, 13800000008, 1, null, 2026-06-23 06:40:41
<==        Row: 12, coffee_snob, $2a$10$N.zmdr9k7uOCQb376NoUnuTJ8iAt6Z5EHsM8lE9lBOsl7iKTVKIUi, 13800000009, 1, null, 2026-06-23 06:40:41
<==        Row: 13, matcha_latte, $2a$10$N.zmdr9k7uOCQb376NoUnuTJ8iAt6Z5EHsM8lE9lBOsl7iKTVKIUi, 13800000010, 1, null, 2026-06-23 06:40:41
<==        Row: 14, cafe_hunter, $2a$10$N.zmdr9k7uOCQb376NoUnuTJ8iAt6Z5EHsM8lE9lBOsl7iKTVKIUi, 13800000011, 1, null, 2026-06-23 06:40:41
<==        Row: 17, single_origin, $2a$10$N.zmdr9k7uOCQb376NoUnuTJ8iAt6Z5EHsM8lE9lBOsl7iKTVKIUi, 13800000014, 1, null, 2026-06-23 06:40:41
<==        Row: 18, flat_white_love, $2a$10$N.zmdr9k7uOCQb376NoUnuTJ8iAt6Z5EHsM8lE9lBOsl7iKTVKIUi, 13800000015, 1, null, 2026-06-23 06:40:41
<==        Row: 19, coffee_daily, $2a$10$N.zmdr9k7uOCQb376NoUnuTJ8iAt6Z5EHsM8lE9lBOsl7iKTVKIUi, 13800000016, 1, null, 2026-06-23 06:40:41
<==        Row: 20, bean_hunter, $2a$10$N.zmdr9k7uOCQb376NoUnuTJ8iAt6Z5EHsM8lE9lBOsl7iKTVKIUi, 13800000017, 1, null, 2026-06-23 06:40:41
<==        Row: 22, ristretto_lover, $2a$10$N.zmdr9k7uOCQb376NoUnuTJ8iAt6Z5EHsM8lE9lBOsl7iKTVKIUi, 13800000019, 1, null, 2026-06-23 06:40:41
<==        Row: 23, coffee_taster, $2a$10$N.zmdr9k7uOCQb376NoUnuTJ8iAt6Z5EHsM8lE9lBOsl7iKTVKIUi, 13800000020, 1, null, 2026-06-23 06:40:41
<==      Total: 12
Closing non transactional SqlSession [org.apache.ibatis.session.defaults.DefaultSqlSession@e602909]
Creating a new SqlSession
SqlSession [org.apache.ibatis.session.defaults.DefaultSqlSession@2b5eee9d] was not registered for synchronization because synchronization is not active
JDBC Connection [HikariProxyConnection@2050201901 wrapping com.mysql.cj.jdbc.ConnectionImpl@709ba45e] will not be managed by Spring
==>  Preparing: SELECT id,username,password,phone,status,avatar,create_time FROM sys_user WHERE id=?
==> Parameters: 1(Long)
<==    Columns: id, username, password, phone, status, avatar, create_time
<==        Row: 1, lx, $2a$10$DY8p4Q7r/lnC2ax327OH/u439shvAv9lH895iyIYyLxfz9cRgKKgW, 19185939281, 1, http://localhost:8080/uploads/avatars/avatar_1_1782735664998.png, 2026-06-21 20:09:20
<==      Total: 1
Closing non transactional SqlSession [org.apache.ibatis.session.defaults.DefaultSqlSession@2b5eee9d]
Creating a new SqlSession
SqlSession [org.apache.ibatis.session.defaults.DefaultSqlSession@25125b8e] was not registered for synchronization because synchronization is not active
JDBC Connection [HikariProxyConnection@2121255219 wrapping com.mysql.cj.jdbc.ConnectionImpl@709ba45e] will not be managed by Spring
==>  Preparing: SELECT id,username,password,phone,status,avatar,create_time FROM sys_user WHERE id IN ( ? )
==> Parameters: 1(Long)
<==    Columns: id, username, password, phone, status, avatar, create_time
<==        Row: 1, lx, $2a$10$DY8p4Q7r/lnC2ax327OH/u439shvAv9lH895iyIYyLxfz9cRgKKgW, 19185939281, 1, http://localhost:8080/uploads/avatars/avatar_1_1782735664998.png, 2026-06-21 20:09:20
<==      Total: 1
Closing non transactional SqlSession [org.apache.ibatis.session.defaults.DefaultSqlSession@25125b8e]
Creating a new SqlSession
SqlSession [org.apache.ibatis.session.defaults.DefaultSqlSession@5738aa54] was not registered for synchronization because synchronization is not active
JDBC Connection [HikariProxyConnection@2115234023 wrapping com.mysql.cj.jdbc.ConnectionImpl@709ba45e] will not be managed by Spring
==>  Preparing: SELECT id,username,password,phone,status,avatar,create_time FROM sys_user WHERE id IN ( ? , ? , ? , ? , ? , ? , ? , ? , ? , ? , ? , ? )
==> Parameters: 1(Long), 17(Long), 18(Long), 19(Long), 20(Long), 22(Long), 23(Long), 7(Long), 11(Long), 12(Long), 13(Long), 14(Long)
<==    Columns: id, username, password, phone, status, avatar, create_time
<==        Row: 1, lx, $2a$10$DY8p4Q7r/lnC2ax327OH/u439shvAv9lH895iyIYyLxfz9cRgKKgW, 19185939281, 1, http://localhost:8080/uploads/avatars/avatar_1_1782735664998.png, 2026-06-21 20:09:20
<==        Row: 7, espresso_queen, $2a$10$N.zmdr9k7uOCQb376NoUnuTJ8iAt6Z5EHsM8lE9lBOsl7iKTVKIUi, 13800000004, 1, null, 2026-06-23 06:40:41
<==        Row: 11, cold_brew_king, $2a$10$N.zmdr9k7uOCQb376NoUnuTJ8iAt6Z5EHsM8lE9lBOsl7iKTVKIUi, 13800000008, 1, null, 2026-06-23 06:40:41
<==        Row: 12, coffee_snob, $2a$10$N.zmdr9k7uOCQb376NoUnuTJ8iAt6Z5EHsM8lE9lBOsl7iKTVKIUi, 13800000009, 1, null, 2026-06-23 06:40:41
<==        Row: 13, matcha_latte, $2a$10$N.zmdr9k7uOCQb376NoUnuTJ8iAt6Z5EHsM8lE9lBOsl7iKTVKIUi, 13800000010, 1, null, 2026-06-23 06:40:41
<==        Row: 14, cafe_hunter, $2a$10$N.zmdr9k7uOCQb376NoUnuTJ8iAt6Z5EHsM8lE9lBOsl7iKTVKIUi, 13800000011, 1, null, 2026-06-23 06:40:41
<==        Row: 17, single_origin, $2a$10$N.zmdr9k7uOCQb376NoUnuTJ8iAt6Z5EHsM8lE9lBOsl7iKTVKIUi, 13800000014, 1, null, 2026-06-23 06:40:41
<==        Row: 18, flat_white_love, $2a$10$N.zmdr9k7uOCQb376NoUnuTJ8iAt6Z5EHsM8lE9lBOsl7iKTVKIUi, 13800000015, 1, null, 2026-06-23 06:40:41
<==        Row: 19, coffee_daily, $2a$10$N.zmdr9k7uOCQb376NoUnuTJ8iAt6Z5EHsM8lE9lBOsl7iKTVKIUi, 13800000016, 1, null, 2026-06-23 06:40:41
<==        Row: 20, bean_hunter, $2a$10$N.zmdr9k7uOCQb376NoUnuTJ8iAt6Z5EHsM8lE9lBOsl7iKTVKIUi, 13800000017, 1, null, 2026-06-23 06:40:41
<==        Row: 22, ristretto_lover, $2a$10$N.zmdr9k7uOCQb376NoUnuTJ8iAt6Z5EHsM8lE9lBOsl7iKTVKIUi, 13800000019, 1, null, 2026-06-23 06:40:41
<==        Row: 23, coffee_taster, $2a$10$N.zmdr9k7uOCQb376NoUnuTJ8iAt6Z5EHsM8lE9lBOsl7iKTVKIUi, 13800000020, 1, null, 2026-06-23 06:40:41
<==      Total: 12
Closing non transactional SqlSession [org.apache.ibatis.session.defaults.DefaultSqlSession@5738aa54]
Creating a new SqlSession
SqlSession [org.apache.ibatis.session.defaults.DefaultSqlSession@4eb9f97d] was not registered for synchronization because synchronization is not active
JDBC Connection [HikariProxyConnection@307219505 wrapping com.mysql.cj.jdbc.ConnectionImpl@709ba45e] will not be managed by Spring
==>  Preparing: SELECT id,username,password,phone,status,avatar,create_time FROM sys_user WHERE id IN ( ? , ? )
==> Parameters: 24(Long), 21(Long)
<==    Columns: id, username, password, phone, status, avatar, create_time
<==        Row: 21, macchiato_fan, $2a$10$N.zmdr9k7uOCQb376NoUnuTJ8iAt6Z5EHsM8lE9lBOsl7iKTVKIUi, 13800000018, 1, null, 2026-06-23 06:40:41
<==        Row: 24, lll, $2a$10$sbWgOWeCZV5MW4u88F8CMuxgJ.Phw6clars6Z.Ch1f9wtSKQBwc5O, 19185999881, 1, /uploads/avatars/avatar_24_1782727101006.png, 2026-06-27 21:53:05
<==      Total: 2
Closing non transactional SqlSession [org.apache.ibatis.session.defaults.DefaultSqlSession@4eb9f97d]
Creating a new SqlSession
SqlSession [org.apache.ibatis.session.defaults.DefaultSqlSession@24dbc33b] was not registered for synchronization because synchronization is not active
JDBC Connection [HikariProxyConnection@123189491 wrapping com.mysql.cj.jdbc.ConnectionImpl@709ba45e] will not be managed by Spring
==>  Preparing: SELECT id,username,password,phone,status,avatar,create_time FROM sys_user WHERE id IN ( ? )
==> Parameters: 24(Long)
<==    Columns: id, username, password, phone, status, avatar, create_time
<==        Row: 24, lll, $2a$10$sbWgOWeCZV5MW4u88F8CMuxgJ.Phw6clars6Z.Ch1f9wtSKQBwc5O, 19185999881, 1, /uploads/avatars/avatar_24_1782727101006.png, 2026-06-27 21:53:05
<==      Total: 1
Closing non transactional SqlSession [org.apache.ibatis.session.defaults.DefaultSqlSession@24dbc33b]
Creating a new SqlSession
SqlSession [org.apache.ibatis.session.defaults.DefaultSqlSession@2823aecf] was not registered for synchronization because synchronization is not active
JDBC Connection [HikariProxyConnection@172432975 wrapping com.mysql.cj.jdbc.ConnectionImpl@709ba45e] will not be managed by Spring
==>  Preparing: SELECT id,username,password,phone,status,avatar,create_time FROM sys_user WHERE id IN ( ? , ? )
==> Parameters: 24(Long), 21(Long)
<==    Columns: id, username, password, phone, status, avatar, create_time
<==        Row: 21, macchiato_fan, $2a$10$N.zmdr9k7uOCQb376NoUnuTJ8iAt6Z5EHsM8lE9lBOsl7iKTVKIUi, 13800000018, 1, null, 2026-06-23 06:40:41
<==        Row: 24, lll, $2a$10$sbWgOWeCZV5MW4u88F8CMuxgJ.Phw6clars6Z.Ch1f9wtSKQBwc5O, 19185999881, 1, /uploads/avatars/avatar_24_1782727101006.png, 2026-06-27 21:53:05
<==      Total: 2
Closing non transactional SqlSession [org.apache.ibatis.session.defaults.DefaultSqlSession@2823aecf]
Creating a new SqlSession
SqlSession [org.apache.ibatis.session.defaults.DefaultSqlSession@af035ed] was not registered for synchronization because synchronization is not active
JDBC Connection [HikariProxyConnection@181818321 wrapping com.mysql.cj.jdbc.ConnectionImpl@709ba45e] will not be managed by Spring
==>  Preparing: SELECT id,username,password,phone,status,avatar,create_time FROM sys_user WHERE id IN ( ? )
==> Parameters: 24(Long)
<==    Columns: id, username, password, phone, status, avatar, create_time
<==        Row: 24, lll, $2a$10$sbWgOWeCZV5MW4u88F8CMuxgJ.Phw6clars6Z.Ch1f9wtSKQBwc5O, 19185999881, 1, /uploads/avatars/avatar_24_1782727101006.png, 2026-06-27 21:53:05
<==      Total: 1
Closing non transactional SqlSession [org.apache.ibatis.session.defaults.DefaultSqlSession@af035ed]
Creating a new SqlSession
SqlSession [org.apache.ibatis.session.defaults.DefaultSqlSession@56c66fe3] was not registered for synchronization because synchronization is not active
JDBC Connection [HikariProxyConnection@273416022 wrapping com.mysql.cj.jdbc.ConnectionImpl@709ba45e] will not be managed by Spring
==>  Preparing: SELECT id,username,password,phone,status,avatar,create_time FROM sys_user WHERE id IN ( ? , ? )
==> Parameters: 24(Long), 21(Long)
<==    Columns: id, username, password, phone, status, avatar, create_time
<==        Row: 21, macchiato_fan, $2a$10$N.zmdr9k7uOCQb376NoUnuTJ8iAt6Z5EHsM8lE9lBOsl7iKTVKIUi, 13800000018, 1, null, 2026-06-23 06:40:41
<==        Row: 24, lll, $2a$10$sbWgOWeCZV5MW4u88F8CMuxgJ.Phw6clars6Z.Ch1f9wtSKQBwc5O, 19185999881, 1, /uploads/avatars/avatar_24_1782727101006.png, 2026-06-27 21:53:05
<==      Total: 2
Closing non transactional SqlSession [org.apache.ibatis.session.defaults.DefaultSqlSession@56c66fe3]
Creating a new SqlSession
SqlSession [org.apache.ibatis.session.defaults.DefaultSqlSession@6fd8f3fa] was not registered for synchronization because synchronization is not active
JDBC Connection [HikariProxyConnection@1065068259 wrapping com.mysql.cj.jdbc.ConnectionImpl@709ba45e] will not be managed by Spring
==>  Preparing: SELECT id,username,password,phone,status,avatar,create_time FROM sys_user WHERE id IN ( ? )
==> Parameters: 24(Long)
<==    Columns: id, username, password, phone, status, avatar, create_time
<==        Row: 24, lll, $2a$10$sbWgOWeCZV5MW4u88F8CMuxgJ.Phw6clars6Z.Ch1f9wtSKQBwc5O, 19185999881, 1, /uploads/avatars/avatar_24_1782727101006.png, 2026-06-27 21:53:05
<==      Total: 1
Closing non transactional SqlSession [org.apache.ibatis.session.defaults.DefaultSqlSession@6fd8f3fa]
Creating a new SqlSession
SqlSession [org.apache.ibatis.session.defaults.DefaultSqlSession@1db15c3f] was not registered for synchronization because synchronization is not active
JDBC Connection [HikariProxyConnection@187837914 wrapping com.mysql.cj.jdbc.ConnectionImpl@709ba45e] will not be managed by Spring
==>  Preparing: SELECT id,username,password,phone,status,avatar,create_time FROM sys_user WHERE id IN ( ? , ? )
==> Parameters: 24(Long), 21(Long)
<==    Columns: id, username, password, phone, status, avatar, create_time
<==        Row: 21, macchiato_fan, $2a$10$N.zmdr9k7uOCQb376NoUnuTJ8iAt6Z5EHsM8lE9lBOsl7iKTVKIUi, 13800000018, 1, null, 2026-06-23 06:40:41
<==        Row: 24, lll, $2a$10$sbWgOWeCZV5MW4u88F8CMuxgJ.Phw6clars6Z.Ch1f9wtSKQBwc5O, 19185999881, 1, /uploads/avatars/avatar_24_1782727101006.png, 2026-06-27 21:53:05
<==      Total: 2
Closing non transactional SqlSession [org.apache.ibatis.session.defaults.DefaultSqlSession@1db15c3f]
Creating a new SqlSession
SqlSession [org.apache.ibatis.session.defaults.DefaultSqlSession@1ed6e5b] was not registered for synchronization because synchronization is not active
JDBC Connection [HikariProxyConnection@320147000 wrapping com.mysql.cj.jdbc.ConnectionImpl@709ba45e] will not be managed by Spring
==>  Preparing: SELECT id,username,password,phone,status,avatar,create_time FROM sys_user WHERE id IN ( ? , ? , ? , ? , ? , ? , ? , ? , ? , ? , ? , ? )
==> Parameters: 1(Long), 17(Long), 18(Long), 19(Long), 20(Long), 22(Long), 23(Long), 7(Long), 11(Long), 12(Long), 13(Long), 14(Long)
<==    Columns: id, username, password, phone, status, avatar, create_time
<==        Row: 1, lx, $2a$10$DY8p4Q7r/lnC2ax327OH/u439shvAv9lH895iyIYyLxfz9cRgKKgW, 19185939281, 1, http://localhost:8080/uploads/avatars/avatar_1_1782735664998.png, 2026-06-21 20:09:20
<==        Row: 7, espresso_queen, $2a$10$N.zmdr9k7uOCQb376NoUnuTJ8iAt6Z5EHsM8lE9lBOsl7iKTVKIUi, 13800000004, 1, null, 2026-06-23 06:40:41
<==        Row: 11, cold_brew_king, $2a$10$N.zmdr9k7uOCQb376NoUnuTJ8iAt6Z5EHsM8lE9lBOsl7iKTVKIUi, 13800000008, 1, null, 2026-06-23 06:40:41
<==        Row: 12, coffee_snob, $2a$10$N.zmdr9k7uOCQb376NoUnuTJ8iAt6Z5EHsM8lE9lBOsl7iKTVKIUi, 13800000009, 1, null, 2026-06-23 06:40:41
<==        Row: 13, matcha_latte, $2a$10$N.zmdr9k7uOCQb376NoUnuTJ8iAt6Z5EHsM8lE9lBOsl7iKTVKIUi, 13800000010, 1, null, 2026-06-23 06:40:41
<==        Row: 14, cafe_hunter, $2a$10$N.zmdr9k7uOCQb376NoUnuTJ8iAt6Z5EHsM8lE9lBOsl7iKTVKIUi, 13800000011, 1, null, 2026-06-23 06:40:41
<==        Row: 17, single_origin, $2a$10$N.zmdr9k7uOCQb376NoUnuTJ8iAt6Z5EHsM8lE9lBOsl7iKTVKIUi, 13800000014, 1, null, 2026-06-23 06:40:41
<==        Row: 18, flat_white_love, $2a$10$N.zmdr9k7uOCQb376NoUnuTJ8iAt6Z5EHsM8lE9lBOsl7iKTVKIUi, 13800000015, 1, null, 2026-06-23 06:40:41
<==        Row: 19, coffee_daily, $2a$10$N.zmdr9k7uOCQb376NoUnuTJ8iAt6Z5EHsM8lE9lBOsl7iKTVKIUi, 13800000016, 1, null, 2026-06-23 06:40:41
<==        Row: 20, bean_hunter, $2a$10$N.zmdr9k7uOCQb376NoUnuTJ8iAt6Z5EHsM8lE9lBOsl7iKTVKIUi, 13800000017, 1, null, 2026-06-23 06:40:41
<==        Row: 22, ristretto_lover, $2a$10$N.zmdr9k7uOCQb376NoUnuTJ8iAt6Z5EHsM8lE9lBOsl7iKTVKIUi, 13800000019, 1, null, 2026-06-23 06:40:41
<==        Row: 23, coffee_taster, $2a$10$N.zmdr9k7uOCQb376NoUnuTJ8iAt6Z5EHsM8lE9lBOsl7iKTVKIUi, 13800000020, 1, null, 2026-06-23 06:40:41
<==      Total: 12
Closing non transactional SqlSession [org.apache.ibatis.session.defaults.DefaultSqlSession@1ed6e5b]
Creating a new SqlSession
SqlSession [org.apache.ibatis.session.defaults.DefaultSqlSession@2b1b58b5] was not registered for synchronization because synchronization is not active
JDBC Connection [HikariProxyConnection@519823055 wrapping com.mysql.cj.jdbc.ConnectionImpl@709ba45e] will not be managed by Spring
==>  Preparing: SELECT id,username,password,phone,status,avatar,create_time FROM sys_user WHERE id IN ( ? )
==> Parameters: 5(Long)
<==    Columns: id, username, password, phone, status, avatar, create_time
<==        Row: 5, barista_wang, $2a$10$N.zmdr9k7uOCQb376NoUnuTJ8iAt6Z5EHsM8lE9lBOsl7iKTVKIUi, 13800000002, 1, null, 2026-06-23 06:40:41
<==      Total: 1
Closing non transactional SqlSession [org.apache.ibatis.session.defaults.DefaultSqlSession@2b1b58b5]
Creating a new SqlSession
SqlSession [org.apache.ibatis.session.defaults.DefaultSqlSession@690e21c2] was not registered for synchronization because synchronization is not active
JDBC Connection [HikariProxyConnection@215147127 wrapping com.mysql.cj.jdbc.ConnectionImpl@709ba45e] will not be managed by Spring
==>  Preparing: SELECT id,username,password,phone,status,avatar,create_time FROM sys_user WHERE id IN ( ? , ? , ? , ? , ? , ? , ? , ? , ? )
==> Parameters: 16(Long), 1(Long), 17(Long), 18(Long), 19(Long), 20(Long), 21(Long), 22(Long), 23(Long)
<==    Columns: id, username, password, phone, status, avatar, create_time
<==        Row: 1, lx, $2a$10$DY8p4Q7r/lnC2ax327OH/u439shvAv9lH895iyIYyLxfz9cRgKKgW, 19185939281, 1, http://localhost:8080/uploads/avatars/avatar_1_1782735664998.png, 2026-06-21 20:09:20
<==        Row: 16, cappuccino_boy, $2a$10$N.zmdr9k7uOCQb376NoUnuTJ8iAt6Z5EHsM8lE9lBOsl7iKTVKIUi, 13800000013, 1, null, 2026-06-23 06:40:41
<==        Row: 17, single_origin, $2a$10$N.zmdr9k7uOCQb376NoUnuTJ8iAt6Z5EHsM8lE9lBOsl7iKTVKIUi, 13800000014, 1, null, 2026-06-23 06:40:41
<==        Row: 18, flat_white_love, $2a$10$N.zmdr9k7uOCQb376NoUnuTJ8iAt6Z5EHsM8lE9lBOsl7iKTVKIUi, 13800000015, 1, null, 2026-06-23 06:40:41
<==        Row: 19, coffee_daily, $2a$10$N.zmdr9k7uOCQb376NoUnuTJ8iAt6Z5EHsM8lE9lBOsl7iKTVKIUi, 13800000016, 1, null, 2026-06-23 06:40:41
<==        Row: 20, bean_hunter, $2a$10$N.zmdr9k7uOCQb376NoUnuTJ8iAt6Z5EHsM8lE9lBOsl7iKTVKIUi, 13800000017, 1, null, 2026-06-23 06:40:41
<==        Row: 21, macchiato_fan, $2a$10$N.zmdr9k7uOCQb376NoUnuTJ8iAt6Z5EHsM8lE9lBOsl7iKTVKIUi, 13800000018, 1, null, 2026-06-23 06:40:41
<==        Row: 22, ristretto_lover, $2a$10$N.zmdr9k7uOCQb376NoUnuTJ8iAt6Z5EHsM8lE9lBOsl7iKTVKIUi, 13800000019, 1, null, 2026-06-23 06:40:41
<==        Row: 23, coffee_taster, $2a$10$N.zmdr9k7uOCQb376NoUnuTJ8iAt6Z5EHsM8lE9lBOsl7iKTVKIUi, 13800000020, 1, null, 2026-06-23 06:40:41
<==      Total: 9
Closing non transactional SqlSession [org.apache.ibatis.session.defaults.DefaultSqlSession@690e21c2]
Creating a new SqlSession
SqlSession [org.apache.ibatis.session.defaults.DefaultSqlSession@3f519fe3] was not registered for synchronization because synchronization is not active
JDBC Connection [HikariProxyConnection@1042475877 wrapping com.mysql.cj.jdbc.ConnectionImpl@709ba45e] will not be managed by Spring
==>  Preparing: SELECT id,username,password,phone,status,avatar,create_time FROM sys_user WHERE id IN ( ? , ? , ? , ? , ? , ? , ? , ? , ? , ? , ? , ? )
==> Parameters: 1(Long), 17(Long), 18(Long), 19(Long), 20(Long), 22(Long), 23(Long), 7(Long), 11(Long), 12(Long), 13(Long), 14(Long)
<==    Columns: id, username, password, phone, status, avatar, create_time
<==        Row: 1, lx, $2a$10$DY8p4Q7r/lnC2ax327OH/u439shvAv9lH895iyIYyLxfz9cRgKKgW, 19185939281, 1, http://localhost:8080/uploads/avatars/avatar_1_1782735664998.png, 2026-06-21 20:09:20
<==        Row: 7, espresso_queen, $2a$10$N.zmdr9k7uOCQb376NoUnuTJ8iAt6Z5EHsM8lE9lBOsl7iKTVKIUi, 13800000004, 1, null, 2026-06-23 06:40:41
<==        Row: 11, cold_brew_king, $2a$10$N.zmdr9k7uOCQb376NoUnuTJ8iAt6Z5EHsM8lE9lBOsl7iKTVKIUi, 13800000008, 1, null, 2026-06-23 06:40:41
<==        Row: 12, coffee_snob, $2a$10$N.zmdr9k7uOCQb376NoUnuTJ8iAt6Z5EHsM8lE9lBOsl7iKTVKIUi, 13800000009, 1, null, 2026-06-23 06:40:41
<==        Row: 13, matcha_latte, $2a$10$N.zmdr9k7uOCQb376NoUnuTJ8iAt6Z5EHsM8lE9lBOsl7iKTVKIUi, 13800000010, 1, null, 2026-06-23 06:40:41
<==        Row: 14, cafe_hunter, $2a$10$N.zmdr9k7uOCQb376NoUnuTJ8iAt6Z5EHsM8lE9lBOsl7iKTVKIUi, 13800000011, 1, null, 2026-06-23 06:40:41
<==        Row: 17, single_origin, $2a$10$N.zmdr9k7uOCQb376NoUnuTJ8iAt6Z5EHsM8lE9lBOsl7iKTVKIUi, 13800000014, 1, null, 2026-06-23 06:40:41
<==        Row: 18, flat_white_love, $2a$10$N.zmdr9k7uOCQb376NoUnuTJ8iAt6Z5EHsM8lE9lBOsl7iKTVKIUi, 13800000015, 1, null, 2026-06-23 06:40:41
<==        Row: 19, coffee_daily, $2a$10$N.zmdr9k7uOCQb376NoUnuTJ8iAt6Z5EHsM8lE9lBOsl7iKTVKIUi, 13800000016, 1, null, 2026-06-23 06:40:41
<==        Row: 20, bean_hunter, $2a$10$N.zmdr9k7uOCQb376NoUnuTJ8iAt6Z5EHsM8lE9lBOsl7iKTVKIUi, 13800000017, 1, null, 2026-06-23 06:40:41
<==        Row: 22, ristretto_lover, $2a$10$N.zmdr9k7uOCQb376NoUnuTJ8iAt6Z5EHsM8lE9lBOsl7iKTVKIUi, 13800000019, 1, null, 2026-06-23 06:40:41
<==        Row: 23, coffee_taster, $2a$10$N.zmdr9k7uOCQb376NoUnuTJ8iAt6Z5EHsM8lE9lBOsl7iKTVKIUi, 13800000020, 1, null, 2026-06-23 06:40:41
<==      Total: 12
Closing non transactional SqlSession [org.apache.ibatis.session.defaults.DefaultSqlSession@3f519fe3]
Creating a new SqlSession
SqlSession [org.apache.ibatis.session.defaults.DefaultSqlSession@1aeafac1] was not registered for synchronization because synchronization is not active
JDBC Connection [HikariProxyConnection@297728812 wrapping com.mysql.cj.jdbc.ConnectionImpl@709ba45e] will not be managed by Spring
==>  Preparing: SELECT id,username,password,phone,status,avatar,create_time FROM sys_user WHERE id IN ( ? , ? , ? , ? , ? , ? , ? , ? , ? )
==> Parameters: 16(Long), 1(Long), 17(Long), 18(Long), 19(Long), 20(Long), 21(Long), 22(Long), 23(Long)
<==    Columns: id, username, password, phone, status, avatar, create_time
<==        Row: 1, lx, $2a$10$DY8p4Q7r/lnC2ax327OH/u439shvAv9lH895iyIYyLxfz9cRgKKgW, 19185939281, 1, http://localhost:8080/uploads/avatars/avatar_1_1782735664998.png, 2026-06-21 20:09:20
<==        Row: 16, cappuccino_boy, $2a$10$N.zmdr9k7uOCQb376NoUnuTJ8iAt6Z5EHsM8lE9lBOsl7iKTVKIUi, 13800000013, 1, null, 2026-06-23 06:40:41
<==        Row: 17, single_origin, $2a$10$N.zmdr9k7uOCQb376NoUnuTJ8iAt6Z5EHsM8lE9lBOsl7iKTVKIUi, 13800000014, 1, null, 2026-06-23 06:40:41
<==        Row: 18, flat_white_love, $2a$10$N.zmdr9k7uOCQb376NoUnuTJ8iAt6Z5EHsM8lE9lBOsl7iKTVKIUi, 13800000015, 1, null, 2026-06-23 06:40:41
<==        Row: 19, coffee_daily, $2a$10$N.zmdr9k7uOCQb376NoUnuTJ8iAt6Z5EHsM8lE9lBOsl7iKTVKIUi, 13800000016, 1, null, 2026-06-23 06:40:41
<==        Row: 20, bean_hunter, $2a$10$N.zmdr9k7uOCQb376NoUnuTJ8iAt6Z5EHsM8lE9lBOsl7iKTVKIUi, 13800000017, 1, null, 2026-06-23 06:40:41
<==        Row: 21, macchiato_fan, $2a$10$N.zmdr9k7uOCQb376NoUnuTJ8iAt6Z5EHsM8lE9lBOsl7iKTVKIUi, 13800000018, 1, null, 2026-06-23 06:40:41
<==        Row: 22, ristretto_lover, $2a$10$N.zmdr9k7uOCQb376NoUnuTJ8iAt6Z5EHsM8lE9lBOsl7iKTVKIUi, 13800000019, 1, null, 2026-06-23 06:40:41
<==        Row: 23, coffee_taster, $2a$10$N.zmdr9k7uOCQb376NoUnuTJ8iAt6Z5EHsM8lE9lBOsl7iKTVKIUi, 13800000020, 1, null, 2026-06-23 06:40:41
<==      Total: 9
Closing non transactional SqlSession [org.apache.ibatis.session.defaults.DefaultSqlSession@1aeafac1]
Creating a new SqlSession
SqlSession [org.apache.ibatis.session.defaults.DefaultSqlSession@3f9743ae] was not registered for synchronization because synchronization is not active
JDBC Connection [HikariProxyConnection@1432518065 wrapping com.mysql.cj.jdbc.ConnectionImpl@709ba45e] will not be managed by Spring
==>  Preparing: SELECT id,username,password,phone,status,avatar,create_time FROM sys_user WHERE id IN ( ? )
==> Parameters: 5(Long)
<==    Columns: id, username, password, phone, status, avatar, create_time
<==        Row: 5, barista_wang, $2a$10$N.zmdr9k7uOCQb376NoUnuTJ8iAt6Z5EHsM8lE9lBOsl7iKTVKIUi, 13800000002, 1, null, 2026-06-23 06:40:41
<==      Total: 1
Closing non transactional SqlSession [org.apache.ibatis.session.defaults.DefaultSqlSession@3f9743ae]
Creating a new SqlSession
SqlSession [org.apache.ibatis.session.defaults.DefaultSqlSession@26c00c1f] was not registered for synchronization because synchronization is not active
JDBC Connection [HikariProxyConnection@1551421927 wrapping com.mysql.cj.jdbc.ConnectionImpl@709ba45e] will not be managed by Spring
==>  Preparing: SELECT id,username,password,phone,status,avatar,create_time FROM sys_user WHERE id IN ( ? , ? , ? , ? , ? , ? , ? , ? , ? , ? , ? , ? )
==> Parameters: 1(Long), 17(Long), 18(Long), 19(Long), 20(Long), 22(Long), 23(Long), 7(Long), 11(Long), 12(Long), 13(Long), 14(Long)
<==    Columns: id, username, password, phone, status, avatar, create_time
<==        Row: 1, lx, $2a$10$DY8p4Q7r/lnC2ax327OH/u439shvAv9lH895iyIYyLxfz9cRgKKgW, 19185939281, 1, http://localhost:8080/uploads/avatars/avatar_1_1782735664998.png, 2026-06-21 20:09:20
<==        Row: 7, espresso_queen, $2a$10$N.zmdr9k7uOCQb376NoUnuTJ8iAt6Z5EHsM8lE9lBOsl7iKTVKIUi, 13800000004, 1, null, 2026-06-23 06:40:41
<==        Row: 11, cold_brew_king, $2a$10$N.zmdr9k7uOCQb376NoUnuTJ8iAt6Z5EHsM8lE9lBOsl7iKTVKIUi, 13800000008, 1, null, 2026-06-23 06:40:41
<==        Row: 12, coffee_snob, $2a$10$N.zmdr9k7uOCQb376NoUnuTJ8iAt6Z5EHsM8lE9lBOsl7iKTVKIUi, 13800000009, 1, null, 2026-06-23 06:40:41
<==        Row: 13, matcha_latte, $2a$10$N.zmdr9k7uOCQb376NoUnuTJ8iAt6Z5EHsM8lE9lBOsl7iKTVKIUi, 13800000010, 1, null, 2026-06-23 06:40:41
<==        Row: 14, cafe_hunter, $2a$10$N.zmdr9k7uOCQb376NoUnuTJ8iAt6Z5EHsM8lE9lBOsl7iKTVKIUi, 13800000011, 1, null, 2026-06-23 06:40:41
<==        Row: 17, single_origin, $2a$10$N.zmdr9k7uOCQb376NoUnuTJ8iAt6Z5EHsM8lE9lBOsl7iKTVKIUi, 13800000014, 1, null, 2026-06-23 06:40:41
<==        Row: 18, flat_white_love, $2a$10$N.zmdr9k7uOCQb376NoUnuTJ8iAt6Z5EHsM8lE9lBOsl7iKTVKIUi, 13800000015, 1, null, 2026-06-23 06:40:41
<==        Row: 19, coffee_daily, $2a$10$N.zmdr9k7uOCQb376NoUnuTJ8iAt6Z5EHsM8lE9lBOsl7iKTVKIUi, 13800000016, 1, null, 2026-06-23 06:40:41
<==        Row: 20, bean_hunter, $2a$10$N.zmdr9k7uOCQb376NoUnuTJ8iAt6Z5EHsM8lE9lBOsl7iKTVKIUi, 13800000017, 1, null, 2026-06-23 06:40:41
<==        Row: 22, ristretto_lover, $2a$10$N.zmdr9k7uOCQb376NoUnuTJ8iAt6Z5EHsM8lE9lBOsl7iKTVKIUi, 13800000019, 1, null, 2026-06-23 06:40:41
<==        Row: 23, coffee_taster, $2a$10$N.zmdr9k7uOCQb376NoUnuTJ8iAt6Z5EHsM8lE9lBOsl7iKTVKIUi, 13800000020, 1, null, 2026-06-23 06:40:41
<==      Total: 12
Closing non transactional SqlSession [org.apache.ibatis.session.defaults.DefaultSqlSession@26c00c1f]
Creating a new SqlSession
SqlSession [org.apache.ibatis.session.defaults.DefaultSqlSession@321a13d] was not registered for synchronization because synchronization is not active
JDBC Connection [HikariProxyConnection@210171953 wrapping com.mysql.cj.jdbc.ConnectionImpl@709ba45e] will not be managed by Spring
==>  Preparing: SELECT id,username,password,phone,status,avatar,create_time FROM sys_user WHERE id=?
==> Parameters: 1(Long)
<==    Columns: id, username, password, phone, status, avatar, create_time
<==        Row: 1, lx, $2a$10$DY8p4Q7r/lnC2ax327OH/u439shvAv9lH895iyIYyLxfz9cRgKKgW, 19185939281, 1, http://localhost:8080/uploads/avatars/avatar_1_1782735664998.png, 2026-06-21 20:09:20
<==      Total: 1
Closing non transactional SqlSession [org.apache.ibatis.session.defaults.DefaultSqlSession@321a13d]
Creating a new SqlSession
SqlSession [org.apache.ibatis.session.defaults.DefaultSqlSession@444a02ff] was not registered for synchronization because synchronization is not active
JDBC Connection [HikariProxyConnection@1814392495 wrapping com.mysql.cj.jdbc.ConnectionImpl@709ba45e] will not be managed by Spring
==>  Preparing: SELECT id,username,password,phone,status,avatar,create_time FROM sys_user WHERE id IN ( ? )
==> Parameters: 1(Long)
<==    Columns: id, username, password, phone, status, avatar, create_time
<==        Row: 1, lx, $2a$10$DY8p4Q7r/lnC2ax327OH/u439shvAv9lH895iyIYyLxfz9cRgKKgW, 19185939281, 1, http://localhost:8080/uploads/avatars/avatar_1_1782735664998.png, 2026-06-21 20:09:20
<==      Total: 1
Closing non transactional SqlSession [org.apache.ibatis.session.defaults.DefaultSqlSession@444a02ff]
Creating a new SqlSession
SqlSession [org.apache.ibatis.session.defaults.DefaultSqlSession@1e9fc3bf] was not registered for synchronization because synchronization is not active
JDBC Connection [HikariProxyConnection@156775671 wrapping com.mysql.cj.jdbc.ConnectionImpl@709ba45e] will not be managed by Spring
==>  Preparing: SELECT id,username,password,phone,status,avatar,create_time FROM sys_user WHERE id IN ( ? , ? , ? , ? , ? , ? , ? )
==> Parameters: 1(Long), 18(Long), 20(Long), 22(Long), 7(Long), 14(Long), 15(Long)
<==    Columns: id, username, password, phone, status, avatar, create_time
<==        Row: 1, lx, $2a$10$DY8p4Q7r/lnC2ax327OH/u439shvAv9lH895iyIYyLxfz9cRgKKgW, 19185939281, 1, http://localhost:8080/uploads/avatars/avatar_1_1782735664998.png, 2026-06-21 20:09:20
<==        Row: 7, espresso_queen, $2a$10$N.zmdr9k7uOCQb376NoUnuTJ8iAt6Z5EHsM8lE9lBOsl7iKTVKIUi, 13800000004, 1, null, 2026-06-23 06:40:41
<==        Row: 14, cafe_hunter, $2a$10$N.zmdr9k7uOCQb376NoUnuTJ8iAt6Z5EHsM8lE9lBOsl7iKTVKIUi, 13800000011, 1, null, 2026-06-23 06:40:41
<==        Row: 15, pour_over_master, $2a$10$N.zmdr9k7uOCQb376NoUnuTJ8iAt6Z5EHsM8lE9lBOsl7iKTVKIUi, 13800000012, 1, null, 2026-06-23 06:40:41
<==        Row: 18, flat_white_love, $2a$10$N.zmdr9k7uOCQb376NoUnuTJ8iAt6Z5EHsM8lE9lBOsl7iKTVKIUi, 13800000015, 1, null, 2026-06-23 06:40:41
<==        Row: 20, bean_hunter, $2a$10$N.zmdr9k7uOCQb376NoUnuTJ8iAt6Z5EHsM8lE9lBOsl7iKTVKIUi, 13800000017, 1, null, 2026-06-23 06:40:41
<==        Row: 22, ristretto_lover, $2a$10$N.zmdr9k7uOCQb376NoUnuTJ8iAt6Z5EHsM8lE9lBOsl7iKTVKIUi, 13800000019, 1, null, 2026-06-23 06:40:41
<==      Total: 7
Closing non transactional SqlSession [org.apache.ibatis.session.defaults.DefaultSqlSession@1e9fc3bf]
Creating a new SqlSession
SqlSession [org.apache.ibatis.session.defaults.DefaultSqlSession@3a86fae4] was not registered for synchronization because synchronization is not active
JDBC Connection [HikariProxyConnection@2012685191 wrapping com.mysql.cj.jdbc.ConnectionImpl@709ba45e] will not be managed by Spring
==>  Preparing: SELECT id,username,password,phone,status,avatar,create_time FROM sys_user WHERE id IN ( ? , ? , ? , ? , ? , ? )
==> Parameters: 17(Long), 18(Long), 20(Long), 22(Long), 13(Long), 14(Long)
<==    Columns: id, username, password, phone, status, avatar, create_time
<==        Row: 13, matcha_latte, $2a$10$N.zmdr9k7uOCQb376NoUnuTJ8iAt6Z5EHsM8lE9lBOsl7iKTVKIUi, 13800000010, 1, null, 2026-06-23 06:40:41
<==        Row: 14, cafe_hunter, $2a$10$N.zmdr9k7uOCQb376NoUnuTJ8iAt6Z5EHsM8lE9lBOsl7iKTVKIUi, 13800000011, 1, null, 2026-06-23 06:40:41
<==        Row: 17, single_origin, $2a$10$N.zmdr9k7uOCQb376NoUnuTJ8iAt6Z5EHsM8lE9lBOsl7iKTVKIUi, 13800000014, 1, null, 2026-06-23 06:40:41
<==        Row: 18, flat_white_love, $2a$10$N.zmdr9k7uOCQb376NoUnuTJ8iAt6Z5EHsM8lE9lBOsl7iKTVKIUi, 13800000015, 1, null, 2026-06-23 06:40:41
<==        Row: 20, bean_hunter, $2a$10$N.zmdr9k7uOCQb376NoUnuTJ8iAt6Z5EHsM8lE9lBOsl7iKTVKIUi, 13800000017, 1, null, 2026-06-23 06:40:41
<==        Row: 22, ristretto_lover, $2a$10$N.zmdr9k7uOCQb376NoUnuTJ8iAt6Z5EHsM8lE9lBOsl7iKTVKIUi, 13800000019, 1, null, 2026-06-23 06:40:41
<==      Total: 6
Closing non transactional SqlSession [org.apache.ibatis.session.defaults.DefaultSqlSession@3a86fae4]
Creating a new SqlSession
SqlSession [org.apache.ibatis.session.defaults.DefaultSqlSession@b758e7b] was not registered for synchronization because synchronization is not active
JDBC Connection [HikariProxyConnection@2052763984 wrapping com.mysql.cj.jdbc.ConnectionImpl@709ba45e] will not be managed by Spring
==>  Preparing: SELECT id,username,password,phone,status,avatar,create_time FROM sys_user WHERE id IN ( ? , ? , ? , ? , ? , ? , ? )
==> Parameters: 1(Long), 18(Long), 20(Long), 22(Long), 7(Long), 14(Long), 15(Long)
<==    Columns: id, username, password, phone, status, avatar, create_time
<==        Row: 1, lx, $2a$10$DY8p4Q7r/lnC2ax327OH/u439shvAv9lH895iyIYyLxfz9cRgKKgW, 19185939281, 1, http://localhost:8080/uploads/avatars/avatar_1_1782735664998.png, 2026-06-21 20:09:20
<==        Row: 7, espresso_queen, $2a$10$N.zmdr9k7uOCQb376NoUnuTJ8iAt6Z5EHsM8lE9lBOsl7iKTVKIUi, 13800000004, 1, null, 2026-06-23 06:40:41
<==        Row: 14, cafe_hunter, $2a$10$N.zmdr9k7uOCQb376NoUnuTJ8iAt6Z5EHsM8lE9lBOsl7iKTVKIUi, 13800000011, 1, null, 2026-06-23 06:40:41
<==        Row: 15, pour_over_master, $2a$10$N.zmdr9k7uOCQb376NoUnuTJ8iAt6Z5EHsM8lE9lBOsl7iKTVKIUi, 13800000012, 1, null, 2026-06-23 06:40:41
<==        Row: 18, flat_white_love, $2a$10$N.zmdr9k7uOCQb376NoUnuTJ8iAt6Z5EHsM8lE9lBOsl7iKTVKIUi, 13800000015, 1, null, 2026-06-23 06:40:41
<==        Row: 20, bean_hunter, $2a$10$N.zmdr9k7uOCQb376NoUnuTJ8iAt6Z5EHsM8lE9lBOsl7iKTVKIUi, 13800000017, 1, null, 2026-06-23 06:40:41
<==        Row: 22, ristretto_lover, $2a$10$N.zmdr9k7uOCQb376NoUnuTJ8iAt6Z5EHsM8lE9lBOsl7iKTVKIUi, 13800000019, 1, null, 2026-06-23 06:40:41
<==      Total: 7
Closing non transactional SqlSession [org.apache.ibatis.session.defaults.DefaultSqlSession@b758e7b]
Creating a new SqlSession
SqlSession [org.apache.ibatis.session.defaults.DefaultSqlSession@4bb2bf13] was not registered for synchronization because synchronization is not active
JDBC Connection [HikariProxyConnection@1181629787 wrapping com.mysql.cj.jdbc.ConnectionImpl@709ba45e] will not be managed by Spring
==>  Preparing: SELECT id,username,password,phone,status,avatar,create_time FROM sys_user WHERE id IN ( ? )
==> Parameters: 1(Long)
<==    Columns: id, username, password, phone, status, avatar, create_time
<==        Row: 1, lx, $2a$10$DY8p4Q7r/lnC2ax327OH/u439shvAv9lH895iyIYyLxfz9cRgKKgW, 19185939281, 1, http://localhost:8080/uploads/avatars/avatar_1_1782735664998.png, 2026-06-21 20:09:20
<==      Total: 1
Closing non transactional SqlSession [org.apache.ibatis.session.defaults.DefaultSqlSession@4bb2bf13]
Creating a new SqlSession
SqlSession [org.apache.ibatis.session.defaults.DefaultSqlSession@387417d9] was not registered for synchronization because synchronization is not active
JDBC Connection [HikariProxyConnection@199829939 wrapping com.mysql.cj.jdbc.ConnectionImpl@709ba45e] will not be managed by Spring
==>  Preparing: SELECT id,username,password,phone,status,avatar,create_time FROM sys_user WHERE id=?
==> Parameters: 1(Long)
<==    Columns: id, username, password, phone, status, avatar, create_time
<==        Row: 1, lx, $2a$10$DY8p4Q7r/lnC2ax327OH/u439shvAv9lH895iyIYyLxfz9cRgKKgW, 19185939281, 1, http://localhost:8080/uploads/avatars/avatar_1_1782735664998.png, 2026-06-21 20:09:20
<==      Total: 1
Closing non transactional SqlSession [org.apache.ibatis.session.defaults.DefaultSqlSession@387417d9]
Creating a new SqlSession
SqlSession [org.apache.ibatis.session.defaults.DefaultSqlSession@182843b1] was not registered for synchronization because synchronization is not active
JDBC Connection [HikariProxyConnection@497543465 wrapping com.mysql.cj.jdbc.ConnectionImpl@709ba45e] will not be managed by Spring
==>  Preparing: SELECT id,username,password,phone,status,avatar,create_time FROM sys_user WHERE id=?
==> Parameters: 1(Long)
<==    Columns: id, username, password, phone, status, avatar, create_time
<==        Row: 1, lx, $2a$10$DY8p4Q7r/lnC2ax327OH/u439shvAv9lH895iyIYyLxfz9cRgKKgW, 19185939281, 1, http://localhost:8080/uploads/avatars/avatar_1_1782735664998.png, 2026-06-21 20:09:20
<==      Total: 1
Closing non transactional SqlSession [org.apache.ibatis.session.defaults.DefaultSqlSession@182843b1]
Creating a new SqlSession
SqlSession [org.apache.ibatis.session.defaults.DefaultSqlSession@2711c202] was not registered for synchronization because synchronization is not active
JDBC Connection [HikariProxyConnection@26710539 wrapping com.mysql.cj.jdbc.ConnectionImpl@709ba45e] will not be managed by Spring
==>  Preparing: SELECT id,username,password,phone,status,avatar,create_time FROM sys_user WHERE id IN ( ? )
==> Parameters: 1(Long)
<==    Columns: id, username, password, phone, status, avatar, create_time
<==        Row: 1, lx, $2a$10$DY8p4Q7r/lnC2ax327OH/u439shvAv9lH895iyIYyLxfz9cRgKKgW, 19185939281, 1, http://localhost:8080/uploads/avatars/avatar_1_1782735664998.png, 2026-06-21 20:09:20
<==      Total: 1
Closing non transactional SqlSession [org.apache.ibatis.session.defaults.DefaultSqlSession@2711c202]
Creating a new SqlSession
SqlSession [org.apache.ibatis.session.defaults.DefaultSqlSession@62e0b31e] was not registered for synchronization because synchronization is not active
JDBC Connection [HikariProxyConnection@1990793287 wrapping com.mysql.cj.jdbc.ConnectionImpl@709ba45e] will not be managed by Spring
==>  Preparing: SELECT id,username,password,phone,status,avatar,create_time FROM sys_user WHERE id IN ( ? , ? , ? , ? , ? , ? , ? , ? , ? , ? , ? , ? )
==> Parameters: 1(Long), 17(Long), 18(Long), 19(Long), 20(Long), 22(Long), 23(Long), 7(Long), 11(Long), 12(Long), 13(Long), 14(Long)
<==    Columns: id, username, password, phone, status, avatar, create_time
<==        Row: 1, lx, $2a$10$DY8p4Q7r/lnC2ax327OH/u439shvAv9lH895iyIYyLxfz9cRgKKgW, 19185939281, 1, http://localhost:8080/uploads/avatars/avatar_1_1782735664998.png, 2026-06-21 20:09:20
<==        Row: 7, espresso_queen, $2a$10$N.zmdr9k7uOCQb376NoUnuTJ8iAt6Z5EHsM8lE9lBOsl7iKTVKIUi, 13800000004, 1, null, 2026-06-23 06:40:41
<==        Row: 11, cold_brew_king, $2a$10$N.zmdr9k7uOCQb376NoUnuTJ8iAt6Z5EHsM8lE9lBOsl7iKTVKIUi, 13800000008, 1, null, 2026-06-23 06:40:41
<==        Row: 12, coffee_snob, $2a$10$N.zmdr9k7uOCQb376NoUnuTJ8iAt6Z5EHsM8lE9lBOsl7iKTVKIUi, 13800000009, 1, null, 2026-06-23 06:40:41
<==        Row: 13, matcha_latte, $2a$10$N.zmdr9k7uOCQb376NoUnuTJ8iAt6Z5EHsM8lE9lBOsl7iKTVKIUi, 13800000010, 1, null, 2026-06-23 06:40:41
<==        Row: 14, cafe_hunter, $2a$10$N.zmdr9k7uOCQb376NoUnuTJ8iAt6Z5EHsM8lE9lBOsl7iKTVKIUi, 13800000011, 1, null, 2026-06-23 06:40:41
<==        Row: 17, single_origin, $2a$10$N.zmdr9k7uOCQb376NoUnuTJ8iAt6Z5EHsM8lE9lBOsl7iKTVKIUi, 13800000014, 1, null, 2026-06-23 06:40:41
<==        Row: 18, flat_white_love, $2a$10$N.zmdr9k7uOCQb376NoUnuTJ8iAt6Z5EHsM8lE9lBOsl7iKTVKIUi, 13800000015, 1, null, 2026-06-23 06:40:41
<==        Row: 19, coffee_daily, $2a$10$N.zmdr9k7uOCQb376NoUnuTJ8iAt6Z5EHsM8lE9lBOsl7iKTVKIUi, 13800000016, 1, null, 2026-06-23 06:40:41
<==        Row: 20, bean_hunter, $2a$10$N.zmdr9k7uOCQb376NoUnuTJ8iAt6Z5EHsM8lE9lBOsl7iKTVKIUi, 13800000017, 1, null, 2026-06-23 06:40:41
<==        Row: 22, ristretto_lover, $2a$10$N.zmdr9k7uOCQb376NoUnuTJ8iAt6Z5EHsM8lE9lBOsl7iKTVKIUi, 13800000019, 1, null, 2026-06-23 06:40:41
<==        Row: 23, coffee_taster, $2a$10$N.zmdr9k7uOCQb376NoUnuTJ8iAt6Z5EHsM8lE9lBOsl7iKTVKIUi, 13800000020, 1, null, 2026-06-23 06:40:41
<==      Total: 12
Closing non transactional SqlSession [org.apache.ibatis.session.defaults.DefaultSqlSession@62e0b31e]
Creating a new SqlSession
SqlSession [org.apache.ibatis.session.defaults.DefaultSqlSession@3df3328b] was not registered for synchronization because synchronization is not active
JDBC Connection [HikariProxyConnection@1681121994 wrapping com.mysql.cj.jdbc.ConnectionImpl@709ba45e] will not be managed by Spring
==>  Preparing: SELECT id,username,password,phone,status,avatar,create_time FROM sys_user WHERE id IN ( ? , ? , ? , ? , ? , ? , ? , ? , ? )
==> Parameters: 16(Long), 1(Long), 17(Long), 18(Long), 19(Long), 20(Long), 21(Long), 22(Long), 23(Long)
<==    Columns: id, username, password, phone, status, avatar, create_time
<==        Row: 1, lx, $2a$10$DY8p4Q7r/lnC2ax327OH/u439shvAv9lH895iyIYyLxfz9cRgKKgW, 19185939281, 1, http://localhost:8080/uploads/avatars/avatar_1_1782735664998.png, 2026-06-21 20:09:20
<==        Row: 16, cappuccino_boy, $2a$10$N.zmdr9k7uOCQb376NoUnuTJ8iAt6Z5EHsM8lE9lBOsl7iKTVKIUi, 13800000013, 1, null, 2026-06-23 06:40:41
<==        Row: 17, single_origin, $2a$10$N.zmdr9k7uOCQb376NoUnuTJ8iAt6Z5EHsM8lE9lBOsl7iKTVKIUi, 13800000014, 1, null, 2026-06-23 06:40:41
<==        Row: 18, flat_white_love, $2a$10$N.zmdr9k7uOCQb376NoUnuTJ8iAt6Z5EHsM8lE9lBOsl7iKTVKIUi, 13800000015, 1, null, 2026-06-23 06:40:41
<==        Row: 19, coffee_daily, $2a$10$N.zmdr9k7uOCQb376NoUnuTJ8iAt6Z5EHsM8lE9lBOsl7iKTVKIUi, 13800000016, 1, null, 2026-06-23 06:40:41
<==        Row: 20, bean_hunter, $2a$10$N.zmdr9k7uOCQb376NoUnuTJ8iAt6Z5EHsM8lE9lBOsl7iKTVKIUi, 13800000017, 1, null, 2026-06-23 06:40:41
<==        Row: 21, macchiato_fan, $2a$10$N.zmdr9k7uOCQb376NoUnuTJ8iAt6Z5EHsM8lE9lBOsl7iKTVKIUi, 13800000018, 1, null, 2026-06-23 06:40:41
<==        Row: 22, ristretto_lover, $2a$10$N.zmdr9k7uOCQb376NoUnuTJ8iAt6Z5EHsM8lE9lBOsl7iKTVKIUi, 13800000019, 1, null, 2026-06-23 06:40:41
<==        Row: 23, coffee_taster, $2a$10$N.zmdr9k7uOCQb376NoUnuTJ8iAt6Z5EHsM8lE9lBOsl7iKTVKIUi, 13800000020, 1, null, 2026-06-23 06:40:41
<==      Total: 9
Closing non transactional SqlSession [org.apache.ibatis.session.defaults.DefaultSqlSession@3df3328b]
Creating a new SqlSession
SqlSession [org.apache.ibatis.session.defaults.DefaultSqlSession@5bbc4cda] was not registered for synchronization because synchronization is not active
JDBC Connection [HikariProxyConnection@22264279 wrapping com.mysql.cj.jdbc.ConnectionImpl@231fe675] will not be managed by Spring
==>  Preparing: SELECT id,username,password,phone,status,avatar,create_time FROM sys_user WHERE id IN ( ? , ? , ? , ? , ? , ? , ? , ? , ? , ? , ? , ? )
==> Parameters: 1(Long), 17(Long), 18(Long), 19(Long), 20(Long), 22(Long), 23(Long), 7(Long), 11(Long), 12(Long), 13(Long), 14(Long)
<==    Columns: id, username, password, phone, status, avatar, create_time
<==        Row: 1, lx, $2a$10$DY8p4Q7r/lnC2ax327OH/u439shvAv9lH895iyIYyLxfz9cRgKKgW, 19185939281, 1, http://localhost:8080/uploads/avatars/avatar_1_1782735664998.png, 2026-06-21 20:09:20
<==        Row: 7, espresso_queen, $2a$10$N.zmdr9k7uOCQb376NoUnuTJ8iAt6Z5EHsM8lE9lBOsl7iKTVKIUi, 13800000004, 1, null, 2026-06-23 06:40:41
<==        Row: 11, cold_brew_king, $2a$10$N.zmdr9k7uOCQb376NoUnuTJ8iAt6Z5EHsM8lE9lBOsl7iKTVKIUi, 13800000008, 1, null, 2026-06-23 06:40:41
<==        Row: 12, coffee_snob, $2a$10$N.zmdr9k7uOCQb376NoUnuTJ8iAt6Z5EHsM8lE9lBOsl7iKTVKIUi, 13800000009, 1, null, 2026-06-23 06:40:41
<==        Row: 13, matcha_latte, $2a$10$N.zmdr9k7uOCQb376NoUnuTJ8iAt6Z5EHsM8lE9lBOsl7iKTVKIUi, 13800000010, 1, null, 2026-06-23 06:40:41
<==        Row: 14, cafe_hunter, $2a$10$N.zmdr9k7uOCQb376NoUnuTJ8iAt6Z5EHsM8lE9lBOsl7iKTVKIUi, 13800000011, 1, null, 2026-06-23 06:40:41
<==        Row: 17, single_origin, $2a$10$N.zmdr9k7uOCQb376NoUnuTJ8iAt6Z5EHsM8lE9lBOsl7iKTVKIUi, 13800000014, 1, null, 2026-06-23 06:40:41
<==        Row: 18, flat_white_love, $2a$10$N.zmdr9k7uOCQb376NoUnuTJ8iAt6Z5EHsM8lE9lBOsl7iKTVKIUi, 13800000015, 1, null, 2026-06-23 06:40:41
<==        Row: 19, coffee_daily, $2a$10$N.zmdr9k7uOCQb376NoUnuTJ8iAt6Z5EHsM8lE9lBOsl7iKTVKIUi, 13800000016, 1, null, 2026-06-23 06:40:41
<==        Row: 20, bean_hunter, $2a$10$N.zmdr9k7uOCQb376NoUnuTJ8iAt6Z5EHsM8lE9lBOsl7iKTVKIUi, 13800000017, 1, null, 2026-06-23 06:40:41
<==        Row: 22, ristretto_lover, $2a$10$N.zmdr9k7uOCQb376NoUnuTJ8iAt6Z5EHsM8lE9lBOsl7iKTVKIUi, 13800000019, 1, null, 2026-06-23 06:40:41
<==        Row: 23, coffee_taster, $2a$10$N.zmdr9k7uOCQb376NoUnuTJ8iAt6Z5EHsM8lE9lBOsl7iKTVKIUi, 13800000020, 1, null, 2026-06-23 06:40:41
<==      Total: 12
Closing non transactional SqlSession [org.apache.ibatis.session.defaults.DefaultSqlSession@5bbc4cda]
Creating a new SqlSession
SqlSession [org.apache.ibatis.session.defaults.DefaultSqlSession@30ffefc3] was not registered for synchronization because synchronization is not active
JDBC Connection [HikariProxyConnection@1046059176 wrapping com.mysql.cj.jdbc.ConnectionImpl@231fe675] will not be managed by Spring
==>  Preparing: SELECT id,username,password,phone,status,avatar,create_time FROM sys_user WHERE id=?
==> Parameters: 1(Long)
<==    Columns: id, username, password, phone, status, avatar, create_time
<==        Row: 1, lx, $2a$10$DY8p4Q7r/lnC2ax327OH/u439shvAv9lH895iyIYyLxfz9cRgKKgW, 19185939281, 1, http://localhost:8080/uploads/avatars/avatar_1_1782735664998.png, 2026-06-21 20:09:20
<==      Total: 1
Closing non transactional SqlSession [org.apache.ibatis.session.defaults.DefaultSqlSession@30ffefc3]
Creating a new SqlSession
SqlSession [org.apache.ibatis.session.defaults.DefaultSqlSession@3ffbe06d] was not registered for synchronization because synchronization is not active
JDBC Connection [HikariProxyConnection@669242977 wrapping com.mysql.cj.jdbc.ConnectionImpl@231fe675] will not be managed by Spring
==>  Preparing: SELECT id,username,password,phone,status,avatar,create_time FROM sys_user WHERE id IN ( ? )
==> Parameters: 1(Long)
<==    Columns: id, username, password, phone, status, avatar, create_time
<==        Row: 1, lx, $2a$10$DY8p4Q7r/lnC2ax327OH/u439shvAv9lH895iyIYyLxfz9cRgKKgW, 19185939281, 1, http://localhost:8080/uploads/avatars/avatar_1_1782735664998.png, 2026-06-21 20:09:20
<==      Total: 1
Closing non transactional SqlSession [org.apache.ibatis.session.defaults.DefaultSqlSession@3ffbe06d]
Creating a new SqlSession
SqlSession [org.apache.ibatis.session.defaults.DefaultSqlSession@2862bd3b] was not registered for synchronization because synchronization is not active
JDBC Connection [HikariProxyConnection@211924438 wrapping com.mysql.cj.jdbc.ConnectionImpl@777f333a] will not be managed by Spring
==>  Preparing: SELECT id,username,password,phone,status,avatar,create_time FROM sys_user WHERE id=?
==> Parameters: 1(Long)
<==    Columns: id, username, password, phone, status, avatar, create_time
<==        Row: 1, lx, $2a$10$DY8p4Q7r/lnC2ax327OH/u439shvAv9lH895iyIYyLxfz9cRgKKgW, 19185939281, 1, http://localhost:8080/uploads/avatars/avatar_1_1782735664998.png, 2026-06-21 20:09:20
<==      Total: 1
Closing non transactional SqlSession [org.apache.ibatis.session.defaults.DefaultSqlSession@2862bd3b]
Creating a new SqlSession
SqlSession [org.apache.ibatis.session.defaults.DefaultSqlSession@6e88aa41] was not registered for synchronization because synchronization is not active
JDBC Connection [HikariProxyConnection@1193309248 wrapping com.mysql.cj.jdbc.ConnectionImpl@777f333a] will not be managed by Spring
==>  Preparing: SELECT id,username,password,phone,status,avatar,create_time FROM sys_user WHERE id IN ( ? )
==> Parameters: 1(Long)
<==    Columns: id, username, password, phone, status, avatar, create_time
<==        Row: 1, lx, $2a$10$DY8p4Q7r/lnC2ax327OH/u439shvAv9lH895iyIYyLxfz9cRgKKgW, 19185939281, 1, http://localhost:8080/uploads/avatars/avatar_1_1782735664998.png, 2026-06-21 20:09:20
<==      Total: 1
Closing non transactional SqlSession [org.apache.ibatis.session.defaults.DefaultSqlSession@6e88aa41]
Creating a new SqlSession
SqlSession [org.apache.ibatis.session.defaults.DefaultSqlSession@636c774b] was not registered for synchronization because synchronization is not active
JDBC Connection [HikariProxyConnection@74666107 wrapping com.mysql.cj.jdbc.ConnectionImpl@3a260b92] will not be managed by Spring
==>  Preparing: SELECT id,username,password,phone,status,avatar,create_time FROM sys_user WHERE id IN ( ? , ? , ? , ? , ? , ? , ? )
==> Parameters: 1(Long), 18(Long), 20(Long), 22(Long), 7(Long), 14(Long), 15(Long)
<==    Columns: id, username, password, phone, status, avatar, create_time
<==        Row: 1, lx, $2a$10$DY8p4Q7r/lnC2ax327OH/u439shvAv9lH895iyIYyLxfz9cRgKKgW, 19185939281, 1, http://localhost:8080/uploads/avatars/avatar_1_1782735664998.png, 2026-06-21 20:09:20
<==        Row: 7, espresso_queen, $2a$10$N.zmdr9k7uOCQb376NoUnuTJ8iAt6Z5EHsM8lE9lBOsl7iKTVKIUi, 13800000004, 1, null, 2026-06-23 06:40:41
<==        Row: 14, cafe_hunter, $2a$10$N.zmdr9k7uOCQb376NoUnuTJ8iAt6Z5EHsM8lE9lBOsl7iKTVKIUi, 13800000011, 1, null, 2026-06-23 06:40:41
<==        Row: 15, pour_over_master, $2a$10$N.zmdr9k7uOCQb376NoUnuTJ8iAt6Z5EHsM8lE9lBOsl7iKTVKIUi, 13800000012, 1, null, 2026-06-23 06:40:41
<==        Row: 18, flat_white_love, $2a$10$N.zmdr9k7uOCQb376NoUnuTJ8iAt6Z5EHsM8lE9lBOsl7iKTVKIUi, 13800000015, 1, null, 2026-06-23 06:40:41
<==        Row: 20, bean_hunter, $2a$10$N.zmdr9k7uOCQb376NoUnuTJ8iAt6Z5EHsM8lE9lBOsl7iKTVKIUi, 13800000017, 1, null, 2026-06-23 06:40:41
<==        Row: 22, ristretto_lover, $2a$10$N.zmdr9k7uOCQb376NoUnuTJ8iAt6Z5EHsM8lE9lBOsl7iKTVKIUi, 13800000019, 1, null, 2026-06-23 06:40:41
<==      Total: 7
Closing non transactional SqlSession [org.apache.ibatis.session.defaults.DefaultSqlSession@636c774b]
Creating a new SqlSession
SqlSession [org.apache.ibatis.session.defaults.DefaultSqlSession@743966cd] was not registered for synchronization because synchronization is not active
JDBC Connection [HikariProxyConnection@1827368268 wrapping com.mysql.cj.jdbc.ConnectionImpl@3a260b92] will not be managed by Spring
==>  Preparing: SELECT id,username,password,phone,status,avatar,create_time FROM sys_user WHERE id IN ( ? , ? , ? , ? , ? , ? )
==> Parameters: 17(Long), 18(Long), 20(Long), 22(Long), 13(Long), 14(Long)
<==    Columns: id, username, password, phone, status, avatar, create_time
<==        Row: 13, matcha_latte, $2a$10$N.zmdr9k7uOCQb376NoUnuTJ8iAt6Z5EHsM8lE9lBOsl7iKTVKIUi, 13800000010, 1, null, 2026-06-23 06:40:41
<==        Row: 14, cafe_hunter, $2a$10$N.zmdr9k7uOCQb376NoUnuTJ8iAt6Z5EHsM8lE9lBOsl7iKTVKIUi, 13800000011, 1, null, 2026-06-23 06:40:41
<==        Row: 17, single_origin, $2a$10$N.zmdr9k7uOCQb376NoUnuTJ8iAt6Z5EHsM8lE9lBOsl7iKTVKIUi, 13800000014, 1, null, 2026-06-23 06:40:41
<==        Row: 18, flat_white_love, $2a$10$N.zmdr9k7uOCQb376NoUnuTJ8iAt6Z5EHsM8lE9lBOsl7iKTVKIUi, 13800000015, 1, null, 2026-06-23 06:40:41
<==        Row: 20, bean_hunter, $2a$10$N.zmdr9k7uOCQb376NoUnuTJ8iAt6Z5EHsM8lE9lBOsl7iKTVKIUi, 13800000017, 1, null, 2026-06-23 06:40:41
<==        Row: 22, ristretto_lover, $2a$10$N.zmdr9k7uOCQb376NoUnuTJ8iAt6Z5EHsM8lE9lBOsl7iKTVKIUi, 13800000019, 1, null, 2026-06-23 06:40:41
<==      Total: 6
Closing non transactional SqlSession [org.apache.ibatis.session.defaults.DefaultSqlSession@743966cd]
Creating a new SqlSession
SqlSession [org.apache.ibatis.session.defaults.DefaultSqlSession@c6c8d5] was not registered for synchronization because synchronization is not active
JDBC Connection [HikariProxyConnection@21549598 wrapping com.mysql.cj.jdbc.ConnectionImpl@3a260b92] will not be managed by Spring
==>  Preparing: SELECT id,username,password,phone,status,avatar,create_time FROM sys_user WHERE id IN ( ? , ? , ? , ? , ? , ? , ? )
==> Parameters: 1(Long), 18(Long), 20(Long), 22(Long), 7(Long), 14(Long), 15(Long)
<==    Columns: id, username, password, phone, status, avatar, create_time
<==        Row: 1, lx, $2a$10$DY8p4Q7r/lnC2ax327OH/u439shvAv9lH895iyIYyLxfz9cRgKKgW, 19185939281, 1, http://localhost:8080/uploads/avatars/avatar_1_1782735664998.png, 2026-06-21 20:09:20
<==        Row: 7, espresso_queen, $2a$10$N.zmdr9k7uOCQb376NoUnuTJ8iAt6Z5EHsM8lE9lBOsl7iKTVKIUi, 13800000004, 1, null, 2026-06-23 06:40:41
<==        Row: 14, cafe_hunter, $2a$10$N.zmdr9k7uOCQb376NoUnuTJ8iAt6Z5EHsM8lE9lBOsl7iKTVKIUi, 13800000011, 1, null, 2026-06-23 06:40:41
<==        Row: 15, pour_over_master, $2a$10$N.zmdr9k7uOCQb376NoUnuTJ8iAt6Z5EHsM8lE9lBOsl7iKTVKIUi, 13800000012, 1, null, 2026-06-23 06:40:41
<==        Row: 18, flat_white_love, $2a$10$N.zmdr9k7uOCQb376NoUnuTJ8iAt6Z5EHsM8lE9lBOsl7iKTVKIUi, 13800000015, 1, null, 2026-06-23 06:40:41
<==        Row: 20, bean_hunter, $2a$10$N.zmdr9k7uOCQb376NoUnuTJ8iAt6Z5EHsM8lE9lBOsl7iKTVKIUi, 13800000017, 1, null, 2026-06-23 06:40:41
<==        Row: 22, ristretto_lover, $2a$10$N.zmdr9k7uOCQb376NoUnuTJ8iAt6Z5EHsM8lE9lBOsl7iKTVKIUi, 13800000019, 1, null, 2026-06-23 06:40:41
<==      Total: 7
Closing non transactional SqlSession [org.apache.ibatis.session.defaults.DefaultSqlSession@c6c8d5]
Creating a new SqlSession
SqlSession [org.apache.ibatis.session.defaults.DefaultSqlSession@1f59a06e] was not registered for synchronization because synchronization is not active
JDBC Connection [HikariProxyConnection@2135020384 wrapping com.mysql.cj.jdbc.ConnectionImpl@3a260b92] will not be managed by Spring
==>  Preparing: SELECT id,username,password,phone,status,avatar,create_time FROM sys_user WHERE id IN ( ? )
==> Parameters: 1(Long)
<==    Columns: id, username, password, phone, status, avatar, create_time
<==        Row: 1, lx, $2a$10$DY8p4Q7r/lnC2ax327OH/u439shvAv9lH895iyIYyLxfz9cRgKKgW, 19185939281, 1, http://localhost:8080/uploads/avatars/avatar_1_1782735664998.png, 2026-06-21 20:09:20
<==      Total: 1
Closing non transactional SqlSession [org.apache.ibatis.session.defaults.DefaultSqlSession@1f59a06e]
Creating a new SqlSession
SqlSession [org.apache.ibatis.session.defaults.DefaultSqlSession@798cddaa] was not registered for synchronization because synchronization is not active
JDBC Connection [HikariProxyConnection@1734523496 wrapping com.mysql.cj.jdbc.ConnectionImpl@3a260b92] will not be managed by Spring
==>  Preparing: SELECT id,username,password,phone,status,avatar,create_time FROM sys_user WHERE id IN ( ? , ? , ? , ? , ? , ? , ? )
==> Parameters: 1(Long), 18(Long), 20(Long), 22(Long), 7(Long), 14(Long), 15(Long)
<==    Columns: id, username, password, phone, status, avatar, create_time
<==        Row: 1, lx, $2a$10$DY8p4Q7r/lnC2ax327OH/u439shvAv9lH895iyIYyLxfz9cRgKKgW, 19185939281, 1, http://localhost:8080/uploads/avatars/avatar_1_1782735664998.png, 2026-06-21 20:09:20
<==        Row: 7, espresso_queen, $2a$10$N.zmdr9k7uOCQb376NoUnuTJ8iAt6Z5EHsM8lE9lBOsl7iKTVKIUi, 13800000004, 1, null, 2026-06-23 06:40:41
<==        Row: 14, cafe_hunter, $2a$10$N.zmdr9k7uOCQb376NoUnuTJ8iAt6Z5EHsM8lE9lBOsl7iKTVKIUi, 13800000011, 1, null, 2026-06-23 06:40:41
<==        Row: 15, pour_over_master, $2a$10$N.zmdr9k7uOCQb376NoUnuTJ8iAt6Z5EHsM8lE9lBOsl7iKTVKIUi, 13800000012, 1, null, 2026-06-23 06:40:41
<==        Row: 18, flat_white_love, $2a$10$N.zmdr9k7uOCQb376NoUnuTJ8iAt6Z5EHsM8lE9lBOsl7iKTVKIUi, 13800000015, 1, null, 2026-06-23 06:40:41
<==        Row: 20, bean_hunter, $2a$10$N.zmdr9k7uOCQb376NoUnuTJ8iAt6Z5EHsM8lE9lBOsl7iKTVKIUi, 13800000017, 1, null, 2026-06-23 06:40:41
<==        Row: 22, ristretto_lover, $2a$10$N.zmdr9k7uOCQb376NoUnuTJ8iAt6Z5EHsM8lE9lBOsl7iKTVKIUi, 13800000019, 1, null, 2026-06-23 06:40:41
<==      Total: 7
Closing non transactional SqlSession [org.apache.ibatis.session.defaults.DefaultSqlSession@798cddaa]
Creating a new SqlSession
SqlSession [org.apache.ibatis.session.defaults.DefaultSqlSession@30aa678b] was not registered for synchronization because synchronization is not active
JDBC Connection [HikariProxyConnection@1646459680 wrapping com.mysql.cj.jdbc.ConnectionImpl@3a260b92] will not be managed by Spring
==>  Preparing: SELECT id,username,password,phone,status,avatar,create_time FROM sys_user WHERE id IN ( ? , ? , ? , ? , ? , ? )
==> Parameters: 17(Long), 18(Long), 20(Long), 22(Long), 13(Long), 14(Long)
<==    Columns: id, username, password, phone, status, avatar, create_time
<==        Row: 13, matcha_latte, $2a$10$N.zmdr9k7uOCQb376NoUnuTJ8iAt6Z5EHsM8lE9lBOsl7iKTVKIUi, 13800000010, 1, null, 2026-06-23 06:40:41
<==        Row: 14, cafe_hunter, $2a$10$N.zmdr9k7uOCQb376NoUnuTJ8iAt6Z5EHsM8lE9lBOsl7iKTVKIUi, 13800000011, 1, null, 2026-06-23 06:40:41
<==        Row: 17, single_origin, $2a$10$N.zmdr9k7uOCQb376NoUnuTJ8iAt6Z5EHsM8lE9lBOsl7iKTVKIUi, 13800000014, 1, null, 2026-06-23 06:40:41
<==        Row: 18, flat_white_love, $2a$10$N.zmdr9k7uOCQb376NoUnuTJ8iAt6Z5EHsM8lE9lBOsl7iKTVKIUi, 13800000015, 1, null, 2026-06-23 06:40:41
<==        Row: 20, bean_hunter, $2a$10$N.zmdr9k7uOCQb376NoUnuTJ8iAt6Z5EHsM8lE9lBOsl7iKTVKIUi, 13800000017, 1, null, 2026-06-23 06:40:41
<==        Row: 22, ristretto_lover, $2a$10$N.zmdr9k7uOCQb376NoUnuTJ8iAt6Z5EHsM8lE9lBOsl7iKTVKIUi, 13800000019, 1, null, 2026-06-23 06:40:41
<==      Total: 6
Closing non transactional SqlSession [org.apache.ibatis.session.defaults.DefaultSqlSession@30aa678b]
Creating a new SqlSession
SqlSession [org.apache.ibatis.session.defaults.DefaultSqlSession@45bf4c49] was not registered for synchronization because synchronization is not active
JDBC Connection [HikariProxyConnection@1514256601 wrapping com.mysql.cj.jdbc.ConnectionImpl@3a260b92] will not be managed by Spring
==>  Preparing: SELECT id,username,password,phone,status,avatar,create_time FROM sys_user WHERE id IN ( ? )
==> Parameters: 1(Long)
<==    Columns: id, username, password, phone, status, avatar, create_time
<==        Row: 1, lx, $2a$10$DY8p4Q7r/lnC2ax327OH/u439shvAv9lH895iyIYyLxfz9cRgKKgW, 19185939281, 1, http://localhost:8080/uploads/avatars/avatar_1_1782735664998.png, 2026-06-21 20:09:20
<==      Total: 1
Closing non transactional SqlSession [org.apache.ibatis.session.defaults.DefaultSqlSession@45bf4c49]
Creating a new SqlSession
SqlSession [org.apache.ibatis.session.defaults.DefaultSqlSession@76d649df] was not registered for synchronization because synchronization is not active
JDBC Connection [HikariProxyConnection@1375147816 wrapping com.mysql.cj.jdbc.ConnectionImpl@3a260b92] will not be managed by Spring
==>  Preparing: SELECT id,username,password,phone,status,avatar,create_time FROM sys_user WHERE id=?
==> Parameters: 1(Long)
<==    Columns: id, username, password, phone, status, avatar, create_time
<==        Row: 1, lx, $2a$10$DY8p4Q7r/lnC2ax327OH/u439shvAv9lH895iyIYyLxfz9cRgKKgW, 19185939281, 1, http://localhost:8080/uploads/avatars/avatar_1_1782735664998.png, 2026-06-21 20:09:20
<==      Total: 1
Closing non transactional SqlSession [org.apache.ibatis.session.defaults.DefaultSqlSession@76d649df]
Creating a new SqlSession
SqlSession [org.apache.ibatis.session.defaults.DefaultSqlSession@2ca3bf9b] was not registered for synchronization because synchronization is not active
JDBC Connection [HikariProxyConnection@1287721867 wrapping com.mysql.cj.jdbc.ConnectionImpl@3a260b92] will not be managed by Spring
==>  Preparing: SELECT id,username,password,phone,status,avatar,create_time FROM sys_user WHERE id IN ( ? , ? )
==> Parameters: 24(Long), 21(Long)
<==    Columns: id, username, password, phone, status, avatar, create_time
<==        Row: 21, macchiato_fan, $2a$10$N.zmdr9k7uOCQb376NoUnuTJ8iAt6Z5EHsM8lE9lBOsl7iKTVKIUi, 13800000018, 1, null, 2026-06-23 06:40:41
<==        Row: 24, lll, $2a$10$sbWgOWeCZV5MW4u88F8CMuxgJ.Phw6clars6Z.Ch1f9wtSKQBwc5O, 19185999881, 1, /uploads/avatars/avatar_24_1782727101006.png, 2026-06-27 21:53:05
<==      Total: 2
Closing non transactional SqlSession [org.apache.ibatis.session.defaults.DefaultSqlSession@2ca3bf9b]
Creating a new SqlSession
SqlSession [org.apache.ibatis.session.defaults.DefaultSqlSession@6f51ab43] was not registered for synchronization because synchronization is not active
JDBC Connection [HikariProxyConnection@547340445 wrapping com.mysql.cj.jdbc.ConnectionImpl@3a260b92] will not be managed by Spring
==>  Preparing: SELECT id,username,password,phone,status,avatar,create_time FROM sys_user WHERE id=?
==> Parameters: 1(Long)
<==    Columns: id, username, password, phone, status, avatar, create_time
<==        Row: 1, lx, $2a$10$DY8p4Q7r/lnC2ax327OH/u439shvAv9lH895iyIYyLxfz9cRgKKgW, 19185939281, 1, http://localhost:8080/uploads/avatars/avatar_1_1782735664998.png, 2026-06-21 20:09:20
<==      Total: 1
Closing non transactional SqlSession [org.apache.ibatis.session.defaults.DefaultSqlSession@6f51ab43]
Creating a new SqlSession
SqlSession [org.apache.ibatis.session.defaults.DefaultSqlSession@33e52636] was not registered for synchronization because synchronization is not active
JDBC Connection [HikariProxyConnection@97767679 wrapping com.mysql.cj.jdbc.ConnectionImpl@3a260b92] will not be managed by Spring
==>  Preparing: SELECT id,username,password,phone,status,avatar,create_time FROM sys_user WHERE id=?
==> Parameters: 1(Long)
<==    Columns: id, username, password, phone, status, avatar, create_time
<==        Row: 1, lx, $2a$10$DY8p4Q7r/lnC2ax327OH/u439shvAv9lH895iyIYyLxfz9cRgKKgW, 19185939281, 1, http://localhost:8080/uploads/avatars/avatar_1_1782735664998.png, 2026-06-21 20:09:20
<==      Total: 1
Closing non transactional SqlSession [org.apache.ibatis.session.defaults.DefaultSqlSession@33e52636]
Creating a new SqlSession
SqlSession [org.apache.ibatis.session.defaults.DefaultSqlSession@17b42f7b] was not registered for synchronization because synchronization is not active
JDBC Connection [HikariProxyConnection@1958839353 wrapping com.mysql.cj.jdbc.ConnectionImpl@3a260b92] will not be managed by Spring
==>  Preparing: SELECT id,username,password,phone,status,avatar,create_time FROM sys_user WHERE id IN ( ? )
==> Parameters: 1(Long)
<==    Columns: id, username, password, phone, status, avatar, create_time
<==        Row: 1, lx, $2a$10$DY8p4Q7r/lnC2ax327OH/u439shvAv9lH895iyIYyLxfz9cRgKKgW, 19185939281, 1, http://localhost:8080/uploads/avatars/avatar_1_1782735664998.png, 2026-06-21 20:09:20
<==      Total: 1
Closing non transactional SqlSession [org.apache.ibatis.session.defaults.DefaultSqlSession@17b42f7b]
Creating a new SqlSession
SqlSession [org.apache.ibatis.session.defaults.DefaultSqlSession@63280c41] was not registered for synchronization because synchronization is not active
JDBC Connection [HikariProxyConnection@1388722392 wrapping com.mysql.cj.jdbc.ConnectionImpl@3a260b92] will not be managed by Spring
==>  Preparing: SELECT id,username,password,phone,status,avatar,create_time FROM sys_user WHERE id IN ( ? , ? , ? , ? , ? , ? , ? )
==> Parameters: 1(Long), 18(Long), 20(Long), 22(Long), 7(Long), 14(Long), 15(Long)
<==    Columns: id, username, password, phone, status, avatar, create_time
<==        Row: 1, lx, $2a$10$DY8p4Q7r/lnC2ax327OH/u439shvAv9lH895iyIYyLxfz9cRgKKgW, 19185939281, 1, http://localhost:8080/uploads/avatars/avatar_1_1782735664998.png, 2026-06-21 20:09:20
<==        Row: 7, espresso_queen, $2a$10$N.zmdr9k7uOCQb376NoUnuTJ8iAt6Z5EHsM8lE9lBOsl7iKTVKIUi, 13800000004, 1, null, 2026-06-23 06:40:41
<==        Row: 14, cafe_hunter, $2a$10$N.zmdr9k7uOCQb376NoUnuTJ8iAt6Z5EHsM8lE9lBOsl7iKTVKIUi, 13800000011, 1, null, 2026-06-23 06:40:41
<==        Row: 15, pour_over_master, $2a$10$N.zmdr9k7uOCQb376NoUnuTJ8iAt6Z5EHsM8lE9lBOsl7iKTVKIUi, 13800000012, 1, null, 2026-06-23 06:40:41
<==        Row: 18, flat_white_love, $2a$10$N.zmdr9k7uOCQb376NoUnuTJ8iAt6Z5EHsM8lE9lBOsl7iKTVKIUi, 13800000015, 1, null, 2026-06-23 06:40:41
<==        Row: 20, bean_hunter, $2a$10$N.zmdr9k7uOCQb376NoUnuTJ8iAt6Z5EHsM8lE9lBOsl7iKTVKIUi, 13800000017, 1, null, 2026-06-23 06:40:41
<==        Row: 22, ristretto_lover, $2a$10$N.zmdr9k7uOCQb376NoUnuTJ8iAt6Z5EHsM8lE9lBOsl7iKTVKIUi, 13800000019, 1, null, 2026-06-23 06:40:41
<==      Total: 7
Closing non transactional SqlSession [org.apache.ibatis.session.defaults.DefaultSqlSession@63280c41]
Creating a new SqlSession
SqlSession [org.apache.ibatis.session.defaults.DefaultSqlSession@404988a8] was not registered for synchronization because synchronization is not active
JDBC Connection [HikariProxyConnection@2138673506 wrapping com.mysql.cj.jdbc.ConnectionImpl@3a260b92] will not be managed by Spring
==>  Preparing: SELECT id,username,password,phone,status,avatar,create_time FROM sys_user WHERE id IN ( ? , ? , ? , ? , ? , ? )
==> Parameters: 17(Long), 18(Long), 20(Long), 22(Long), 13(Long), 14(Long)
<==    Columns: id, username, password, phone, status, avatar, create_time
<==        Row: 13, matcha_latte, $2a$10$N.zmdr9k7uOCQb376NoUnuTJ8iAt6Z5EHsM8lE9lBOsl7iKTVKIUi, 13800000010, 1, null, 2026-06-23 06:40:41
<==        Row: 14, cafe_hunter, $2a$10$N.zmdr9k7uOCQb376NoUnuTJ8iAt6Z5EHsM8lE9lBOsl7iKTVKIUi, 13800000011, 1, null, 2026-06-23 06:40:41
<==        Row: 17, single_origin, $2a$10$N.zmdr9k7uOCQb376NoUnuTJ8iAt6Z5EHsM8lE9lBOsl7iKTVKIUi, 13800000014, 1, null, 2026-06-23 06:40:41
<==        Row: 18, flat_white_love, $2a$10$N.zmdr9k7uOCQb376NoUnuTJ8iAt6Z5EHsM8lE9lBOsl7iKTVKIUi, 13800000015, 1, null, 2026-06-23 06:40:41
<==        Row: 20, bean_hunter, $2a$10$N.zmdr9k7uOCQb376NoUnuTJ8iAt6Z5EHsM8lE9lBOsl7iKTVKIUi, 13800000017, 1, null, 2026-06-23 06:40:41
<==        Row: 22, ristretto_lover, $2a$10$N.zmdr9k7uOCQb376NoUnuTJ8iAt6Z5EHsM8lE9lBOsl7iKTVKIUi, 13800000019, 1, null, 2026-06-23 06:40:41
<==      Total: 6
Closing non transactional SqlSession [org.apache.ibatis.session.defaults.DefaultSqlSession@404988a8]
Creating a new SqlSession
SqlSession [org.apache.ibatis.session.defaults.DefaultSqlSession@215532da] was not registered for synchronization because synchronization is not active
JDBC Connection [HikariProxyConnection@37517493 wrapping com.mysql.cj.jdbc.ConnectionImpl@3a260b92] will not be managed by Spring
==>  Preparing: SELECT id,username,password,phone,status,avatar,create_time FROM sys_user WHERE id=?
==> Parameters: 1(Long)
<==    Columns: id, username, password, phone, status, avatar, create_time
<==        Row: 1, lx, $2a$10$DY8p4Q7r/lnC2ax327OH/u439shvAv9lH895iyIYyLxfz9cRgKKgW, 19185939281, 1, http://localhost:8080/uploads/avatars/avatar_1_1782735664998.png, 2026-06-21 20:09:20
<==      Total: 1
Closing non transactional SqlSession [org.apache.ibatis.session.defaults.DefaultSqlSession@215532da]
Creating a new SqlSession
SqlSession [org.apache.ibatis.session.defaults.DefaultSqlSession@5d6c33c2] was not registered for synchronization because synchronization is not active
JDBC Connection [HikariProxyConnection@1796538595 wrapping com.mysql.cj.jdbc.ConnectionImpl@3a260b92] will not be managed by Spring
==>  Preparing: SELECT id,username,password,phone,status,avatar,create_time FROM sys_user WHERE id IN ( ? , ? , ? , ? , ? , ? , ? , ? , ? , ? , ? , ? )
==> Parameters: 1(Long), 17(Long), 18(Long), 19(Long), 20(Long), 22(Long), 23(Long), 7(Long), 11(Long), 12(Long), 13(Long), 14(Long)
<==    Columns: id, username, password, phone, status, avatar, create_time
<==        Row: 1, lx, $2a$10$DY8p4Q7r/lnC2ax327OH/u439shvAv9lH895iyIYyLxfz9cRgKKgW, 19185939281, 1, http://localhost:8080/uploads/avatars/avatar_1_1782735664998.png, 2026-06-21 20:09:20
<==        Row: 7, espresso_queen, $2a$10$N.zmdr9k7uOCQb376NoUnuTJ8iAt6Z5EHsM8lE9lBOsl7iKTVKIUi, 13800000004, 1, null, 2026-06-23 06:40:41
<==        Row: 11, cold_brew_king, $2a$10$N.zmdr9k7uOCQb376NoUnuTJ8iAt6Z5EHsM8lE9lBOsl7iKTVKIUi, 13800000008, 1, null, 2026-06-23 06:40:41
<==        Row: 12, coffee_snob, $2a$10$N.zmdr9k7uOCQb376NoUnuTJ8iAt6Z5EHsM8lE9lBOsl7iKTVKIUi, 13800000009, 1, null, 2026-06-23 06:40:41
<==        Row: 13, matcha_latte, $2a$10$N.zmdr9k7uOCQb376NoUnuTJ8iAt6Z5EHsM8lE9lBOsl7iKTVKIUi, 13800000010, 1, null, 2026-06-23 06:40:41
<==        Row: 14, cafe_hunter, $2a$10$N.zmdr9k7uOCQb376NoUnuTJ8iAt6Z5EHsM8lE9lBOsl7iKTVKIUi, 13800000011, 1, null, 2026-06-23 06:40:41
<==        Row: 17, single_origin, $2a$10$N.zmdr9k7uOCQb376NoUnuTJ8iAt6Z5EHsM8lE9lBOsl7iKTVKIUi, 13800000014, 1, null, 2026-06-23 06:40:41
<==        Row: 18, flat_white_love, $2a$10$N.zmdr9k7uOCQb376NoUnuTJ8iAt6Z5EHsM8lE9lBOsl7iKTVKIUi, 13800000015, 1, null, 2026-06-23 06:40:41
<==        Row: 19, coffee_daily, $2a$10$N.zmdr9k7uOCQb376NoUnuTJ8iAt6Z5EHsM8lE9lBOsl7iKTVKIUi, 13800000016, 1, null, 2026-06-23 06:40:41
<==        Row: 20, bean_hunter, $2a$10$N.zmdr9k7uOCQb376NoUnuTJ8iAt6Z5EHsM8lE9lBOsl7iKTVKIUi, 13800000017, 1, null, 2026-06-23 06:40:41
<==        Row: 22, ristretto_lover, $2a$10$N.zmdr9k7uOCQb376NoUnuTJ8iAt6Z5EHsM8lE9lBOsl7iKTVKIUi, 13800000019, 1, null, 2026-06-23 06:40:41
<==        Row: 23, coffee_taster, $2a$10$N.zmdr9k7uOCQb376NoUnuTJ8iAt6Z5EHsM8lE9lBOsl7iKTVKIUi, 13800000020, 1, null, 2026-06-23 06:40:41
<==      Total: 12
Closing non transactional SqlSession [org.apache.ibatis.session.defaults.DefaultSqlSession@5d6c33c2]
Creating a new SqlSession
SqlSession [org.apache.ibatis.session.defaults.DefaultSqlSession@2f140d6c] was not registered for synchronization because synchronization is not active
JDBC Connection [HikariProxyConnection@1904240058 wrapping com.mysql.cj.jdbc.ConnectionImpl@3a260b92] will not be managed by Spring
==>  Preparing: SELECT id,username,password,phone,status,avatar,create_time FROM sys_user WHERE id IN ( ? , ? , ? , ? , ? , ? , ? , ? , ? )
==> Parameters: 16(Long), 1(Long), 17(Long), 18(Long), 19(Long), 20(Long), 21(Long), 22(Long), 23(Long)
<==    Columns: id, username, password, phone, status, avatar, create_time
<==        Row: 1, lx, $2a$10$DY8p4Q7r/lnC2ax327OH/u439shvAv9lH895iyIYyLxfz9cRgKKgW, 19185939281, 1, http://localhost:8080/uploads/avatars/avatar_1_1782735664998.png, 2026-06-21 20:09:20
<==        Row: 16, cappuccino_boy, $2a$10$N.zmdr9k7uOCQb376NoUnuTJ8iAt6Z5EHsM8lE9lBOsl7iKTVKIUi, 13800000013, 1, null, 2026-06-23 06:40:41
<==        Row: 17, single_origin, $2a$10$N.zmdr9k7uOCQb376NoUnuTJ8iAt6Z5EHsM8lE9lBOsl7iKTVKIUi, 13800000014, 1, null, 2026-06-23 06:40:41
<==        Row: 18, flat_white_love, $2a$10$N.zmdr9k7uOCQb376NoUnuTJ8iAt6Z5EHsM8lE9lBOsl7iKTVKIUi, 13800000015, 1, null, 2026-06-23 06:40:41
<==        Row: 19, coffee_daily, $2a$10$N.zmdr9k7uOCQb376NoUnuTJ8iAt6Z5EHsM8lE9lBOsl7iKTVKIUi, 13800000016, 1, null, 2026-06-23 06:40:41
<==        Row: 20, bean_hunter, $2a$10$N.zmdr9k7uOCQb376NoUnuTJ8iAt6Z5EHsM8lE9lBOsl7iKTVKIUi, 13800000017, 1, null, 2026-06-23 06:40:41
<==        Row: 21, macchiato_fan, $2a$10$N.zmdr9k7uOCQb376NoUnuTJ8iAt6Z5EHsM8lE9lBOsl7iKTVKIUi, 13800000018, 1, null, 2026-06-23 06:40:41
<==        Row: 22, ristretto_lover, $2a$10$N.zmdr9k7uOCQb376NoUnuTJ8iAt6Z5EHsM8lE9lBOsl7iKTVKIUi, 13800000019, 1, null, 2026-06-23 06:40:41
<==        Row: 23, coffee_taster, $2a$10$N.zmdr9k7uOCQb376NoUnuTJ8iAt6Z5EHsM8lE9lBOsl7iKTVKIUi, 13800000020, 1, null, 2026-06-23 06:40:41
<==      Total: 9
Closing non transactional SqlSession [org.apache.ibatis.session.defaults.DefaultSqlSession@2f140d6c]
Creating a new SqlSession
SqlSession [org.apache.ibatis.session.defaults.DefaultSqlSession@7abd463a] was not registered for synchronization because synchronization is not active
JDBC Connection [HikariProxyConnection@416608669 wrapping com.mysql.cj.jdbc.ConnectionImpl@3a260b92] will not be managed by Spring
==>  Preparing: SELECT id,username,password,phone,status,avatar,create_time FROM sys_user WHERE id IN ( ? )
==> Parameters: 5(Long)
<==    Columns: id, username, password, phone, status, avatar, create_time
<==        Row: 5, barista_wang, $2a$10$N.zmdr9k7uOCQb376NoUnuTJ8iAt6Z5EHsM8lE9lBOsl7iKTVKIUi, 13800000002, 1, null, 2026-06-23 06:40:41
<==      Total: 1
Closing non transactional SqlSession [org.apache.ibatis.session.defaults.DefaultSqlSession@7abd463a]
Creating a new SqlSession
SqlSession [org.apache.ibatis.session.defaults.DefaultSqlSession@57536ca1] was not registered for synchronization because synchronization is not active
JDBC Connection [HikariProxyConnection@1756479238 wrapping com.mysql.cj.jdbc.ConnectionImpl@3a260b92] will not be managed by Spring
==>  Preparing: SELECT id,username,password,phone,status,avatar,create_time FROM sys_user WHERE id=?
==> Parameters: 1(Long)
<==    Columns: id, username, password, phone, status, avatar, create_time
<==        Row: 1, lx, $2a$10$DY8p4Q7r/lnC2ax327OH/u439shvAv9lH895iyIYyLxfz9cRgKKgW, 19185939281, 1, http://localhost:8080/uploads/avatars/avatar_1_1782735664998.png, 2026-06-21 20:09:20
<==      Total: 1
Closing non transactional SqlSession [org.apache.ibatis.session.defaults.DefaultSqlSession@57536ca1]
Creating a new SqlSession
SqlSession [org.apache.ibatis.session.defaults.DefaultSqlSession@6e6c65a5] was not registered for synchronization because synchronization is not active
JDBC Connection [HikariProxyConnection@1386391945 wrapping com.mysql.cj.jdbc.ConnectionImpl@3a260b92] will not be managed by Spring
==>  Preparing: SELECT id,username,password,phone,status,avatar,create_time FROM sys_user WHERE id IN ( ? )
==> Parameters: 1(Long)
<==    Columns: id, username, password, phone, status, avatar, create_time
<==        Row: 1, lx, $2a$10$DY8p4Q7r/lnC2ax327OH/u439shvAv9lH895iyIYyLxfz9cRgKKgW, 19185939281, 1, http://localhost:8080/uploads/avatars/avatar_1_1782735664998.png, 2026-06-21 20:09:20
<==      Total: 1
Closing non transactional SqlSession [org.apache.ibatis.session.defaults.DefaultSqlSession@6e6c65a5]
Creating a new SqlSession
SqlSession [org.apache.ibatis.session.defaults.DefaultSqlSession@da955eb] was not registered for synchronization because synchronization is not active
JDBC Connection [HikariProxyConnection@19501118 wrapping com.mysql.cj.jdbc.ConnectionImpl@3a260b92] will not be managed by Spring
==>  Preparing: SELECT id,username,password,phone,status,avatar,create_time FROM sys_user WHERE id IN ( ? , ? , ? , ? , ? , ? , ? , ? , ? , ? , ? , ? )
==> Parameters: 1(Long), 17(Long), 18(Long), 19(Long), 20(Long), 22(Long), 23(Long), 7(Long), 11(Long), 12(Long), 13(Long), 14(Long)
<==    Columns: id, username, password, phone, status, avatar, create_time
<==        Row: 1, lx, $2a$10$DY8p4Q7r/lnC2ax327OH/u439shvAv9lH895iyIYyLxfz9cRgKKgW, 19185939281, 1, http://localhost:8080/uploads/avatars/avatar_1_1782735664998.png, 2026-06-21 20:09:20
<==        Row: 7, espresso_queen, $2a$10$N.zmdr9k7uOCQb376NoUnuTJ8iAt6Z5EHsM8lE9lBOsl7iKTVKIUi, 13800000004, 1, null, 2026-06-23 06:40:41
<==        Row: 11, cold_brew_king, $2a$10$N.zmdr9k7uOCQb376NoUnuTJ8iAt6Z5EHsM8lE9lBOsl7iKTVKIUi, 13800000008, 1, null, 2026-06-23 06:40:41
<==        Row: 12, coffee_snob, $2a$10$N.zmdr9k7uOCQb376NoUnuTJ8iAt6Z5EHsM8lE9lBOsl7iKTVKIUi, 13800000009, 1, null, 2026-06-23 06:40:41
<==        Row: 13, matcha_latte, $2a$10$N.zmdr9k7uOCQb376NoUnuTJ8iAt6Z5EHsM8lE9lBOsl7iKTVKIUi, 13800000010, 1, null, 2026-06-23 06:40:41
<==        Row: 14, cafe_hunter, $2a$10$N.zmdr9k7uOCQb376NoUnuTJ8iAt6Z5EHsM8lE9lBOsl7iKTVKIUi, 13800000011, 1, null, 2026-06-23 06:40:41
<==        Row: 17, single_origin, $2a$10$N.zmdr9k7uOCQb376NoUnuTJ8iAt6Z5EHsM8lE9lBOsl7iKTVKIUi, 13800000014, 1, null, 2026-06-23 06:40:41
<==        Row: 18, flat_white_love, $2a$10$N.zmdr9k7uOCQb376NoUnuTJ8iAt6Z5EHsM8lE9lBOsl7iKTVKIUi, 13800000015, 1, null, 2026-06-23 06:40:41
<==        Row: 19, coffee_daily, $2a$10$N.zmdr9k7uOCQb376NoUnuTJ8iAt6Z5EHsM8lE9lBOsl7iKTVKIUi, 13800000016, 1, null, 2026-06-23 06:40:41
<==        Row: 20, bean_hunter, $2a$10$N.zmdr9k7uOCQb376NoUnuTJ8iAt6Z5EHsM8lE9lBOsl7iKTVKIUi, 13800000017, 1, null, 2026-06-23 06:40:41
<==        Row: 22, ristretto_lover, $2a$10$N.zmdr9k7uOCQb376NoUnuTJ8iAt6Z5EHsM8lE9lBOsl7iKTVKIUi, 13800000019, 1, null, 2026-06-23 06:40:41
<==        Row: 23, coffee_taster, $2a$10$N.zmdr9k7uOCQb376NoUnuTJ8iAt6Z5EHsM8lE9lBOsl7iKTVKIUi, 13800000020, 1, null, 2026-06-23 06:40:41
<==      Total: 12
Closing non transactional SqlSession [org.apache.ibatis.session.defaults.DefaultSqlSession@da955eb]
Creating a new SqlSession
SqlSession [org.apache.ibatis.session.defaults.DefaultSqlSession@35bb055a] was not registered for synchronization because synchronization is not active
JDBC Connection [HikariProxyConnection@691703611 wrapping com.mysql.cj.jdbc.ConnectionImpl@3a260b92] will not be managed by Spring
==>  Preparing: SELECT id,username,password,phone,status,avatar,create_time FROM sys_user WHERE id IN ( ? )
==> Parameters: 24(Long)
<==    Columns: id, username, password, phone, status, avatar, create_time
<==        Row: 24, lll, $2a$10$sbWgOWeCZV5MW4u88F8CMuxgJ.Phw6clars6Z.Ch1f9wtSKQBwc5O, 19185999881, 1, /uploads/avatars/avatar_24_1782727101006.png, 2026-06-27 21:53:05
<==      Total: 1
Closing non transactional SqlSession [org.apache.ibatis.session.defaults.DefaultSqlSession@35bb055a]
Creating a new SqlSession
SqlSession [org.apache.ibatis.session.defaults.DefaultSqlSession@ecdd59d] was not registered for synchronization because synchronization is not active
JDBC Connection [HikariProxyConnection@109503868 wrapping com.mysql.cj.jdbc.ConnectionImpl@3a260b92] will not be managed by Spring
==>  Preparing: SELECT id,username,password,phone,status,avatar,create_time FROM sys_user WHERE id IN ( ? , ? , ? , ? , ? , ? , ? , ? , ? , ? , ? , ? )
==> Parameters: 1(Long), 17(Long), 18(Long), 19(Long), 20(Long), 22(Long), 23(Long), 7(Long), 11(Long), 12(Long), 13(Long), 14(Long)
<==    Columns: id, username, password, phone, status, avatar, create_time
<==        Row: 1, lx, $2a$10$DY8p4Q7r/lnC2ax327OH/u439shvAv9lH895iyIYyLxfz9cRgKKgW, 19185939281, 1, http://localhost:8080/uploads/avatars/avatar_1_1782735664998.png, 2026-06-21 20:09:20
<==        Row: 7, espresso_queen, $2a$10$N.zmdr9k7uOCQb376NoUnuTJ8iAt6Z5EHsM8lE9lBOsl7iKTVKIUi, 13800000004, 1, null, 2026-06-23 06:40:41
<==        Row: 11, cold_brew_king, $2a$10$N.zmdr9k7uOCQb376NoUnuTJ8iAt6Z5EHsM8lE9lBOsl7iKTVKIUi, 13800000008, 1, null, 2026-06-23 06:40:41
<==        Row: 12, coffee_snob, $2a$10$N.zmdr9k7uOCQb376NoUnuTJ8iAt6Z5EHsM8lE9lBOsl7iKTVKIUi, 13800000009, 1, null, 2026-06-23 06:40:41
<==        Row: 13, matcha_latte, $2a$10$N.zmdr9k7uOCQb376NoUnuTJ8iAt6Z5EHsM8lE9lBOsl7iKTVKIUi, 13800000010, 1, null, 2026-06-23 06:40:41
<==        Row: 14, cafe_hunter, $2a$10$N.zmdr9k7uOCQb376NoUnuTJ8iAt6Z5EHsM8lE9lBOsl7iKTVKIUi, 13800000011, 1, null, 2026-06-23 06:40:41
<==        Row: 17, single_origin, $2a$10$N.zmdr9k7uOCQb376NoUnuTJ8iAt6Z5EHsM8lE9lBOsl7iKTVKIUi, 13800000014, 1, null, 2026-06-23 06:40:41
<==        Row: 18, flat_white_love, $2a$10$N.zmdr9k7uOCQb376NoUnuTJ8iAt6Z5EHsM8lE9lBOsl7iKTVKIUi, 13800000015, 1, null, 2026-06-23 06:40:41
<==        Row: 19, coffee_daily, $2a$10$N.zmdr9k7uOCQb376NoUnuTJ8iAt6Z5EHsM8lE9lBOsl7iKTVKIUi, 13800000016, 1, null, 2026-06-23 06:40:41
<==        Row: 20, bean_hunter, $2a$10$N.zmdr9k7uOCQb376NoUnuTJ8iAt6Z5EHsM8lE9lBOsl7iKTVKIUi, 13800000017, 1, null, 2026-06-23 06:40:41
<==        Row: 22, ristretto_lover, $2a$10$N.zmdr9k7uOCQb376NoUnuTJ8iAt6Z5EHsM8lE9lBOsl7iKTVKIUi, 13800000019, 1, null, 2026-06-23 06:40:41
<==        Row: 23, coffee_taster, $2a$10$N.zmdr9k7uOCQb376NoUnuTJ8iAt6Z5EHsM8lE9lBOsl7iKTVKIUi, 13800000020, 1, null, 2026-06-23 06:40:41
<==      Total: 12
Closing non transactional SqlSession [org.apache.ibatis.session.defaults.DefaultSqlSession@ecdd59d]
Creating a new SqlSession
SqlSession [org.apache.ibatis.session.defaults.DefaultSqlSession@4b5a1a79] was not registered for synchronization because synchronization is not active
JDBC Connection [HikariProxyConnection@1360282034 wrapping com.mysql.cj.jdbc.ConnectionImpl@3a260b92] will not be managed by Spring
==>  Preparing: SELECT id,username,password,phone,status,avatar,create_time FROM sys_user WHERE id=?
==> Parameters: 1(Long)
<==    Columns: id, username, password, phone, status, avatar, create_time
<==        Row: 1, lx, $2a$10$DY8p4Q7r/lnC2ax327OH/u439shvAv9lH895iyIYyLxfz9cRgKKgW, 19185939281, 1, http://localhost:8080/uploads/avatars/avatar_1_1782735664998.png, 2026-06-21 20:09:20
<==      Total: 1
Closing non transactional SqlSession [org.apache.ibatis.session.defaults.DefaultSqlSession@4b5a1a79]
Creating a new SqlSession
SqlSession [org.apache.ibatis.session.defaults.DefaultSqlSession@18b95f6e] was not registered for synchronization because synchronization is not active
JDBC Connection [HikariProxyConnection@145053397 wrapping com.mysql.cj.jdbc.ConnectionImpl@3a260b92] will not be managed by Spring
==>  Preparing: SELECT id,username,password,phone,status,avatar,create_time FROM sys_user WHERE id IN ( ? )
==> Parameters: 1(Long)
<==    Columns: id, username, password, phone, status, avatar, create_time
<==        Row: 1, lx, $2a$10$DY8p4Q7r/lnC2ax327OH/u439shvAv9lH895iyIYyLxfz9cRgKKgW, 19185939281, 1, http://localhost:8080/uploads/avatars/avatar_1_1782735664998.png, 2026-06-21 20:09:20
<==      Total: 1
Closing non transactional SqlSession [org.apache.ibatis.session.defaults.DefaultSqlSession@18b95f6e]
Creating a new SqlSession
SqlSession [org.apache.ibatis.session.defaults.DefaultSqlSession@3bc84063] was not registered for synchronization because synchronization is not active
JDBC Connection [HikariProxyConnection@1446253461 wrapping com.mysql.cj.jdbc.ConnectionImpl@3a260b92] will not be managed by Spring
==>  Preparing: SELECT id,username,password,phone,status,avatar,create_time FROM sys_user WHERE id IN ( ? , ? , ? , ? , ? , ? , ? , ? , ? , ? , ? , ? )
==> Parameters: 1(Long), 17(Long), 18(Long), 19(Long), 20(Long), 22(Long), 23(Long), 7(Long), 11(Long), 12(Long), 13(Long), 14(Long)
<==    Columns: id, username, password, phone, status, avatar, create_time
<==        Row: 1, lx, $2a$10$DY8p4Q7r/lnC2ax327OH/u439shvAv9lH895iyIYyLxfz9cRgKKgW, 19185939281, 1, http://localhost:8080/uploads/avatars/avatar_1_1782735664998.png, 2026-06-21 20:09:20
<==        Row: 7, espresso_queen, $2a$10$N.zmdr9k7uOCQb376NoUnuTJ8iAt6Z5EHsM8lE9lBOsl7iKTVKIUi, 13800000004, 1, null, 2026-06-23 06:40:41
<==        Row: 11, cold_brew_king, $2a$10$N.zmdr9k7uOCQb376NoUnuTJ8iAt6Z5EHsM8lE9lBOsl7iKTVKIUi, 13800000008, 1, null, 2026-06-23 06:40:41
<==        Row: 12, coffee_snob, $2a$10$N.zmdr9k7uOCQb376NoUnuTJ8iAt6Z5EHsM8lE9lBOsl7iKTVKIUi, 13800000009, 1, null, 2026-06-23 06:40:41
<==        Row: 13, matcha_latte, $2a$10$N.zmdr9k7uOCQb376NoUnuTJ8iAt6Z5EHsM8lE9lBOsl7iKTVKIUi, 13800000010, 1, null, 2026-06-23 06:40:41
<==        Row: 14, cafe_hunter, $2a$10$N.zmdr9k7uOCQb376NoUnuTJ8iAt6Z5EHsM8lE9lBOsl7iKTVKIUi, 13800000011, 1, null, 2026-06-23 06:40:41
<==        Row: 17, single_origin, $2a$10$N.zmdr9k7uOCQb376NoUnuTJ8iAt6Z5EHsM8lE9lBOsl7iKTVKIUi, 13800000014, 1, null, 2026-06-23 06:40:41
<==        Row: 18, flat_white_love, $2a$10$N.zmdr9k7uOCQb376NoUnuTJ8iAt6Z5EHsM8lE9lBOsl7iKTVKIUi, 13800000015, 1, null, 2026-06-23 06:40:41
<==        Row: 19, coffee_daily, $2a$10$N.zmdr9k7uOCQb376NoUnuTJ8iAt6Z5EHsM8lE9lBOsl7iKTVKIUi, 13800000016, 1, null, 2026-06-23 06:40:41
<==        Row: 20, bean_hunter, $2a$10$N.zmdr9k7uOCQb376NoUnuTJ8iAt6Z5EHsM8lE9lBOsl7iKTVKIUi, 13800000017, 1, null, 2026-06-23 06:40:41
<==        Row: 22, ristretto_lover, $2a$10$N.zmdr9k7uOCQb376NoUnuTJ8iAt6Z5EHsM8lE9lBOsl7iKTVKIUi, 13800000019, 1, null, 2026-06-23 06:40:41
<==        Row: 23, coffee_taster, $2a$10$N.zmdr9k7uOCQb376NoUnuTJ8iAt6Z5EHsM8lE9lBOsl7iKTVKIUi, 13800000020, 1, null, 2026-06-23 06:40:41
<==      Total: 12
Closing non transactional SqlSession [org.apache.ibatis.session.defaults.DefaultSqlSession@3bc84063]
Creating a new SqlSession
SqlSession [org.apache.ibatis.session.defaults.DefaultSqlSession@923c3b9] was not registered for synchronization because synchronization is not active
JDBC Connection [HikariProxyConnection@1880179110 wrapping com.mysql.cj.jdbc.ConnectionImpl@3a260b92] will not be managed by Spring
==>  Preparing: SELECT id,username,password,phone,status,avatar,create_time FROM sys_user WHERE id IN ( ? , ? , ? , ? , ? , ? , ? , ? , ? , ? , ? , ? )
==> Parameters: 1(Long), 17(Long), 18(Long), 19(Long), 20(Long), 22(Long), 23(Long), 7(Long), 11(Long), 12(Long), 13(Long), 14(Long)
<==    Columns: id, username, password, phone, status, avatar, create_time
<==        Row: 1, lx, $2a$10$DY8p4Q7r/lnC2ax327OH/u439shvAv9lH895iyIYyLxfz9cRgKKgW, 19185939281, 1, http://localhost:8080/uploads/avatars/avatar_1_1782735664998.png, 2026-06-21 20:09:20
<==        Row: 7, espresso_queen, $2a$10$N.zmdr9k7uOCQb376NoUnuTJ8iAt6Z5EHsM8lE9lBOsl7iKTVKIUi, 13800000004, 1, null, 2026-06-23 06:40:41
<==        Row: 11, cold_brew_king, $2a$10$N.zmdr9k7uOCQb376NoUnuTJ8iAt6Z5EHsM8lE9lBOsl7iKTVKIUi, 13800000008, 1, null, 2026-06-23 06:40:41
<==        Row: 12, coffee_snob, $2a$10$N.zmdr9k7uOCQb376NoUnuTJ8iAt6Z5EHsM8lE9lBOsl7iKTVKIUi, 13800000009, 1, null, 2026-06-23 06:40:41
<==        Row: 13, matcha_latte, $2a$10$N.zmdr9k7uOCQb376NoUnuTJ8iAt6Z5EHsM8lE9lBOsl7iKTVKIUi, 13800000010, 1, null, 2026-06-23 06:40:41
<==        Row: 14, cafe_hunter, $2a$10$N.zmdr9k7uOCQb376NoUnuTJ8iAt6Z5EHsM8lE9lBOsl7iKTVKIUi, 13800000011, 1, null, 2026-06-23 06:40:41
<==        Row: 17, single_origin, $2a$10$N.zmdr9k7uOCQb376NoUnuTJ8iAt6Z5EHsM8lE9lBOsl7iKTVKIUi, 13800000014, 1, null, 2026-06-23 06:40:41
<==        Row: 18, flat_white_love, $2a$10$N.zmdr9k7uOCQb376NoUnuTJ8iAt6Z5EHsM8lE9lBOsl7iKTVKIUi, 13800000015, 1, null, 2026-06-23 06:40:41
<==        Row: 19, coffee_daily, $2a$10$N.zmdr9k7uOCQb376NoUnuTJ8iAt6Z5EHsM8lE9lBOsl7iKTVKIUi, 13800000016, 1, null, 2026-06-23 06:40:41
<==        Row: 20, bean_hunter, $2a$10$N.zmdr9k7uOCQb376NoUnuTJ8iAt6Z5EHsM8lE9lBOsl7iKTVKIUi, 13800000017, 1, null, 2026-06-23 06:40:41
<==        Row: 22, ristretto_lover, $2a$10$N.zmdr9k7uOCQb376NoUnuTJ8iAt6Z5EHsM8lE9lBOsl7iKTVKIUi, 13800000019, 1, null, 2026-06-23 06:40:41
<==        Row: 23, coffee_taster, $2a$10$N.zmdr9k7uOCQb376NoUnuTJ8iAt6Z5EHsM8lE9lBOsl7iKTVKIUi, 13800000020, 1, null, 2026-06-23 06:40:41
<==      Total: 12
Closing non transactional SqlSession [org.apache.ibatis.session.defaults.DefaultSqlSession@923c3b9]
Creating a new SqlSession
SqlSession [org.apache.ibatis.session.defaults.DefaultSqlSession@69e7d387] was not registered for synchronization because synchronization is not active
JDBC Connection [HikariProxyConnection@1920308496 wrapping com.mysql.cj.jdbc.ConnectionImpl@3a260b92] will not be managed by Spring
==>  Preparing: SELECT id,username,password,phone,status,avatar,create_time FROM sys_user WHERE id IN ( ? , ? , ? , ? , ? , ? , ? , ? , ? )
==> Parameters: 16(Long), 1(Long), 17(Long), 18(Long), 19(Long), 20(Long), 21(Long), 22(Long), 23(Long)
<==    Columns: id, username, password, phone, status, avatar, create_time
<==        Row: 1, lx, $2a$10$DY8p4Q7r/lnC2ax327OH/u439shvAv9lH895iyIYyLxfz9cRgKKgW, 19185939281, 1, http://localhost:8080/uploads/avatars/avatar_1_1782735664998.png, 2026-06-21 20:09:20
<==        Row: 16, cappuccino_boy, $2a$10$N.zmdr9k7uOCQb376NoUnuTJ8iAt6Z5EHsM8lE9lBOsl7iKTVKIUi, 13800000013, 1, null, 2026-06-23 06:40:41
<==        Row: 17, single_origin, $2a$10$N.zmdr9k7uOCQb376NoUnuTJ8iAt6Z5EHsM8lE9lBOsl7iKTVKIUi, 13800000014, 1, null, 2026-06-23 06:40:41
<==        Row: 18, flat_white_love, $2a$10$N.zmdr9k7uOCQb376NoUnuTJ8iAt6Z5EHsM8lE9lBOsl7iKTVKIUi, 13800000015, 1, null, 2026-06-23 06:40:41
<==        Row: 19, coffee_daily, $2a$10$N.zmdr9k7uOCQb376NoUnuTJ8iAt6Z5EHsM8lE9lBOsl7iKTVKIUi, 13800000016, 1, null, 2026-06-23 06:40:41
<==        Row: 20, bean_hunter, $2a$10$N.zmdr9k7uOCQb376NoUnuTJ8iAt6Z5EHsM8lE9lBOsl7iKTVKIUi, 13800000017, 1, null, 2026-06-23 06:40:41
<==        Row: 21, macchiato_fan, $2a$10$N.zmdr9k7uOCQb376NoUnuTJ8iAt6Z5EHsM8lE9lBOsl7iKTVKIUi, 13800000018, 1, null, 2026-06-23 06:40:41
<==        Row: 22, ristretto_lover, $2a$10$N.zmdr9k7uOCQb376NoUnuTJ8iAt6Z5EHsM8lE9lBOsl7iKTVKIUi, 13800000019, 1, null, 2026-06-23 06:40:41
<==        Row: 23, coffee_taster, $2a$10$N.zmdr9k7uOCQb376NoUnuTJ8iAt6Z5EHsM8lE9lBOsl7iKTVKIUi, 13800000020, 1, null, 2026-06-23 06:40:41
<==      Total: 9
Closing non transactional SqlSession [org.apache.ibatis.session.defaults.DefaultSqlSession@69e7d387]
Creating a new SqlSession
SqlSession [org.apache.ibatis.session.defaults.DefaultSqlSession@7b96c94e] was not registered for synchronization because synchronization is not active
JDBC Connection [HikariProxyConnection@696691581 wrapping com.mysql.cj.jdbc.ConnectionImpl@3a260b92] will not be managed by Spring
==>  Preparing: SELECT id,username,password,phone,status,avatar,create_time FROM sys_user WHERE id IN ( ? )
==> Parameters: 5(Long)
<==    Columns: id, username, password, phone, status, avatar, create_time
<==        Row: 5, barista_wang, $2a$10$N.zmdr9k7uOCQb376NoUnuTJ8iAt6Z5EHsM8lE9lBOsl7iKTVKIUi, 13800000002, 1, null, 2026-06-23 06:40:41
<==      Total: 1
Closing non transactional SqlSession [org.apache.ibatis.session.defaults.DefaultSqlSession@7b96c94e]
Creating a new SqlSession
SqlSession [org.apache.ibatis.session.defaults.DefaultSqlSession@354e0135] was not registered for synchronization because synchronization is not active
JDBC Connection [HikariProxyConnection@515866495 wrapping com.mysql.cj.jdbc.ConnectionImpl@3a260b92] will not be managed by Spring
==>  Preparing: SELECT id,username,password,phone,status,avatar,create_time FROM sys_user WHERE id=?
==> Parameters: 1(Long)
<==    Columns: id, username, password, phone, status, avatar, create_time
<==        Row: 1, lx, $2a$10$DY8p4Q7r/lnC2ax327OH/u439shvAv9lH895iyIYyLxfz9cRgKKgW, 19185939281, 1, http://localhost:8080/uploads/avatars/avatar_1_1782735664998.png, 2026-06-21 20:09:20
<==      Total: 1
Closing non transactional SqlSession [org.apache.ibatis.session.defaults.DefaultSqlSession@354e0135]
Creating a new SqlSession
SqlSession [org.apache.ibatis.session.defaults.DefaultSqlSession@1c60b6] was not registered for synchronization because synchronization is not active
JDBC Connection [HikariProxyConnection@1290150512 wrapping com.mysql.cj.jdbc.ConnectionImpl@3a260b92] will not be managed by Spring
==>  Preparing: SELECT id,username,password,phone,status,avatar,create_time FROM sys_user WHERE id IN ( ? )
==> Parameters: 1(Long)
<==    Columns: id, username, password, phone, status, avatar, create_time
<==        Row: 1, lx, $2a$10$DY8p4Q7r/lnC2ax327OH/u439shvAv9lH895iyIYyLxfz9cRgKKgW, 19185939281, 1, http://localhost:8080/uploads/avatars/avatar_1_1782735664998.png, 2026-06-21 20:09:20
<==      Total: 1
Closing non transactional SqlSession [org.apache.ibatis.session.defaults.DefaultSqlSession@1c60b6]
Creating a new SqlSession
SqlSession [org.apache.ibatis.session.defaults.DefaultSqlSession@281de0b] was not registered for synchronization because synchronization is not active
JDBC Connection [HikariProxyConnection@1170261437 wrapping com.mysql.cj.jdbc.ConnectionImpl@3a260b92] will not be managed by Spring
==>  Preparing: SELECT id,username,password,phone,status,avatar,create_time FROM sys_user WHERE id IN ( ? , ? , ? , ? , ? , ? , ? , ? , ? , ? , ? , ? )
==> Parameters: 1(Long), 17(Long), 18(Long), 19(Long), 20(Long), 22(Long), 23(Long), 7(Long), 11(Long), 12(Long), 13(Long), 14(Long)
<==    Columns: id, username, password, phone, status, avatar, create_time
<==        Row: 1, lx, $2a$10$DY8p4Q7r/lnC2ax327OH/u439shvAv9lH895iyIYyLxfz9cRgKKgW, 19185939281, 1, http://localhost:8080/uploads/avatars/avatar_1_1782735664998.png, 2026-06-21 20:09:20
<==        Row: 7, espresso_queen, $2a$10$N.zmdr9k7uOCQb376NoUnuTJ8iAt6Z5EHsM8lE9lBOsl7iKTVKIUi, 13800000004, 1, null, 2026-06-23 06:40:41
<==        Row: 11, cold_brew_king, $2a$10$N.zmdr9k7uOCQb376NoUnuTJ8iAt6Z5EHsM8lE9lBOsl7iKTVKIUi, 13800000008, 1, null, 2026-06-23 06:40:41
<==        Row: 12, coffee_snob, $2a$10$N.zmdr9k7uOCQb376NoUnuTJ8iAt6Z5EHsM8lE9lBOsl7iKTVKIUi, 13800000009, 1, null, 2026-06-23 06:40:41
<==        Row: 13, matcha_latte, $2a$10$N.zmdr9k7uOCQb376NoUnuTJ8iAt6Z5EHsM8lE9lBOsl7iKTVKIUi, 13800000010, 1, null, 2026-06-23 06:40:41
<==        Row: 14, cafe_hunter, $2a$10$N.zmdr9k7uOCQb376NoUnuTJ8iAt6Z5EHsM8lE9lBOsl7iKTVKIUi, 13800000011, 1, null, 2026-06-23 06:40:41
<==        Row: 17, single_origin, $2a$10$N.zmdr9k7uOCQb376NoUnuTJ8iAt6Z5EHsM8lE9lBOsl7iKTVKIUi, 13800000014, 1, null, 2026-06-23 06:40:41
<==        Row: 18, flat_white_love, $2a$10$N.zmdr9k7uOCQb376NoUnuTJ8iAt6Z5EHsM8lE9lBOsl7iKTVKIUi, 13800000015, 1, null, 2026-06-23 06:40:41
<==        Row: 19, coffee_daily, $2a$10$N.zmdr9k7uOCQb376NoUnuTJ8iAt6Z5EHsM8lE9lBOsl7iKTVKIUi, 13800000016, 1, null, 2026-06-23 06:40:41
<==        Row: 20, bean_hunter, $2a$10$N.zmdr9k7uOCQb376NoUnuTJ8iAt6Z5EHsM8lE9lBOsl7iKTVKIUi, 13800000017, 1, null, 2026-06-23 06:40:41
<==        Row: 22, ristretto_lover, $2a$10$N.zmdr9k7uOCQb376NoUnuTJ8iAt6Z5EHsM8lE9lBOsl7iKTVKIUi, 13800000019, 1, null, 2026-06-23 06:40:41
<==        Row: 23, coffee_taster, $2a$10$N.zmdr9k7uOCQb376NoUnuTJ8iAt6Z5EHsM8lE9lBOsl7iKTVKIUi, 13800000020, 1, null, 2026-06-23 06:40:41
<==      Total: 12
Closing non transactional SqlSession [org.apache.ibatis.session.defaults.DefaultSqlSession@281de0b]
Creating a new SqlSession
SqlSession [org.apache.ibatis.session.defaults.DefaultSqlSession@6f0f38fd] was not registered for synchronization because synchronization is not active
JDBC Connection [HikariProxyConnection@1656957428 wrapping com.mysql.cj.jdbc.ConnectionImpl@3a260b92] will not be managed by Spring
==>  Preparing: SELECT id,username,password,phone,status,avatar,create_time FROM sys_user WHERE id IN ( ? , ? , ? , ? , ? , ? , ? , ? , ? , ? , ? , ? )
==> Parameters: 1(Long), 17(Long), 18(Long), 19(Long), 20(Long), 22(Long), 23(Long), 7(Long), 11(Long), 12(Long), 13(Long), 14(Long)
<==    Columns: id, username, password, phone, status, avatar, create_time
<==        Row: 1, lx, $2a$10$DY8p4Q7r/lnC2ax327OH/u439shvAv9lH895iyIYyLxfz9cRgKKgW, 19185939281, 1, http://localhost:8080/uploads/avatars/avatar_1_1782735664998.png, 2026-06-21 20:09:20
<==        Row: 7, espresso_queen, $2a$10$N.zmdr9k7uOCQb376NoUnuTJ8iAt6Z5EHsM8lE9lBOsl7iKTVKIUi, 13800000004, 1, null, 2026-06-23 06:40:41
<==        Row: 11, cold_brew_king, $2a$10$N.zmdr9k7uOCQb376NoUnuTJ8iAt6Z5EHsM8lE9lBOsl7iKTVKIUi, 13800000008, 1, null, 2026-06-23 06:40:41
<==        Row: 12, coffee_snob, $2a$10$N.zmdr9k7uOCQb376NoUnuTJ8iAt6Z5EHsM8lE9lBOsl7iKTVKIUi, 13800000009, 1, null, 2026-06-23 06:40:41
<==        Row: 13, matcha_latte, $2a$10$N.zmdr9k7uOCQb376NoUnuTJ8iAt6Z5EHsM8lE9lBOsl7iKTVKIUi, 13800000010, 1, null, 2026-06-23 06:40:41
<==        Row: 14, cafe_hunter, $2a$10$N.zmdr9k7uOCQb376NoUnuTJ8iAt6Z5EHsM8lE9lBOsl7iKTVKIUi, 13800000011, 1, null, 2026-06-23 06:40:41
<==        Row: 17, single_origin, $2a$10$N.zmdr9k7uOCQb376NoUnuTJ8iAt6Z5EHsM8lE9lBOsl7iKTVKIUi, 13800000014, 1, null, 2026-06-23 06:40:41
<==        Row: 18, flat_white_love, $2a$10$N.zmdr9k7uOCQb376NoUnuTJ8iAt6Z5EHsM8lE9lBOsl7iKTVKIUi, 13800000015, 1, null, 2026-06-23 06:40:41
<==        Row: 19, coffee_daily, $2a$10$N.zmdr9k7uOCQb376NoUnuTJ8iAt6Z5EHsM8lE9lBOsl7iKTVKIUi, 13800000016, 1, null, 2026-06-23 06:40:41
<==        Row: 20, bean_hunter, $2a$10$N.zmdr9k7uOCQb376NoUnuTJ8iAt6Z5EHsM8lE9lBOsl7iKTVKIUi, 13800000017, 1, null, 2026-06-23 06:40:41
<==        Row: 22, ristretto_lover, $2a$10$N.zmdr9k7uOCQb376NoUnuTJ8iAt6Z5EHsM8lE9lBOsl7iKTVKIUi, 13800000019, 1, null, 2026-06-23 06:40:41
<==        Row: 23, coffee_taster, $2a$10$N.zmdr9k7uOCQb376NoUnuTJ8iAt6Z5EHsM8lE9lBOsl7iKTVKIUi, 13800000020, 1, null, 2026-06-23 06:40:41
<==      Total: 12
Closing non transactional SqlSession [org.apache.ibatis.session.defaults.DefaultSqlSession@6f0f38fd]
Creating a new SqlSession
SqlSession [org.apache.ibatis.session.defaults.DefaultSqlSession@7a5a19f8] was not registered for synchronization because synchronization is not active
JDBC Connection [HikariProxyConnection@450583059 wrapping com.mysql.cj.jdbc.ConnectionImpl@3a260b92] will not be managed by Spring
==>  Preparing: SELECT id,username,password,phone,status,avatar,create_time FROM sys_user WHERE id=?
==> Parameters: 1(Long)
<==    Columns: id, username, password, phone, status, avatar, create_time
<==        Row: 1, lx, $2a$10$DY8p4Q7r/lnC2ax327OH/u439shvAv9lH895iyIYyLxfz9cRgKKgW, 19185939281, 1, http://localhost:8080/uploads/avatars/avatar_1_1782735664998.png, 2026-06-21 20:09:20
<==      Total: 1
Closing non transactional SqlSession [org.apache.ibatis.session.defaults.DefaultSqlSession@7a5a19f8]
Creating a new SqlSession
SqlSession [org.apache.ibatis.session.defaults.DefaultSqlSession@7cb6da51] was not registered for synchronization because synchronization is not active
JDBC Connection [HikariProxyConnection@954924201 wrapping com.mysql.cj.jdbc.ConnectionImpl@3a260b92] will not be managed by Spring
==>  Preparing: SELECT id,username,password,phone,status,avatar,create_time FROM sys_user WHERE id IN ( ? )
==> Parameters: 1(Long)
<==    Columns: id, username, password, phone, status, avatar, create_time
<==        Row: 1, lx, $2a$10$DY8p4Q7r/lnC2ax327OH/u439shvAv9lH895iyIYyLxfz9cRgKKgW, 19185939281, 1, http://localhost:8080/uploads/avatars/avatar_1_1782735664998.png, 2026-06-21 20:09:20
<==      Total: 1
Closing non transactional SqlSession [org.apache.ibatis.session.defaults.DefaultSqlSession@7cb6da51]
Creating a new SqlSession
SqlSession [org.apache.ibatis.session.defaults.DefaultSqlSession@7d275084] was not registered for synchronization because synchronization is not active
JDBC Connection [HikariProxyConnection@1910159533 wrapping com.mysql.cj.jdbc.ConnectionImpl@3a260b92] will not be managed by Spring
==>  Preparing: SELECT id,username,password,phone,status,avatar,create_time FROM sys_user WHERE id IN ( ? , ? , ? , ? , ? , ? , ? , ? , ? , ? , ? , ? )
==> Parameters: 1(Long), 17(Long), 18(Long), 19(Long), 20(Long), 22(Long), 23(Long), 7(Long), 11(Long), 12(Long), 13(Long), 14(Long)
<==    Columns: id, username, password, phone, status, avatar, create_time
<==        Row: 1, lx, $2a$10$DY8p4Q7r/lnC2ax327OH/u439shvAv9lH895iyIYyLxfz9cRgKKgW, 19185939281, 1, http://localhost:8080/uploads/avatars/avatar_1_1782735664998.png, 2026-06-21 20:09:20
<==        Row: 7, espresso_queen, $2a$10$N.zmdr9k7uOCQb376NoUnuTJ8iAt6Z5EHsM8lE9lBOsl7iKTVKIUi, 13800000004, 1, null, 2026-06-23 06:40:41
<==        Row: 11, cold_brew_king, $2a$10$N.zmdr9k7uOCQb376NoUnuTJ8iAt6Z5EHsM8lE9lBOsl7iKTVKIUi, 13800000008, 1, null, 2026-06-23 06:40:41
<==        Row: 12, coffee_snob, $2a$10$N.zmdr9k7uOCQb376NoUnuTJ8iAt6Z5EHsM8lE9lBOsl7iKTVKIUi, 13800000009, 1, null, 2026-06-23 06:40:41
<==        Row: 13, matcha_latte, $2a$10$N.zmdr9k7uOCQb376NoUnuTJ8iAt6Z5EHsM8lE9lBOsl7iKTVKIUi, 13800000010, 1, null, 2026-06-23 06:40:41
<==        Row: 14, cafe_hunter, $2a$10$N.zmdr9k7uOCQb376NoUnuTJ8iAt6Z5EHsM8lE9lBOsl7iKTVKIUi, 13800000011, 1, null, 2026-06-23 06:40:41
<==        Row: 17, single_origin, $2a$10$N.zmdr9k7uOCQb376NoUnuTJ8iAt6Z5EHsM8lE9lBOsl7iKTVKIUi, 13800000014, 1, null, 2026-06-23 06:40:41
<==        Row: 18, flat_white_love, $2a$10$N.zmdr9k7uOCQb376NoUnuTJ8iAt6Z5EHsM8lE9lBOsl7iKTVKIUi, 13800000015, 1, null, 2026-06-23 06:40:41
<==        Row: 19, coffee_daily, $2a$10$N.zmdr9k7uOCQb376NoUnuTJ8iAt6Z5EHsM8lE9lBOsl7iKTVKIUi, 13800000016, 1, null, 2026-06-23 06:40:41
<==        Row: 20, bean_hunter, $2a$10$N.zmdr9k7uOCQb376NoUnuTJ8iAt6Z5EHsM8lE9lBOsl7iKTVKIUi, 13800000017, 1, null, 2026-06-23 06:40:41
<==        Row: 22, ristretto_lover, $2a$10$N.zmdr9k7uOCQb376NoUnuTJ8iAt6Z5EHsM8lE9lBOsl7iKTVKIUi, 13800000019, 1, null, 2026-06-23 06:40:41
<==        Row: 23, coffee_taster, $2a$10$N.zmdr9k7uOCQb376NoUnuTJ8iAt6Z5EHsM8lE9lBOsl7iKTVKIUi, 13800000020, 1, null, 2026-06-23 06:40:41
<==      Total: 12
Closing non transactional SqlSession [org.apache.ibatis.session.defaults.DefaultSqlSession@7d275084]
Creating a new SqlSession
SqlSession [org.apache.ibatis.session.defaults.DefaultSqlSession@689fd7d1] was not registered for synchronization because synchronization is not active
JDBC Connection [HikariProxyConnection@573701313 wrapping com.mysql.cj.jdbc.ConnectionImpl@3a260b92] will not be managed by Spring
==>  Preparing: SELECT id,username,password,phone,status,avatar,create_time FROM sys_user WHERE id IN ( ? , ? , ? , ? , ? , ? , ? , ? , ? )
==> Parameters: 16(Long), 1(Long), 17(Long), 18(Long), 19(Long), 20(Long), 21(Long), 22(Long), 23(Long)
<==    Columns: id, username, password, phone, status, avatar, create_time
<==        Row: 1, lx, $2a$10$DY8p4Q7r/lnC2ax327OH/u439shvAv9lH895iyIYyLxfz9cRgKKgW, 19185939281, 1, http://localhost:8080/uploads/avatars/avatar_1_1782735664998.png, 2026-06-21 20:09:20
<==        Row: 16, cappuccino_boy, $2a$10$N.zmdr9k7uOCQb376NoUnuTJ8iAt6Z5EHsM8lE9lBOsl7iKTVKIUi, 13800000013, 1, null, 2026-06-23 06:40:41
<==        Row: 17, single_origin, $2a$10$N.zmdr9k7uOCQb376NoUnuTJ8iAt6Z5EHsM8lE9lBOsl7iKTVKIUi, 13800000014, 1, null, 2026-06-23 06:40:41
<==        Row: 18, flat_white_love, $2a$10$N.zmdr9k7uOCQb376NoUnuTJ8iAt6Z5EHsM8lE9lBOsl7iKTVKIUi, 13800000015, 1, null, 2026-06-23 06:40:41
<==        Row: 19, coffee_daily, $2a$10$N.zmdr9k7uOCQb376NoUnuTJ8iAt6Z5EHsM8lE9lBOsl7iKTVKIUi, 13800000016, 1, null, 2026-06-23 06:40:41
<==        Row: 20, bean_hunter, $2a$10$N.zmdr9k7uOCQb376NoUnuTJ8iAt6Z5EHsM8lE9lBOsl7iKTVKIUi, 13800000017, 1, null, 2026-06-23 06:40:41
<==        Row: 21, macchiato_fan, $2a$10$N.zmdr9k7uOCQb376NoUnuTJ8iAt6Z5EHsM8lE9lBOsl7iKTVKIUi, 13800000018, 1, null, 2026-06-23 06:40:41
<==        Row: 22, ristretto_lover, $2a$10$N.zmdr9k7uOCQb376NoUnuTJ8iAt6Z5EHsM8lE9lBOsl7iKTVKIUi, 13800000019, 1, null, 2026-06-23 06:40:41
<==        Row: 23, coffee_taster, $2a$10$N.zmdr9k7uOCQb376NoUnuTJ8iAt6Z5EHsM8lE9lBOsl7iKTVKIUi, 13800000020, 1, null, 2026-06-23 06:40:41
<==      Total: 9
Closing non transactional SqlSession [org.apache.ibatis.session.defaults.DefaultSqlSession@689fd7d1]
Creating a new SqlSession
SqlSession [org.apache.ibatis.session.defaults.DefaultSqlSession@7dd75a89] was not registered for synchronization because synchronization is not active
JDBC Connection [HikariProxyConnection@1786671233 wrapping com.mysql.cj.jdbc.ConnectionImpl@3a260b92] will not be managed by Spring
==>  Preparing: SELECT id,username,password,phone,status,avatar,create_time FROM sys_user WHERE id IN ( ? , ? , ? , ? , ? , ? , ? , ? , ? , ? , ? , ? )
==> Parameters: 1(Long), 17(Long), 18(Long), 19(Long), 20(Long), 22(Long), 23(Long), 7(Long), 11(Long), 12(Long), 13(Long), 14(Long)
<==    Columns: id, username, password, phone, status, avatar, create_time
<==        Row: 1, lx, $2a$10$DY8p4Q7r/lnC2ax327OH/u439shvAv9lH895iyIYyLxfz9cRgKKgW, 19185939281, 1, http://localhost:8080/uploads/avatars/avatar_1_1782735664998.png, 2026-06-21 20:09:20
<==        Row: 7, espresso_queen, $2a$10$N.zmdr9k7uOCQb376NoUnuTJ8iAt6Z5EHsM8lE9lBOsl7iKTVKIUi, 13800000004, 1, null, 2026-06-23 06:40:41
<==        Row: 11, cold_brew_king, $2a$10$N.zmdr9k7uOCQb376NoUnuTJ8iAt6Z5EHsM8lE9lBOsl7iKTVKIUi, 13800000008, 1, null, 2026-06-23 06:40:41
<==        Row: 12, coffee_snob, $2a$10$N.zmdr9k7uOCQb376NoUnuTJ8iAt6Z5EHsM8lE9lBOsl7iKTVKIUi, 13800000009, 1, null, 2026-06-23 06:40:41
<==        Row: 13, matcha_latte, $2a$10$N.zmdr9k7uOCQb376NoUnuTJ8iAt6Z5EHsM8lE9lBOsl7iKTVKIUi, 13800000010, 1, null, 2026-06-23 06:40:41
<==        Row: 14, cafe_hunter, $2a$10$N.zmdr9k7uOCQb376NoUnuTJ8iAt6Z5EHsM8lE9lBOsl7iKTVKIUi, 13800000011, 1, null, 2026-06-23 06:40:41
<==        Row: 17, single_origin, $2a$10$N.zmdr9k7uOCQb376NoUnuTJ8iAt6Z5EHsM8lE9lBOsl7iKTVKIUi, 13800000014, 1, null, 2026-06-23 06:40:41
<==        Row: 18, flat_white_love, $2a$10$N.zmdr9k7uOCQb376NoUnuTJ8iAt6Z5EHsM8lE9lBOsl7iKTVKIUi, 13800000015, 1, null, 2026-06-23 06:40:41
<==        Row: 19, coffee_daily, $2a$10$N.zmdr9k7uOCQb376NoUnuTJ8iAt6Z5EHsM8lE9lBOsl7iKTVKIUi, 13800000016, 1, null, 2026-06-23 06:40:41
<==        Row: 20, bean_hunter, $2a$10$N.zmdr9k7uOCQb376NoUnuTJ8iAt6Z5EHsM8lE9lBOsl7iKTVKIUi, 13800000017, 1, null, 2026-06-23 06:40:41
<==        Row: 22, ristretto_lover, $2a$10$N.zmdr9k7uOCQb376NoUnuTJ8iAt6Z5EHsM8lE9lBOsl7iKTVKIUi, 13800000019, 1, null, 2026-06-23 06:40:41
<==        Row: 23, coffee_taster, $2a$10$N.zmdr9k7uOCQb376NoUnuTJ8iAt6Z5EHsM8lE9lBOsl7iKTVKIUi, 13800000020, 1, null, 2026-06-23 06:40:41
<==      Total: 12
Closing non transactional SqlSession [org.apache.ibatis.session.defaults.DefaultSqlSession@7dd75a89]
Creating a new SqlSession
SqlSession [org.apache.ibatis.session.defaults.DefaultSqlSession@29dc8dd6] was not registered for synchronization because synchronization is not active
JDBC Connection [HikariProxyConnection@1065517248 wrapping com.mysql.cj.jdbc.ConnectionImpl@3a260b92] will not be managed by Spring
==>  Preparing: SELECT id,username,password,phone,status,avatar,create_time FROM sys_user WHERE id IN ( ? , ? , ? , ? , ? , ? , ? , ? , ? )
==> Parameters: 16(Long), 1(Long), 17(Long), 18(Long), 19(Long), 20(Long), 21(Long), 22(Long), 23(Long)
<==    Columns: id, username, password, phone, status, avatar, create_time
<==        Row: 1, lx, $2a$10$DY8p4Q7r/lnC2ax327OH/u439shvAv9lH895iyIYyLxfz9cRgKKgW, 19185939281, 1, http://localhost:8080/uploads/avatars/avatar_1_1782735664998.png, 2026-06-21 20:09:20
<==        Row: 16, cappuccino_boy, $2a$10$N.zmdr9k7uOCQb376NoUnuTJ8iAt6Z5EHsM8lE9lBOsl7iKTVKIUi, 13800000013, 1, null, 2026-06-23 06:40:41
<==        Row: 17, single_origin, $2a$10$N.zmdr9k7uOCQb376NoUnuTJ8iAt6Z5EHsM8lE9lBOsl7iKTVKIUi, 13800000014, 1, null, 2026-06-23 06:40:41
<==        Row: 18, flat_white_love, $2a$10$N.zmdr9k7uOCQb376NoUnuTJ8iAt6Z5EHsM8lE9lBOsl7iKTVKIUi, 13800000015, 1, null, 2026-06-23 06:40:41
<==        Row: 19, coffee_daily, $2a$10$N.zmdr9k7uOCQb376NoUnuTJ8iAt6Z5EHsM8lE9lBOsl7iKTVKIUi, 13800000016, 1, null, 2026-06-23 06:40:41
<==        Row: 20, bean_hunter, $2a$10$N.zmdr9k7uOCQb376NoUnuTJ8iAt6Z5EHsM8lE9lBOsl7iKTVKIUi, 13800000017, 1, null, 2026-06-23 06:40:41
<==        Row: 21, macchiato_fan, $2a$10$N.zmdr9k7uOCQb376NoUnuTJ8iAt6Z5EHsM8lE9lBOsl7iKTVKIUi, 13800000018, 1, null, 2026-06-23 06:40:41
<==        Row: 22, ristretto_lover, $2a$10$N.zmdr9k7uOCQb376NoUnuTJ8iAt6Z5EHsM8lE9lBOsl7iKTVKIUi, 13800000019, 1, null, 2026-06-23 06:40:41
<==        Row: 23, coffee_taster, $2a$10$N.zmdr9k7uOCQb376NoUnuTJ8iAt6Z5EHsM8lE9lBOsl7iKTVKIUi, 13800000020, 1, null, 2026-06-23 06:40:41
<==      Total: 9
Closing non transactional SqlSession [org.apache.ibatis.session.defaults.DefaultSqlSession@29dc8dd6]
Creating a new SqlSession
SqlSession [org.apache.ibatis.session.defaults.DefaultSqlSession@1006f46d] was not registered for synchronization because synchronization is not active
JDBC Connection [HikariProxyConnection@536278124 wrapping com.mysql.cj.jdbc.ConnectionImpl@3a260b92] will not be managed by Spring
==>  Preparing: SELECT id,username,password,phone,status,avatar,create_time FROM sys_user WHERE id IN ( ? )
==> Parameters: 5(Long)
<==    Columns: id, username, password, phone, status, avatar, create_time
<==        Row: 5, barista_wang, $2a$10$N.zmdr9k7uOCQb376NoUnuTJ8iAt6Z5EHsM8lE9lBOsl7iKTVKIUi, 13800000002, 1, null, 2026-06-23 06:40:41
<==      Total: 1
Closing non transactional SqlSession [org.apache.ibatis.session.defaults.DefaultSqlSession@1006f46d]
Creating a new SqlSession
SqlSession [org.apache.ibatis.session.defaults.DefaultSqlSession@12ed2d46] was not registered for synchronization because synchronization is not active
JDBC Connection [HikariProxyConnection@1161936759 wrapping com.mysql.cj.jdbc.ConnectionImpl@3a260b92] will not be managed by Spring
==>  Preparing: SELECT id,username,password,phone,status,avatar,create_time FROM sys_user WHERE id IN ( ? , ? , ? , ? , ? , ? , ? , ? , ? , ? , ? , ? )
==> Parameters: 1(Long), 17(Long), 18(Long), 19(Long), 20(Long), 22(Long), 23(Long), 7(Long), 11(Long), 12(Long), 13(Long), 14(Long)
<==    Columns: id, username, password, phone, status, avatar, create_time
<==        Row: 1, lx, $2a$10$DY8p4Q7r/lnC2ax327OH/u439shvAv9lH895iyIYyLxfz9cRgKKgW, 19185939281, 1, http://localhost:8080/uploads/avatars/avatar_1_1782735664998.png, 2026-06-21 20:09:20
<==        Row: 7, espresso_queen, $2a$10$N.zmdr9k7uOCQb376NoUnuTJ8iAt6Z5EHsM8lE9lBOsl7iKTVKIUi, 13800000004, 1, null, 2026-06-23 06:40:41
<==        Row: 11, cold_brew_king, $2a$10$N.zmdr9k7uOCQb376NoUnuTJ8iAt6Z5EHsM8lE9lBOsl7iKTVKIUi, 13800000008, 1, null, 2026-06-23 06:40:41
<==        Row: 12, coffee_snob, $2a$10$N.zmdr9k7uOCQb376NoUnuTJ8iAt6Z5EHsM8lE9lBOsl7iKTVKIUi, 13800000009, 1, null, 2026-06-23 06:40:41
<==        Row: 13, matcha_latte, $2a$10$N.zmdr9k7uOCQb376NoUnuTJ8iAt6Z5EHsM8lE9lBOsl7iKTVKIUi, 13800000010, 1, null, 2026-06-23 06:40:41
<==        Row: 14, cafe_hunter, $2a$10$N.zmdr9k7uOCQb376NoUnuTJ8iAt6Z5EHsM8lE9lBOsl7iKTVKIUi, 13800000011, 1, null, 2026-06-23 06:40:41
<==        Row: 17, single_origin, $2a$10$N.zmdr9k7uOCQb376NoUnuTJ8iAt6Z5EHsM8lE9lBOsl7iKTVKIUi, 13800000014, 1, null, 2026-06-23 06:40:41
<==        Row: 18, flat_white_love, $2a$10$N.zmdr9k7uOCQb376NoUnuTJ8iAt6Z5EHsM8lE9lBOsl7iKTVKIUi, 13800000015, 1, null, 2026-06-23 06:40:41
<==        Row: 19, coffee_daily, $2a$10$N.zmdr9k7uOCQb376NoUnuTJ8iAt6Z5EHsM8lE9lBOsl7iKTVKIUi, 13800000016, 1, null, 2026-06-23 06:40:41
<==        Row: 20, bean_hunter, $2a$10$N.zmdr9k7uOCQb376NoUnuTJ8iAt6Z5EHsM8lE9lBOsl7iKTVKIUi, 13800000017, 1, null, 2026-06-23 06:40:41
<==        Row: 22, ristretto_lover, $2a$10$N.zmdr9k7uOCQb376NoUnuTJ8iAt6Z5EHsM8lE9lBOsl7iKTVKIUi, 13800000019, 1, null, 2026-06-23 06:40:41
<==        Row: 23, coffee_taster, $2a$10$N.zmdr9k7uOCQb376NoUnuTJ8iAt6Z5EHsM8lE9lBOsl7iKTVKIUi, 13800000020, 1, null, 2026-06-23 06:40:41
<==      Total: 12
Closing non transactional SqlSession [org.apache.ibatis.session.defaults.DefaultSqlSession@12ed2d46]
Creating a new SqlSession
SqlSession [org.apache.ibatis.session.defaults.DefaultSqlSession@75c7892f] was not registered for synchronization because synchronization is not active
JDBC Connection [HikariProxyConnection@818243851 wrapping com.mysql.cj.jdbc.ConnectionImpl@3a260b92] will not be managed by Spring
==>  Preparing: SELECT id,username,password,phone,status,avatar,create_time FROM sys_user WHERE id IN ( ? , ? , ? , ? , ? , ? , ? , ? , ? )
==> Parameters: 16(Long), 1(Long), 17(Long), 18(Long), 19(Long), 20(Long), 21(Long), 22(Long), 23(Long)
<==    Columns: id, username, password, phone, status, avatar, create_time
<==        Row: 1, lx, $2a$10$DY8p4Q7r/lnC2ax327OH/u439shvAv9lH895iyIYyLxfz9cRgKKgW, 19185939281, 1, http://localhost:8080/uploads/avatars/avatar_1_1782735664998.png, 2026-06-21 20:09:20
<==        Row: 16, cappuccino_boy, $2a$10$N.zmdr9k7uOCQb376NoUnuTJ8iAt6Z5EHsM8lE9lBOsl7iKTVKIUi, 13800000013, 1, null, 2026-06-23 06:40:41
<==        Row: 17, single_origin, $2a$10$N.zmdr9k7uOCQb376NoUnuTJ8iAt6Z5EHsM8lE9lBOsl7iKTVKIUi, 13800000014, 1, null, 2026-06-23 06:40:41
<==        Row: 18, flat_white_love, $2a$10$N.zmdr9k7uOCQb376NoUnuTJ8iAt6Z5EHsM8lE9lBOsl7iKTVKIUi, 13800000015, 1, null, 2026-06-23 06:40:41
<==        Row: 19, coffee_daily, $2a$10$N.zmdr9k7uOCQb376NoUnuTJ8iAt6Z5EHsM8lE9lBOsl7iKTVKIUi, 13800000016, 1, null, 2026-06-23 06:40:41
<==        Row: 20, bean_hunter, $2a$10$N.zmdr9k7uOCQb376NoUnuTJ8iAt6Z5EHsM8lE9lBOsl7iKTVKIUi, 13800000017, 1, null, 2026-06-23 06:40:41
<==        Row: 21, macchiato_fan, $2a$10$N.zmdr9k7uOCQb376NoUnuTJ8iAt6Z5EHsM8lE9lBOsl7iKTVKIUi, 13800000018, 1, null, 2026-06-23 06:40:41
<==        Row: 22, ristretto_lover, $2a$10$N.zmdr9k7uOCQb376NoUnuTJ8iAt6Z5EHsM8lE9lBOsl7iKTVKIUi, 13800000019, 1, null, 2026-06-23 06:40:41
<==        Row: 23, coffee_taster, $2a$10$N.zmdr9k7uOCQb376NoUnuTJ8iAt6Z5EHsM8lE9lBOsl7iKTVKIUi, 13800000020, 1, null, 2026-06-23 06:40:41
<==      Total: 9
Closing non transactional SqlSession [org.apache.ibatis.session.defaults.DefaultSqlSession@75c7892f]
Creating a new SqlSession
SqlSession [org.apache.ibatis.session.defaults.DefaultSqlSession@3aae8814] was not registered for synchronization because synchronization is not active
JDBC Connection [HikariProxyConnection@269599584 wrapping com.mysql.cj.jdbc.ConnectionImpl@3a260b92] will not be managed by Spring
==>  Preparing: SELECT id,username,password,phone,status,avatar,create_time FROM sys_user WHERE id IN ( ? )
==> Parameters: 5(Long)
<==    Columns: id, username, password, phone, status, avatar, create_time
<==        Row: 5, barista_wang, $2a$10$N.zmdr9k7uOCQb376NoUnuTJ8iAt6Z5EHsM8lE9lBOsl7iKTVKIUi, 13800000002, 1, null, 2026-06-23 06:40:41
<==      Total: 1
Closing non transactional SqlSession [org.apache.ibatis.session.defaults.DefaultSqlSession@3aae8814]
Creating a new SqlSession
SqlSession [org.apache.ibatis.session.defaults.DefaultSqlSession@2ce08c6b] was not registered for synchronization because synchronization is not active
JDBC Connection [HikariProxyConnection@1643248640 wrapping com.mysql.cj.jdbc.ConnectionImpl@3a260b92] will not be managed by Spring
==>  Preparing: SELECT id,username,password,phone,status,avatar,create_time FROM sys_user WHERE id IN ( ? , ? , ? , ? , ? , ? , ? , ? , ? , ? , ? , ? )
==> Parameters: 1(Long), 17(Long), 18(Long), 19(Long), 20(Long), 22(Long), 23(Long), 7(Long), 11(Long), 12(Long), 13(Long), 14(Long)
<==    Columns: id, username, password, phone, status, avatar, create_time
<==        Row: 1, lx, $2a$10$DY8p4Q7r/lnC2ax327OH/u439shvAv9lH895iyIYyLxfz9cRgKKgW, 19185939281, 1, http://localhost:8080/uploads/avatars/avatar_1_1782735664998.png, 2026-06-21 20:09:20
<==        Row: 7, espresso_queen, $2a$10$N.zmdr9k7uOCQb376NoUnuTJ8iAt6Z5EHsM8lE9lBOsl7iKTVKIUi, 13800000004, 1, null, 2026-06-23 06:40:41
<==        Row: 11, cold_brew_king, $2a$10$N.zmdr9k7uOCQb376NoUnuTJ8iAt6Z5EHsM8lE9lBOsl7iKTVKIUi, 13800000008, 1, null, 2026-06-23 06:40:41
<==        Row: 12, coffee_snob, $2a$10$N.zmdr9k7uOCQb376NoUnuTJ8iAt6Z5EHsM8lE9lBOsl7iKTVKIUi, 13800000009, 1, null, 2026-06-23 06:40:41
<==        Row: 13, matcha_latte, $2a$10$N.zmdr9k7uOCQb376NoUnuTJ8iAt6Z5EHsM8lE9lBOsl7iKTVKIUi, 13800000010, 1, null, 2026-06-23 06:40:41
<==        Row: 14, cafe_hunter, $2a$10$N.zmdr9k7uOCQb376NoUnuTJ8iAt6Z5EHsM8lE9lBOsl7iKTVKIUi, 13800000011, 1, null, 2026-06-23 06:40:41
<==        Row: 17, single_origin, $2a$10$N.zmdr9k7uOCQb376NoUnuTJ8iAt6Z5EHsM8lE9lBOsl7iKTVKIUi, 13800000014, 1, null, 2026-06-23 06:40:41
<==        Row: 18, flat_white_love, $2a$10$N.zmdr9k7uOCQb376NoUnuTJ8iAt6Z5EHsM8lE9lBOsl7iKTVKIUi, 13800000015, 1, null, 2026-06-23 06:40:41
<==        Row: 19, coffee_daily, $2a$10$N.zmdr9k7uOCQb376NoUnuTJ8iAt6Z5EHsM8lE9lBOsl7iKTVKIUi, 13800000016, 1, null, 2026-06-23 06:40:41
<==        Row: 20, bean_hunter, $2a$10$N.zmdr9k7uOCQb376NoUnuTJ8iAt6Z5EHsM8lE9lBOsl7iKTVKIUi, 13800000017, 1, null, 2026-06-23 06:40:41
<==        Row: 22, ristretto_lover, $2a$10$N.zmdr9k7uOCQb376NoUnuTJ8iAt6Z5EHsM8lE9lBOsl7iKTVKIUi, 13800000019, 1, null, 2026-06-23 06:40:41
<==        Row: 23, coffee_taster, $2a$10$N.zmdr9k7uOCQb376NoUnuTJ8iAt6Z5EHsM8lE9lBOsl7iKTVKIUi, 13800000020, 1, null, 2026-06-23 06:40:41
<==      Total: 12
Closing non transactional SqlSession [org.apache.ibatis.session.defaults.DefaultSqlSession@2ce08c6b]
Creating a new SqlSession
SqlSession [org.apache.ibatis.session.defaults.DefaultSqlSession@1c333978] was not registered for synchronization because synchronization is not active
JDBC Connection [HikariProxyConnection@2135548824 wrapping com.mysql.cj.jdbc.ConnectionImpl@3a260b92] will not be managed by Spring
==>  Preparing: SELECT id,username,password,phone,status,avatar,create_time FROM sys_user WHERE id IN ( ? , ? , ? , ? , ? , ? , ? , ? , ? , ? )
==> Parameters: 16(Long), 1(Long), 4(Long), 5(Long), 21(Long), 6(Long), 8(Long), 9(Long), 10(Long), 15(Long)
<==    Columns: id, username, password, phone, status, avatar, create_time
<==        Row: 1, lx, $2a$10$DY8p4Q7r/lnC2ax327OH/u439shvAv9lH895iyIYyLxfz9cRgKKgW, 19185939281, 1, http://localhost:8080/uploads/avatars/avatar_1_1782735664998.png, 2026-06-21 20:09:20
<==        Row: 4, coffeelover, $2a$10$N.zmdr9k7uOCQb376NoUnuTJ8iAt6Z5EHsM8lE9lBOsl7iKTVKIUi, 13800000001, 1, null, 2026-06-23 06:40:41
<==        Row: 5, barista_wang, $2a$10$N.zmdr9k7uOCQb376NoUnuTJ8iAt6Z5EHsM8lE9lBOsl7iKTVKIUi, 13800000002, 1, null, 2026-06-23 06:40:41
<==        Row: 6, latte_artist, $2a$10$N.zmdr9k7uOCQb376NoUnuTJ8iAt6Z5EHsM8lE9lBOsl7iKTVKIUi, 13800000003, 1, null, 2026-06-23 06:40:41
<==        Row: 8, morning_coffee, $2a$10$N.zmdr9k7uOCQb376NoUnuTJ8iAt6Z5EHsM8lE9lBOsl7iKTVKIUi, 13800000005, 1, null, 2026-06-23 06:40:41
<==        Row: 9, hand_brew_fan, $2a$10$N.zmdr9k7uOCQb376NoUnuTJ8iAt6Z5EHsM8lE9lBOsl7iKTVKIUi, 13800000006, 1, null, 2026-06-23 06:40:41
<==        Row: 10, mocha_girl, $2a$10$N.zmdr9k7uOCQb376NoUnuTJ8iAt6Z5EHsM8lE9lBOsl7iKTVKIUi, 13800000007, 1, null, 2026-06-23 06:40:41
<==        Row: 15, pour_over_master, $2a$10$N.zmdr9k7uOCQb376NoUnuTJ8iAt6Z5EHsM8lE9lBOsl7iKTVKIUi, 13800000012, 1, null, 2026-06-23 06:40:41
<==        Row: 16, cappuccino_boy, $2a$10$N.zmdr9k7uOCQb376NoUnuTJ8iAt6Z5EHsM8lE9lBOsl7iKTVKIUi, 13800000013, 1, null, 2026-06-23 06:40:41
<==        Row: 21, macchiato_fan, $2a$10$N.zmdr9k7uOCQb376NoUnuTJ8iAt6Z5EHsM8lE9lBOsl7iKTVKIUi, 13800000018, 1, null, 2026-06-23 06:40:41
<==      Total: 10
Closing non transactional SqlSession [org.apache.ibatis.session.defaults.DefaultSqlSession@1c333978]
Creating a new SqlSession
SqlSession [org.apache.ibatis.session.defaults.DefaultSqlSession@303d3c0d] was not registered for synchronization because synchronization is not active
JDBC Connection [HikariProxyConnection@2109908449 wrapping com.mysql.cj.jdbc.ConnectionImpl@3a260b92] will not be managed by Spring
==>  Preparing: SELECT id,username,password,phone,status,avatar,create_time FROM sys_user WHERE id IN ( ? , ? , ? )
==> Parameters: 17(Long), 1(Long), 13(Long)
<==    Columns: id, username, password, phone, status, avatar, create_time
<==        Row: 1, lx, $2a$10$DY8p4Q7r/lnC2ax327OH/u439shvAv9lH895iyIYyLxfz9cRgKKgW, 19185939281, 1, http://localhost:8080/uploads/avatars/avatar_1_1782735664998.png, 2026-06-21 20:09:20
<==        Row: 13, matcha_latte, $2a$10$N.zmdr9k7uOCQb376NoUnuTJ8iAt6Z5EHsM8lE9lBOsl7iKTVKIUi, 13800000010, 1, null, 2026-06-23 06:40:41
<==        Row: 17, single_origin, $2a$10$N.zmdr9k7uOCQb376NoUnuTJ8iAt6Z5EHsM8lE9lBOsl7iKTVKIUi, 13800000014, 1, null, 2026-06-23 06:40:41
<==      Total: 3
Closing non transactional SqlSession [org.apache.ibatis.session.defaults.DefaultSqlSession@303d3c0d]
Creating a new SqlSession
SqlSession [org.apache.ibatis.session.defaults.DefaultSqlSession@6ccf258c] was not registered for synchronization because synchronization is not active
JDBC Connection [HikariProxyConnection@730540430 wrapping com.mysql.cj.jdbc.ConnectionImpl@3a260b92] will not be managed by Spring
==>  Preparing: SELECT id,username,password,phone,status,avatar,create_time FROM sys_user WHERE id IN ( ? , ? , ? , ? , ? , ? , ? , ? , ? , ? , ? , ? )
==> Parameters: 1(Long), 17(Long), 18(Long), 19(Long), 20(Long), 22(Long), 23(Long), 7(Long), 11(Long), 12(Long), 13(Long), 14(Long)
<==    Columns: id, username, password, phone, status, avatar, create_time
<==        Row: 1, lx, $2a$10$DY8p4Q7r/lnC2ax327OH/u439shvAv9lH895iyIYyLxfz9cRgKKgW, 19185939281, 1, http://localhost:8080/uploads/avatars/avatar_1_1782735664998.png, 2026-06-21 20:09:20
<==        Row: 7, espresso_queen, $2a$10$N.zmdr9k7uOCQb376NoUnuTJ8iAt6Z5EHsM8lE9lBOsl7iKTVKIUi, 13800000004, 1, null, 2026-06-23 06:40:41
<==        Row: 11, cold_brew_king, $2a$10$N.zmdr9k7uOCQb376NoUnuTJ8iAt6Z5EHsM8lE9lBOsl7iKTVKIUi, 13800000008, 1, null, 2026-06-23 06:40:41
<==        Row: 12, coffee_snob, $2a$10$N.zmdr9k7uOCQb376NoUnuTJ8iAt6Z5EHsM8lE9lBOsl7iKTVKIUi, 13800000009, 1, null, 2026-06-23 06:40:41
<==        Row: 13, matcha_latte, $2a$10$N.zmdr9k7uOCQb376NoUnuTJ8iAt6Z5EHsM8lE9lBOsl7iKTVKIUi, 13800000010, 1, null, 2026-06-23 06:40:41
<==        Row: 14, cafe_hunter, $2a$10$N.zmdr9k7uOCQb376NoUnuTJ8iAt6Z5EHsM8lE9lBOsl7iKTVKIUi, 13800000011, 1, null, 2026-06-23 06:40:41
<==        Row: 17, single_origin, $2a$10$N.zmdr9k7uOCQb376NoUnuTJ8iAt6Z5EHsM8lE9lBOsl7iKTVKIUi, 13800000014, 1, null, 2026-06-23 06:40:41
<==        Row: 18, flat_white_love, $2a$10$N.zmdr9k7uOCQb376NoUnuTJ8iAt6Z5EHsM8lE9lBOsl7iKTVKIUi, 13800000015, 1, null, 2026-06-23 06:40:41
<==        Row: 19, coffee_daily, $2a$10$N.zmdr9k7uOCQb376NoUnuTJ8iAt6Z5EHsM8lE9lBOsl7iKTVKIUi, 13800000016, 1, null, 2026-06-23 06:40:41
<==        Row: 20, bean_hunter, $2a$10$N.zmdr9k7uOCQb376NoUnuTJ8iAt6Z5EHsM8lE9lBOsl7iKTVKIUi, 13800000017, 1, null, 2026-06-23 06:40:41
<==        Row: 22, ristretto_lover, $2a$10$N.zmdr9k7uOCQb376NoUnuTJ8iAt6Z5EHsM8lE9lBOsl7iKTVKIUi, 13800000019, 1, null, 2026-06-23 06:40:41
<==        Row: 23, coffee_taster, $2a$10$N.zmdr9k7uOCQb376NoUnuTJ8iAt6Z5EHsM8lE9lBOsl7iKTVKIUi, 13800000020, 1, null, 2026-06-23 06:40:41
<==      Total: 12
Closing non transactional SqlSession [org.apache.ibatis.session.defaults.DefaultSqlSession@6ccf258c]
Creating a new SqlSession
SqlSession [org.apache.ibatis.session.defaults.DefaultSqlSession@73342b41] was not registered for synchronization because synchronization is not active
JDBC Connection [HikariProxyConnection@1694714793 wrapping com.mysql.cj.jdbc.ConnectionImpl@3a260b92] will not be managed by Spring
==>  Preparing: SELECT id,username,password,phone,status,avatar,create_time FROM sys_user WHERE id IN ( ? , ? , ? , ? , ? , ? , ? , ? , ? , ? , ? , ? )
==> Parameters: 1(Long), 17(Long), 18(Long), 19(Long), 20(Long), 22(Long), 23(Long), 7(Long), 11(Long), 12(Long), 13(Long), 14(Long)
<==    Columns: id, username, password, phone, status, avatar, create_time
<==        Row: 1, lx, $2a$10$DY8p4Q7r/lnC2ax327OH/u439shvAv9lH895iyIYyLxfz9cRgKKgW, 19185939281, 1, http://localhost:8080/uploads/avatars/avatar_1_1782735664998.png, 2026-06-21 20:09:20
<==        Row: 7, espresso_queen, $2a$10$N.zmdr9k7uOCQb376NoUnuTJ8iAt6Z5EHsM8lE9lBOsl7iKTVKIUi, 13800000004, 1, null, 2026-06-23 06:40:41
<==        Row: 11, cold_brew_king, $2a$10$N.zmdr9k7uOCQb376NoUnuTJ8iAt6Z5EHsM8lE9lBOsl7iKTVKIUi, 13800000008, 1, null, 2026-06-23 06:40:41
<==        Row: 12, coffee_snob, $2a$10$N.zmdr9k7uOCQb376NoUnuTJ8iAt6Z5EHsM8lE9lBOsl7iKTVKIUi, 13800000009, 1, null, 2026-06-23 06:40:41
<==        Row: 13, matcha_latte, $2a$10$N.zmdr9k7uOCQb376NoUnuTJ8iAt6Z5EHsM8lE9lBOsl7iKTVKIUi, 13800000010, 1, null, 2026-06-23 06:40:41
<==        Row: 14, cafe_hunter, $2a$10$N.zmdr9k7uOCQb376NoUnuTJ8iAt6Z5EHsM8lE9lBOsl7iKTVKIUi, 13800000011, 1, null, 2026-06-23 06:40:41
<==        Row: 17, single_origin, $2a$10$N.zmdr9k7uOCQb376NoUnuTJ8iAt6Z5EHsM8lE9lBOsl7iKTVKIUi, 13800000014, 1, null, 2026-06-23 06:40:41
<==        Row: 18, flat_white_love, $2a$10$N.zmdr9k7uOCQb376NoUnuTJ8iAt6Z5EHsM8lE9lBOsl7iKTVKIUi, 13800000015, 1, null, 2026-06-23 06:40:41
<==        Row: 19, coffee_daily, $2a$10$N.zmdr9k7uOCQb376NoUnuTJ8iAt6Z5EHsM8lE9lBOsl7iKTVKIUi, 13800000016, 1, null, 2026-06-23 06:40:41
<==        Row: 20, bean_hunter, $2a$10$N.zmdr9k7uOCQb376NoUnuTJ8iAt6Z5EHsM8lE9lBOsl7iKTVKIUi, 13800000017, 1, null, 2026-06-23 06:40:41
<==        Row: 22, ristretto_lover, $2a$10$N.zmdr9k7uOCQb376NoUnuTJ8iAt6Z5EHsM8lE9lBOsl7iKTVKIUi, 13800000019, 1, null, 2026-06-23 06:40:41
<==        Row: 23, coffee_taster, $2a$10$N.zmdr9k7uOCQb376NoUnuTJ8iAt6Z5EHsM8lE9lBOsl7iKTVKIUi, 13800000020, 1, null, 2026-06-23 06:40:41
<==      Total: 12
Closing non transactional SqlSession [org.apache.ibatis.session.defaults.DefaultSqlSession@73342b41]
Creating a new SqlSession
SqlSession [org.apache.ibatis.session.defaults.DefaultSqlSession@62a0789a] was not registered for synchronization because synchronization is not active
JDBC Connection [HikariProxyConnection@2010567175 wrapping com.mysql.cj.jdbc.ConnectionImpl@3a260b92] will not be managed by Spring
==>  Preparing: SELECT id,username,password,phone,status,avatar,create_time FROM sys_user WHERE id IN ( ? )
==> Parameters: 24(Long)
<==    Columns: id, username, password, phone, status, avatar, create_time
<==        Row: 24, lll, $2a$10$sbWgOWeCZV5MW4u88F8CMuxgJ.Phw6clars6Z.Ch1f9wtSKQBwc5O, 19185999881, 1, /uploads/avatars/avatar_24_1782727101006.png, 2026-06-27 21:53:05
<==      Total: 1
Closing non transactional SqlSession [org.apache.ibatis.session.defaults.DefaultSqlSession@62a0789a]
Creating a new SqlSession
SqlSession [org.apache.ibatis.session.defaults.DefaultSqlSession@4c2dbeb3] was not registered for synchronization because synchronization is not active
JDBC Connection [HikariProxyConnection@1678176393 wrapping com.mysql.cj.jdbc.ConnectionImpl@3a260b92] will not be managed by Spring
==>  Preparing: SELECT id,username,password,phone,status,avatar,create_time FROM sys_user WHERE id IN ( ? , ? )
==> Parameters: 24(Long), 21(Long)
<==    Columns: id, username, password, phone, status, avatar, create_time
<==        Row: 21, macchiato_fan, $2a$10$N.zmdr9k7uOCQb376NoUnuTJ8iAt6Z5EHsM8lE9lBOsl7iKTVKIUi, 13800000018, 1, null, 2026-06-23 06:40:41
<==        Row: 24, lll, $2a$10$sbWgOWeCZV5MW4u88F8CMuxgJ.Phw6clars6Z.Ch1f9wtSKQBwc5O, 19185999881, 1, /uploads/avatars/avatar_24_1782727101006.png, 2026-06-27 21:53:05
<==      Total: 2
Closing non transactional SqlSession [org.apache.ibatis.session.defaults.DefaultSqlSession@4c2dbeb3]
Creating a new SqlSession
SqlSession [org.apache.ibatis.session.defaults.DefaultSqlSession@4400a5e0] was not registered for synchronization because synchronization is not active
JDBC Connection [HikariProxyConnection@178289500 wrapping com.mysql.cj.jdbc.ConnectionImpl@3a260b92] will not be managed by Spring
==>  Preparing: SELECT id,username,password,phone,status,avatar,create_time FROM sys_user WHERE id IN ( ? )
==> Parameters: 24(Long)
<==    Columns: id, username, password, phone, status, avatar, create_time
<==        Row: 24, lll, $2a$10$sbWgOWeCZV5MW4u88F8CMuxgJ.Phw6clars6Z.Ch1f9wtSKQBwc5O, 19185999881, 1, /uploads/avatars/avatar_24_1782727101006.png, 2026-06-27 21:53:05
<==      Total: 1
Closing non transactional SqlSession [org.apache.ibatis.session.defaults.DefaultSqlSession@4400a5e0]
Creating a new SqlSession
SqlSession [org.apache.ibatis.session.defaults.DefaultSqlSession@3ee22973] was not registered for synchronization because synchronization is not active
JDBC Connection [HikariProxyConnection@1734780918 wrapping com.mysql.cj.jdbc.ConnectionImpl@3a260b92] will not be managed by Spring
==>  Preparing: SELECT id,username,password,phone,status,avatar,create_time FROM sys_user WHERE id IN ( ? , ? , ? , ? , ? , ? , ? , ? , ? , ? , ? , ? )
==> Parameters: 1(Long), 17(Long), 18(Long), 19(Long), 20(Long), 22(Long), 23(Long), 7(Long), 11(Long), 12(Long), 13(Long), 14(Long)
<==    Columns: id, username, password, phone, status, avatar, create_time
<==        Row: 1, lx, $2a$10$DY8p4Q7r/lnC2ax327OH/u439shvAv9lH895iyIYyLxfz9cRgKKgW, 19185939281, 1, http://localhost:8080/uploads/avatars/avatar_1_1782735664998.png, 2026-06-21 20:09:20
<==        Row: 7, espresso_queen, $2a$10$N.zmdr9k7uOCQb376NoUnuTJ8iAt6Z5EHsM8lE9lBOsl7iKTVKIUi, 13800000004, 1, null, 2026-06-23 06:40:41
<==        Row: 11, cold_brew_king, $2a$10$N.zmdr9k7uOCQb376NoUnuTJ8iAt6Z5EHsM8lE9lBOsl7iKTVKIUi, 13800000008, 1, null, 2026-06-23 06:40:41
<==        Row: 12, coffee_snob, $2a$10$N.zmdr9k7uOCQb376NoUnuTJ8iAt6Z5EHsM8lE9lBOsl7iKTVKIUi, 13800000009, 1, null, 2026-06-23 06:40:41
<==        Row: 13, matcha_latte, $2a$10$N.zmdr9k7uOCQb376NoUnuTJ8iAt6Z5EHsM8lE9lBOsl7iKTVKIUi, 13800000010, 1, null, 2026-06-23 06:40:41
<==        Row: 14, cafe_hunter, $2a$10$N.zmdr9k7uOCQb376NoUnuTJ8iAt6Z5EHsM8lE9lBOsl7iKTVKIUi, 13800000011, 1, null, 2026-06-23 06:40:41
<==        Row: 17, single_origin, $2a$10$N.zmdr9k7uOCQb376NoUnuTJ8iAt6Z5EHsM8lE9lBOsl7iKTVKIUi, 13800000014, 1, null, 2026-06-23 06:40:41
<==        Row: 18, flat_white_love, $2a$10$N.zmdr9k7uOCQb376NoUnuTJ8iAt6Z5EHsM8lE9lBOsl7iKTVKIUi, 13800000015, 1, null, 2026-06-23 06:40:41
<==        Row: 19, coffee_daily, $2a$10$N.zmdr9k7uOCQb376NoUnuTJ8iAt6Z5EHsM8lE9lBOsl7iKTVKIUi, 13800000016, 1, null, 2026-06-23 06:40:41
<==        Row: 20, bean_hunter, $2a$10$N.zmdr9k7uOCQb376NoUnuTJ8iAt6Z5EHsM8lE9lBOsl7iKTVKIUi, 13800000017, 1, null, 2026-06-23 06:40:41
<==        Row: 22, ristretto_lover, $2a$10$N.zmdr9k7uOCQb376NoUnuTJ8iAt6Z5EHsM8lE9lBOsl7iKTVKIUi, 13800000019, 1, null, 2026-06-23 06:40:41
<==        Row: 23, coffee_taster, $2a$10$N.zmdr9k7uOCQb376NoUnuTJ8iAt6Z5EHsM8lE9lBOsl7iKTVKIUi, 13800000020, 1, null, 2026-06-23 06:40:41
<==      Total: 12
Closing non transactional SqlSession [org.apache.ibatis.session.defaults.DefaultSqlSession@3ee22973]
Creating a new SqlSession
SqlSession [org.apache.ibatis.session.defaults.DefaultSqlSession@43df71b1] was not registered for synchronization because synchronization is not active
JDBC Connection [HikariProxyConnection@169350676 wrapping com.mysql.cj.jdbc.ConnectionImpl@3a260b92] will not be managed by Spring
==>  Preparing: SELECT id,username,password,phone,status,avatar,create_time FROM sys_user WHERE id IN ( ? , ? , ? , ? , ? , ? , ? , ? , ? )
==> Parameters: 16(Long), 1(Long), 17(Long), 18(Long), 19(Long), 20(Long), 21(Long), 22(Long), 23(Long)
<==    Columns: id, username, password, phone, status, avatar, create_time
<==        Row: 1, lx, $2a$10$DY8p4Q7r/lnC2ax327OH/u439shvAv9lH895iyIYyLxfz9cRgKKgW, 19185939281, 1, http://localhost:8080/uploads/avatars/avatar_1_1782735664998.png, 2026-06-21 20:09:20
<==        Row: 16, cappuccino_boy, $2a$10$N.zmdr9k7uOCQb376NoUnuTJ8iAt6Z5EHsM8lE9lBOsl7iKTVKIUi, 13800000013, 1, null, 2026-06-23 06:40:41
<==        Row: 17, single_origin, $2a$10$N.zmdr9k7uOCQb376NoUnuTJ8iAt6Z5EHsM8lE9lBOsl7iKTVKIUi, 13800000014, 1, null, 2026-06-23 06:40:41
<==        Row: 18, flat_white_love, $2a$10$N.zmdr9k7uOCQb376NoUnuTJ8iAt6Z5EHsM8lE9lBOsl7iKTVKIUi, 13800000015, 1, null, 2026-06-23 06:40:41
<==        Row: 19, coffee_daily, $2a$10$N.zmdr9k7uOCQb376NoUnuTJ8iAt6Z5EHsM8lE9lBOsl7iKTVKIUi, 13800000016, 1, null, 2026-06-23 06:40:41
<==        Row: 20, bean_hunter, $2a$10$N.zmdr9k7uOCQb376NoUnuTJ8iAt6Z5EHsM8lE9lBOsl7iKTVKIUi, 13800000017, 1, null, 2026-06-23 06:40:41
<==        Row: 21, macchiato_fan, $2a$10$N.zmdr9k7uOCQb376NoUnuTJ8iAt6Z5EHsM8lE9lBOsl7iKTVKIUi, 13800000018, 1, null, 2026-06-23 06:40:41
<==        Row: 22, ristretto_lover, $2a$10$N.zmdr9k7uOCQb376NoUnuTJ8iAt6Z5EHsM8lE9lBOsl7iKTVKIUi, 13800000019, 1, null, 2026-06-23 06:40:41
<==        Row: 23, coffee_taster, $2a$10$N.zmdr9k7uOCQb376NoUnuTJ8iAt6Z5EHsM8lE9lBOsl7iKTVKIUi, 13800000020, 1, null, 2026-06-23 06:40:41
<==      Total: 9
Closing non transactional SqlSession [org.apache.ibatis.session.defaults.DefaultSqlSession@43df71b1]
Creating a new SqlSession
SqlSession [org.apache.ibatis.session.defaults.DefaultSqlSession@74472ec4] was not registered for synchronization because synchronization is not active
JDBC Connection [HikariProxyConnection@1430183641 wrapping com.mysql.cj.jdbc.ConnectionImpl@3a260b92] will not be managed by Spring
==>  Preparing: SELECT id,username,password,phone,status,avatar,create_time FROM sys_user WHERE id IN ( ? )
==> Parameters: 5(Long)
<==    Columns: id, username, password, phone, status, avatar, create_time
<==        Row: 5, barista_wang, $2a$10$N.zmdr9k7uOCQb376NoUnuTJ8iAt6Z5EHsM8lE9lBOsl7iKTVKIUi, 13800000002, 1, null, 2026-06-23 06:40:41
<==      Total: 1
Closing non transactional SqlSession [org.apache.ibatis.session.defaults.DefaultSqlSession@74472ec4]
Creating a new SqlSession
SqlSession [org.apache.ibatis.session.defaults.DefaultSqlSession@33152aa6] was not registered for synchronization because synchronization is not active
JDBC Connection [HikariProxyConnection@337057077 wrapping com.mysql.cj.jdbc.ConnectionImpl@3a260b92] will not be managed by Spring
==>  Preparing: SELECT id,username,password,phone,status,avatar,create_time FROM sys_user WHERE id IN ( ? , ? , ? , ? , ? , ? , ? , ? , ? , ? , ? , ? )
==> Parameters: 1(Long), 17(Long), 18(Long), 19(Long), 20(Long), 22(Long), 23(Long), 7(Long), 11(Long), 12(Long), 13(Long), 14(Long)
<==    Columns: id, username, password, phone, status, avatar, create_time
<==        Row: 1, lx, $2a$10$DY8p4Q7r/lnC2ax327OH/u439shvAv9lH895iyIYyLxfz9cRgKKgW, 19185939281, 1, http://localhost:8080/uploads/avatars/avatar_1_1782735664998.png, 2026-06-21 20:09:20
<==        Row: 7, espresso_queen, $2a$10$N.zmdr9k7uOCQb376NoUnuTJ8iAt6Z5EHsM8lE9lBOsl7iKTVKIUi, 13800000004, 1, null, 2026-06-23 06:40:41
<==        Row: 11, cold_brew_king, $2a$10$N.zmdr9k7uOCQb376NoUnuTJ8iAt6Z5EHsM8lE9lBOsl7iKTVKIUi, 13800000008, 1, null, 2026-06-23 06:40:41
<==        Row: 12, coffee_snob, $2a$10$N.zmdr9k7uOCQb376NoUnuTJ8iAt6Z5EHsM8lE9lBOsl7iKTVKIUi, 13800000009, 1, null, 2026-06-23 06:40:41
<==        Row: 13, matcha_latte, $2a$10$N.zmdr9k7uOCQb376NoUnuTJ8iAt6Z5EHsM8lE9lBOsl7iKTVKIUi, 13800000010, 1, null, 2026-06-23 06:40:41
<==        Row: 14, cafe_hunter, $2a$10$N.zmdr9k7uOCQb376NoUnuTJ8iAt6Z5EHsM8lE9lBOsl7iKTVKIUi, 13800000011, 1, null, 2026-06-23 06:40:41
<==        Row: 17, single_origin, $2a$10$N.zmdr9k7uOCQb376NoUnuTJ8iAt6Z5EHsM8lE9lBOsl7iKTVKIUi, 13800000014, 1, null, 2026-06-23 06:40:41
<==        Row: 18, flat_white_love, $2a$10$N.zmdr9k7uOCQb376NoUnuTJ8iAt6Z5EHsM8lE9lBOsl7iKTVKIUi, 13800000015, 1, null, 2026-06-23 06:40:41
<==        Row: 19, coffee_daily, $2a$10$N.zmdr9k7uOCQb376NoUnuTJ8iAt6Z5EHsM8lE9lBOsl7iKTVKIUi, 13800000016, 1, null, 2026-06-23 06:40:41
<==        Row: 20, bean_hunter, $2a$10$N.zmdr9k7uOCQb376NoUnuTJ8iAt6Z5EHsM8lE9lBOsl7iKTVKIUi, 13800000017, 1, null, 2026-06-23 06:40:41
<==        Row: 22, ristretto_lover, $2a$10$N.zmdr9k7uOCQb376NoUnuTJ8iAt6Z5EHsM8lE9lBOsl7iKTVKIUi, 13800000019, 1, null, 2026-06-23 06:40:41
<==        Row: 23, coffee_taster, $2a$10$N.zmdr9k7uOCQb376NoUnuTJ8iAt6Z5EHsM8lE9lBOsl7iKTVKIUi, 13800000020, 1, null, 2026-06-23 06:40:41
<==      Total: 12
Closing non transactional SqlSession [org.apache.ibatis.session.defaults.DefaultSqlSession@33152aa6]
Creating a new SqlSession
SqlSession [org.apache.ibatis.session.defaults.DefaultSqlSession@344511d5] was not registered for synchronization because synchronization is not active
JDBC Connection [HikariProxyConnection@465768351 wrapping com.mysql.cj.jdbc.ConnectionImpl@3a260b92] will not be managed by Spring
==>  Preparing: SELECT id,username,password,phone,status,avatar,create_time FROM sys_user WHERE id IN ( ? , ? , ? , ? , ? , ? , ? , ? , ? , ? , ? , ? )
==> Parameters: 1(Long), 17(Long), 18(Long), 19(Long), 20(Long), 22(Long), 23(Long), 7(Long), 11(Long), 12(Long), 13(Long), 14(Long)
<==    Columns: id, username, password, phone, status, avatar, create_time
<==        Row: 1, lx, $2a$10$DY8p4Q7r/lnC2ax327OH/u439shvAv9lH895iyIYyLxfz9cRgKKgW, 19185939281, 1, http://localhost:8080/uploads/avatars/avatar_1_1782735664998.png, 2026-06-21 20:09:20
<==        Row: 7, espresso_queen, $2a$10$N.zmdr9k7uOCQb376NoUnuTJ8iAt6Z5EHsM8lE9lBOsl7iKTVKIUi, 13800000004, 1, null, 2026-06-23 06:40:41
<==        Row: 11, cold_brew_king, $2a$10$N.zmdr9k7uOCQb376NoUnuTJ8iAt6Z5EHsM8lE9lBOsl7iKTVKIUi, 13800000008, 1, null, 2026-06-23 06:40:41
<==        Row: 12, coffee_snob, $2a$10$N.zmdr9k7uOCQb376NoUnuTJ8iAt6Z5EHsM8lE9lBOsl7iKTVKIUi, 13800000009, 1, null, 2026-06-23 06:40:41
<==        Row: 13, matcha_latte, $2a$10$N.zmdr9k7uOCQb376NoUnuTJ8iAt6Z5EHsM8lE9lBOsl7iKTVKIUi, 13800000010, 1, null, 2026-06-23 06:40:41
<==        Row: 14, cafe_hunter, $2a$10$N.zmdr9k7uOCQb376NoUnuTJ8iAt6Z5EHsM8lE9lBOsl7iKTVKIUi, 13800000011, 1, null, 2026-06-23 06:40:41
<==        Row: 17, single_origin, $2a$10$N.zmdr9k7uOCQb376NoUnuTJ8iAt6Z5EHsM8lE9lBOsl7iKTVKIUi, 13800000014, 1, null, 2026-06-23 06:40:41
<==        Row: 18, flat_white_love, $2a$10$N.zmdr9k7uOCQb376NoUnuTJ8iAt6Z5EHsM8lE9lBOsl7iKTVKIUi, 13800000015, 1, null, 2026-06-23 06:40:41
<==        Row: 19, coffee_daily, $2a$10$N.zmdr9k7uOCQb376NoUnuTJ8iAt6Z5EHsM8lE9lBOsl7iKTVKIUi, 13800000016, 1, null, 2026-06-23 06:40:41
<==        Row: 20, bean_hunter, $2a$10$N.zmdr9k7uOCQb376NoUnuTJ8iAt6Z5EHsM8lE9lBOsl7iKTVKIUi, 13800000017, 1, null, 2026-06-23 06:40:41
<==        Row: 22, ristretto_lover, $2a$10$N.zmdr9k7uOCQb376NoUnuTJ8iAt6Z5EHsM8lE9lBOsl7iKTVKIUi, 13800000019, 1, null, 2026-06-23 06:40:41
<==        Row: 23, coffee_taster, $2a$10$N.zmdr9k7uOCQb376NoUnuTJ8iAt6Z5EHsM8lE9lBOsl7iKTVKIUi, 13800000020, 1, null, 2026-06-23 06:40:41
<==      Total: 12
Closing non transactional SqlSession [org.apache.ibatis.session.defaults.DefaultSqlSession@344511d5]
Creating a new SqlSession
SqlSession [org.apache.ibatis.session.defaults.DefaultSqlSession@44db21de] was not registered for synchronization because synchronization is not active
JDBC Connection [HikariProxyConnection@161941135 wrapping com.mysql.cj.jdbc.ConnectionImpl@2a4cc974] will not be managed by Spring
==>  Preparing: SELECT id,username,password,phone,status,avatar,create_time FROM sys_user WHERE id IN ( ? )
==> Parameters: 24(Long)
<==    Columns: id, username, password, phone, status, avatar, create_time
<==        Row: 24, lll, $2a$10$sbWgOWeCZV5MW4u88F8CMuxgJ.Phw6clars6Z.Ch1f9wtSKQBwc5O, 19185999881, 1, /uploads/avatars/avatar_24_1782727101006.png, 2026-06-27 21:53:05
<==      Total: 1
Closing non transactional SqlSession [org.apache.ibatis.session.defaults.DefaultSqlSession@44db21de]
Creating a new SqlSession
SqlSession [org.apache.ibatis.session.defaults.DefaultSqlSession@14abae0e] was not registered for synchronization because synchronization is not active
JDBC Connection [HikariProxyConnection@1430595294 wrapping com.mysql.cj.jdbc.ConnectionImpl@2a4cc974] will not be managed by Spring
==>  Preparing: SELECT id,username,password,phone,status,avatar,create_time FROM sys_user WHERE id IN ( ? , ? , ? , ? , ? , ? , ? , ? , ? , ? , ? , ? )
==> Parameters: 1(Long), 17(Long), 18(Long), 19(Long), 20(Long), 22(Long), 23(Long), 7(Long), 11(Long), 12(Long), 13(Long), 14(Long)
<==    Columns: id, username, password, phone, status, avatar, create_time
<==        Row: 1, lx, $2a$10$DY8p4Q7r/lnC2ax327OH/u439shvAv9lH895iyIYyLxfz9cRgKKgW, 19185939281, 1, http://localhost:8080/uploads/avatars/avatar_1_1782735664998.png, 2026-06-21 20:09:20
<==        Row: 7, espresso_queen, $2a$10$N.zmdr9k7uOCQb376NoUnuTJ8iAt6Z5EHsM8lE9lBOsl7iKTVKIUi, 13800000004, 1, null, 2026-06-23 06:40:41
<==        Row: 11, cold_brew_king, $2a$10$N.zmdr9k7uOCQb376NoUnuTJ8iAt6Z5EHsM8lE9lBOsl7iKTVKIUi, 13800000008, 1, null, 2026-06-23 06:40:41
<==        Row: 12, coffee_snob, $2a$10$N.zmdr9k7uOCQb376NoUnuTJ8iAt6Z5EHsM8lE9lBOsl7iKTVKIUi, 13800000009, 1, null, 2026-06-23 06:40:41
<==        Row: 13, matcha_latte, $2a$10$N.zmdr9k7uOCQb376NoUnuTJ8iAt6Z5EHsM8lE9lBOsl7iKTVKIUi, 13800000010, 1, null, 2026-06-23 06:40:41
<==        Row: 14, cafe_hunter, $2a$10$N.zmdr9k7uOCQb376NoUnuTJ8iAt6Z5EHsM8lE9lBOsl7iKTVKIUi, 13800000011, 1, null, 2026-06-23 06:40:41
<==        Row: 17, single_origin, $2a$10$N.zmdr9k7uOCQb376NoUnuTJ8iAt6Z5EHsM8lE9lBOsl7iKTVKIUi, 13800000014, 1, null, 2026-06-23 06:40:41
<==        Row: 18, flat_white_love, $2a$10$N.zmdr9k7uOCQb376NoUnuTJ8iAt6Z5EHsM8lE9lBOsl7iKTVKIUi, 13800000015, 1, null, 2026-06-23 06:40:41
<==        Row: 19, coffee_daily, $2a$10$N.zmdr9k7uOCQb376NoUnuTJ8iAt6Z5EHsM8lE9lBOsl7iKTVKIUi, 13800000016, 1, null, 2026-06-23 06:40:41
<==        Row: 20, bean_hunter, $2a$10$N.zmdr9k7uOCQb376NoUnuTJ8iAt6Z5EHsM8lE9lBOsl7iKTVKIUi, 13800000017, 1, null, 2026-06-23 06:40:41
<==        Row: 22, ristretto_lover, $2a$10$N.zmdr9k7uOCQb376NoUnuTJ8iAt6Z5EHsM8lE9lBOsl7iKTVKIUi, 13800000019, 1, null, 2026-06-23 06:40:41
<==        Row: 23, coffee_taster, $2a$10$N.zmdr9k7uOCQb376NoUnuTJ8iAt6Z5EHsM8lE9lBOsl7iKTVKIUi, 13800000020, 1, null, 2026-06-23 06:40:41
<==      Total: 12
Closing non transactional SqlSession [org.apache.ibatis.session.defaults.DefaultSqlSession@14abae0e]
Creating a new SqlSession
SqlSession [org.apache.ibatis.session.defaults.DefaultSqlSession@12dba2ce] was not registered for synchronization because synchronization is not active
JDBC Connection [HikariProxyConnection@1438606177 wrapping com.mysql.cj.jdbc.ConnectionImpl@2a4cc974] will not be managed by Spring
==>  Preparing: SELECT id,username,password,phone,status,avatar,create_time FROM sys_user WHERE id=?
==> Parameters: 1(Long)
<==    Columns: id, username, password, phone, status, avatar, create_time
<==        Row: 1, lx, $2a$10$DY8p4Q7r/lnC2ax327OH/u439shvAv9lH895iyIYyLxfz9cRgKKgW, 19185939281, 1, http://localhost:8080/uploads/avatars/avatar_1_1782735664998.png, 2026-06-21 20:09:20
<==      Total: 1
Closing non transactional SqlSession [org.apache.ibatis.session.defaults.DefaultSqlSession@12dba2ce]
Creating a new SqlSession
SqlSession [org.apache.ibatis.session.defaults.DefaultSqlSession@7c1e5f5b] was not registered for synchronization because synchronization is not active
JDBC Connection [HikariProxyConnection@2044940633 wrapping com.mysql.cj.jdbc.ConnectionImpl@2a4cc974] will not be managed by Spring
==>  Preparing: SELECT id,username,password,phone,status,avatar,create_time FROM sys_user WHERE id IN ( ? )
==> Parameters: 1(Long)
<==    Columns: id, username, password, phone, status, avatar, create_time
<==        Row: 1, lx, $2a$10$DY8p4Q7r/lnC2ax327OH/u439shvAv9lH895iyIYyLxfz9cRgKKgW, 19185939281, 1, http://localhost:8080/uploads/avatars/avatar_1_1782735664998.png, 2026-06-21 20:09:20
<==      Total: 1
Closing non transactional SqlSession [org.apache.ibatis.session.defaults.DefaultSqlSession@7c1e5f5b]
Creating a new SqlSession
SqlSession [org.apache.ibatis.session.defaults.DefaultSqlSession@728cc41e] was not registered for synchronization because synchronization is not active
JDBC Connection [HikariProxyConnection@327747197 wrapping com.mysql.cj.jdbc.ConnectionImpl@2a4cc974] will not be managed by Spring
==>  Preparing: SELECT id,username,password,phone,status,avatar,create_time FROM sys_user WHERE id IN ( ? , ? , ? , ? , ? , ? , ? , ? , ? , ? , ? , ? )
==> Parameters: 1(Long), 17(Long), 18(Long), 19(Long), 20(Long), 22(Long), 23(Long), 7(Long), 11(Long), 12(Long), 13(Long), 14(Long)
<==    Columns: id, username, password, phone, status, avatar, create_time
<==        Row: 1, lx, $2a$10$DY8p4Q7r/lnC2ax327OH/u439shvAv9lH895iyIYyLxfz9cRgKKgW, 19185939281, 1, http://localhost:8080/uploads/avatars/avatar_1_1782735664998.png, 2026-06-21 20:09:20
<==        Row: 7, espresso_queen, $2a$10$N.zmdr9k7uOCQb376NoUnuTJ8iAt6Z5EHsM8lE9lBOsl7iKTVKIUi, 13800000004, 1, null, 2026-06-23 06:40:41
<==        Row: 11, cold_brew_king, $2a$10$N.zmdr9k7uOCQb376NoUnuTJ8iAt6Z5EHsM8lE9lBOsl7iKTVKIUi, 13800000008, 1, null, 2026-06-23 06:40:41
<==        Row: 12, coffee_snob, $2a$10$N.zmdr9k7uOCQb376NoUnuTJ8iAt6Z5EHsM8lE9lBOsl7iKTVKIUi, 13800000009, 1, null, 2026-06-23 06:40:41
<==        Row: 13, matcha_latte, $2a$10$N.zmdr9k7uOCQb376NoUnuTJ8iAt6Z5EHsM8lE9lBOsl7iKTVKIUi, 13800000010, 1, null, 2026-06-23 06:40:41
<==        Row: 14, cafe_hunter, $2a$10$N.zmdr9k7uOCQb376NoUnuTJ8iAt6Z5EHsM8lE9lBOsl7iKTVKIUi, 13800000011, 1, null, 2026-06-23 06:40:41
<==        Row: 17, single_origin, $2a$10$N.zmdr9k7uOCQb376NoUnuTJ8iAt6Z5EHsM8lE9lBOsl7iKTVKIUi, 13800000014, 1, null, 2026-06-23 06:40:41
<==        Row: 18, flat_white_love, $2a$10$N.zmdr9k7uOCQb376NoUnuTJ8iAt6Z5EHsM8lE9lBOsl7iKTVKIUi, 13800000015, 1, null, 2026-06-23 06:40:41
<==        Row: 19, coffee_daily, $2a$10$N.zmdr9k7uOCQb376NoUnuTJ8iAt6Z5EHsM8lE9lBOsl7iKTVKIUi, 13800000016, 1, null, 2026-06-23 06:40:41
<==        Row: 20, bean_hunter, $2a$10$N.zmdr9k7uOCQb376NoUnuTJ8iAt6Z5EHsM8lE9lBOsl7iKTVKIUi, 13800000017, 1, null, 2026-06-23 06:40:41
<==        Row: 22, ristretto_lover, $2a$10$N.zmdr9k7uOCQb376NoUnuTJ8iAt6Z5EHsM8lE9lBOsl7iKTVKIUi, 13800000019, 1, null, 2026-06-23 06:40:41
<==        Row: 23, coffee_taster, $2a$10$N.zmdr9k7uOCQb376NoUnuTJ8iAt6Z5EHsM8lE9lBOsl7iKTVKIUi, 13800000020, 1, null, 2026-06-23 06:40:41
<==      Total: 12
Closing non transactional SqlSession [org.apache.ibatis.session.defaults.DefaultSqlSession@728cc41e]
Creating a new SqlSession
SqlSession [org.apache.ibatis.session.defaults.DefaultSqlSession@ff3233a] was not registered for synchronization because synchronization is not active
JDBC Connection [HikariProxyConnection@1573875622 wrapping com.mysql.cj.jdbc.ConnectionImpl@2a4cc974] will not be managed by Spring
==>  Preparing: SELECT id,username,password,phone,status,avatar,create_time FROM sys_user WHERE id IN ( ? , ? , ? , ? , ? , ? , ? , ? , ? , ? , ? , ? )
==> Parameters: 1(Long), 17(Long), 18(Long), 19(Long), 20(Long), 22(Long), 23(Long), 7(Long), 11(Long), 12(Long), 13(Long), 14(Long)
<==    Columns: id, username, password, phone, status, avatar, create_time
<==        Row: 1, lx, $2a$10$DY8p4Q7r/lnC2ax327OH/u439shvAv9lH895iyIYyLxfz9cRgKKgW, 19185939281, 1, http://localhost:8080/uploads/avatars/avatar_1_1782735664998.png, 2026-06-21 20:09:20
<==        Row: 7, espresso_queen, $2a$10$N.zmdr9k7uOCQb376NoUnuTJ8iAt6Z5EHsM8lE9lBOsl7iKTVKIUi, 13800000004, 1, null, 2026-06-23 06:40:41
<==        Row: 11, cold_brew_king, $2a$10$N.zmdr9k7uOCQb376NoUnuTJ8iAt6Z5EHsM8lE9lBOsl7iKTVKIUi, 13800000008, 1, null, 2026-06-23 06:40:41
<==        Row: 12, coffee_snob, $2a$10$N.zmdr9k7uOCQb376NoUnuTJ8iAt6Z5EHsM8lE9lBOsl7iKTVKIUi, 13800000009, 1, null, 2026-06-23 06:40:41
<==        Row: 13, matcha_latte, $2a$10$N.zmdr9k7uOCQb376NoUnuTJ8iAt6Z5EHsM8lE9lBOsl7iKTVKIUi, 13800000010, 1, null, 2026-06-23 06:40:41
<==        Row: 14, cafe_hunter, $2a$10$N.zmdr9k7uOCQb376NoUnuTJ8iAt6Z5EHsM8lE9lBOsl7iKTVKIUi, 13800000011, 1, null, 2026-06-23 06:40:41
<==        Row: 17, single_origin, $2a$10$N.zmdr9k7uOCQb376NoUnuTJ8iAt6Z5EHsM8lE9lBOsl7iKTVKIUi, 13800000014, 1, null, 2026-06-23 06:40:41
<==        Row: 18, flat_white_love, $2a$10$N.zmdr9k7uOCQb376NoUnuTJ8iAt6Z5EHsM8lE9lBOsl7iKTVKIUi, 13800000015, 1, null, 2026-06-23 06:40:41
<==        Row: 19, coffee_daily, $2a$10$N.zmdr9k7uOCQb376NoUnuTJ8iAt6Z5EHsM8lE9lBOsl7iKTVKIUi, 13800000016, 1, null, 2026-06-23 06:40:41
<==        Row: 20, bean_hunter, $2a$10$N.zmdr9k7uOCQb376NoUnuTJ8iAt6Z5EHsM8lE9lBOsl7iKTVKIUi, 13800000017, 1, null, 2026-06-23 06:40:41
<==        Row: 22, ristretto_lover, $2a$10$N.zmdr9k7uOCQb376NoUnuTJ8iAt6Z5EHsM8lE9lBOsl7iKTVKIUi, 13800000019, 1, null, 2026-06-23 06:40:41
<==        Row: 23, coffee_taster, $2a$10$N.zmdr9k7uOCQb376NoUnuTJ8iAt6Z5EHsM8lE9lBOsl7iKTVKIUi, 13800000020, 1, null, 2026-06-23 06:40:41
<==      Total: 12
Closing non transactional SqlSession [org.apache.ibatis.session.defaults.DefaultSqlSession@ff3233a]
Creating a new SqlSession
SqlSession [org.apache.ibatis.session.defaults.DefaultSqlSession@4de3d298] was not registered for synchronization because synchronization is not active
JDBC Connection [HikariProxyConnection@1499153166 wrapping com.mysql.cj.jdbc.ConnectionImpl@2a4cc974] will not be managed by Spring
==>  Preparing: SELECT id,username,password,phone,status,avatar,create_time FROM sys_user WHERE id IN ( ? , ? , ? , ? , ? , ? , ? , ? , ? , ? , ? , ? )
==> Parameters: 1(Long), 17(Long), 18(Long), 19(Long), 20(Long), 22(Long), 23(Long), 7(Long), 11(Long), 12(Long), 13(Long), 14(Long)
<==    Columns: id, username, password, phone, status, avatar, create_time
<==        Row: 1, lx, $2a$10$DY8p4Q7r/lnC2ax327OH/u439shvAv9lH895iyIYyLxfz9cRgKKgW, 19185939281, 1, http://localhost:8080/uploads/avatars/avatar_1_1782735664998.png, 2026-06-21 20:09:20
<==        Row: 7, espresso_queen, $2a$10$N.zmdr9k7uOCQb376NoUnuTJ8iAt6Z5EHsM8lE9lBOsl7iKTVKIUi, 13800000004, 1, null, 2026-06-23 06:40:41
<==        Row: 11, cold_brew_king, $2a$10$N.zmdr9k7uOCQb376NoUnuTJ8iAt6Z5EHsM8lE9lBOsl7iKTVKIUi, 13800000008, 1, null, 2026-06-23 06:40:41
<==        Row: 12, coffee_snob, $2a$10$N.zmdr9k7uOCQb376NoUnuTJ8iAt6Z5EHsM8lE9lBOsl7iKTVKIUi, 13800000009, 1, null, 2026-06-23 06:40:41
<==        Row: 13, matcha_latte, $2a$10$N.zmdr9k7uOCQb376NoUnuTJ8iAt6Z5EHsM8lE9lBOsl7iKTVKIUi, 13800000010, 1, null, 2026-06-23 06:40:41
<==        Row: 14, cafe_hunter, $2a$10$N.zmdr9k7uOCQb376NoUnuTJ8iAt6Z5EHsM8lE9lBOsl7iKTVKIUi, 13800000011, 1, null, 2026-06-23 06:40:41
<==        Row: 17, single_origin, $2a$10$N.zmdr9k7uOCQb376NoUnuTJ8iAt6Z5EHsM8lE9lBOsl7iKTVKIUi, 13800000014, 1, null, 2026-06-23 06:40:41
<==        Row: 18, flat_white_love, $2a$10$N.zmdr9k7uOCQb376NoUnuTJ8iAt6Z5EHsM8lE9lBOsl7iKTVKIUi, 13800000015, 1, null, 2026-06-23 06:40:41
<==        Row: 19, coffee_daily, $2a$10$N.zmdr9k7uOCQb376NoUnuTJ8iAt6Z5EHsM8lE9lBOsl7iKTVKIUi, 13800000016, 1, null, 2026-06-23 06:40:41
<==        Row: 20, bean_hunter, $2a$10$N.zmdr9k7uOCQb376NoUnuTJ8iAt6Z5EHsM8lE9lBOsl7iKTVKIUi, 13800000017, 1, null, 2026-06-23 06:40:41
<==        Row: 22, ristretto_lover, $2a$10$N.zmdr9k7uOCQb376NoUnuTJ8iAt6Z5EHsM8lE9lBOsl7iKTVKIUi, 13800000019, 1, null, 2026-06-23 06:40:41
<==        Row: 23, coffee_taster, $2a$10$N.zmdr9k7uOCQb376NoUnuTJ8iAt6Z5EHsM8lE9lBOsl7iKTVKIUi, 13800000020, 1, null, 2026-06-23 06:40:41
<==      Total: 12
Closing non transactional SqlSession [org.apache.ibatis.session.defaults.DefaultSqlSession@4de3d298]
Creating a new SqlSession
SqlSession [org.apache.ibatis.session.defaults.DefaultSqlSession@6051bacb] was not registered for synchronization because synchronization is not active
JDBC Connection [HikariProxyConnection@802404829 wrapping com.mysql.cj.jdbc.ConnectionImpl@2a4cc974] will not be managed by Spring
==>  Preparing: SELECT id,username,password,phone,status,avatar,create_time FROM sys_user WHERE id IN ( ? , ? , ? , ? , ? , ? , ? , ? , ? , ? , ? , ? )
==> Parameters: 1(Long), 17(Long), 18(Long), 19(Long), 20(Long), 22(Long), 23(Long), 7(Long), 11(Long), 12(Long), 13(Long), 14(Long)
<==    Columns: id, username, password, phone, status, avatar, create_time
<==        Row: 1, lx, $2a$10$DY8p4Q7r/lnC2ax327OH/u439shvAv9lH895iyIYyLxfz9cRgKKgW, 19185939281, 1, http://localhost:8080/uploads/avatars/avatar_1_1782735664998.png, 2026-06-21 20:09:20
<==        Row: 7, espresso_queen, $2a$10$N.zmdr9k7uOCQb376NoUnuTJ8iAt6Z5EHsM8lE9lBOsl7iKTVKIUi, 13800000004, 1, null, 2026-06-23 06:40:41
<==        Row: 11, cold_brew_king, $2a$10$N.zmdr9k7uOCQb376NoUnuTJ8iAt6Z5EHsM8lE9lBOsl7iKTVKIUi, 13800000008, 1, null, 2026-06-23 06:40:41
<==        Row: 12, coffee_snob, $2a$10$N.zmdr9k7uOCQb376NoUnuTJ8iAt6Z5EHsM8lE9lBOsl7iKTVKIUi, 13800000009, 1, null, 2026-06-23 06:40:41
<==        Row: 13, matcha_latte, $2a$10$N.zmdr9k7uOCQb376NoUnuTJ8iAt6Z5EHsM8lE9lBOsl7iKTVKIUi, 13800000010, 1, null, 2026-06-23 06:40:41
<==        Row: 14, cafe_hunter, $2a$10$N.zmdr9k7uOCQb376NoUnuTJ8iAt6Z5EHsM8lE9lBOsl7iKTVKIUi, 13800000011, 1, null, 2026-06-23 06:40:41
<==        Row: 17, single_origin, $2a$10$N.zmdr9k7uOCQb376NoUnuTJ8iAt6Z5EHsM8lE9lBOsl7iKTVKIUi, 13800000014, 1, null, 2026-06-23 06:40:41
<==        Row: 18, flat_white_love, $2a$10$N.zmdr9k7uOCQb376NoUnuTJ8iAt6Z5EHsM8lE9lBOsl7iKTVKIUi, 13800000015, 1, null, 2026-06-23 06:40:41
<==        Row: 19, coffee_daily, $2a$10$N.zmdr9k7uOCQb376NoUnuTJ8iAt6Z5EHsM8lE9lBOsl7iKTVKIUi, 13800000016, 1, null, 2026-06-23 06:40:41
<==        Row: 20, bean_hunter, $2a$10$N.zmdr9k7uOCQb376NoUnuTJ8iAt6Z5EHsM8lE9lBOsl7iKTVKIUi, 13800000017, 1, null, 2026-06-23 06:40:41
<==        Row: 22, ristretto_lover, $2a$10$N.zmdr9k7uOCQb376NoUnuTJ8iAt6Z5EHsM8lE9lBOsl7iKTVKIUi, 13800000019, 1, null, 2026-06-23 06:40:41
<==        Row: 23, coffee_taster, $2a$10$N.zmdr9k7uOCQb376NoUnuTJ8iAt6Z5EHsM8lE9lBOsl7iKTVKIUi, 13800000020, 1, null, 2026-06-23 06:40:41
<==      Total: 12
Closing non transactional SqlSession [org.apache.ibatis.session.defaults.DefaultSqlSession@6051bacb]
Creating a new SqlSession
SqlSession [org.apache.ibatis.session.defaults.DefaultSqlSession@617d5e43] was not registered for synchronization because synchronization is not active
JDBC Connection [HikariProxyConnection@1494743332 wrapping com.mysql.cj.jdbc.ConnectionImpl@2a4cc974] will not be managed by Spring
==>  Preparing: SELECT id,username,password,phone,status,avatar,create_time FROM sys_user WHERE id IN ( ? , ? , ? , ? , ? , ? , ? , ? , ? , ? , ? , ? )
==> Parameters: 1(Long), 17(Long), 18(Long), 19(Long), 20(Long), 22(Long), 23(Long), 7(Long), 11(Long), 12(Long), 13(Long), 14(Long)
<==    Columns: id, username, password, phone, status, avatar, create_time
<==        Row: 1, lx, $2a$10$DY8p4Q7r/lnC2ax327OH/u439shvAv9lH895iyIYyLxfz9cRgKKgW, 19185939281, 1, http://localhost:8080/uploads/avatars/avatar_1_1782735664998.png, 2026-06-21 20:09:20
<==        Row: 7, espresso_queen, $2a$10$N.zmdr9k7uOCQb376NoUnuTJ8iAt6Z5EHsM8lE9lBOsl7iKTVKIUi, 13800000004, 1, null, 2026-06-23 06:40:41
<==        Row: 11, cold_brew_king, $2a$10$N.zmdr9k7uOCQb376NoUnuTJ8iAt6Z5EHsM8lE9lBOsl7iKTVKIUi, 13800000008, 1, null, 2026-06-23 06:40:41
<==        Row: 12, coffee_snob, $2a$10$N.zmdr9k7uOCQb376NoUnuTJ8iAt6Z5EHsM8lE9lBOsl7iKTVKIUi, 13800000009, 1, null, 2026-06-23 06:40:41
<==        Row: 13, matcha_latte, $2a$10$N.zmdr9k7uOCQb376NoUnuTJ8iAt6Z5EHsM8lE9lBOsl7iKTVKIUi, 13800000010, 1, null, 2026-06-23 06:40:41
<==        Row: 14, cafe_hunter, $2a$10$N.zmdr9k7uOCQb376NoUnuTJ8iAt6Z5EHsM8lE9lBOsl7iKTVKIUi, 13800000011, 1, null, 2026-06-23 06:40:41
<==        Row: 17, single_origin, $2a$10$N.zmdr9k7uOCQb376NoUnuTJ8iAt6Z5EHsM8lE9lBOsl7iKTVKIUi, 13800000014, 1, null, 2026-06-23 06:40:41
<==        Row: 18, flat_white_love, $2a$10$N.zmdr9k7uOCQb376NoUnuTJ8iAt6Z5EHsM8lE9lBOsl7iKTVKIUi, 13800000015, 1, null, 2026-06-23 06:40:41
<==        Row: 19, coffee_daily, $2a$10$N.zmdr9k7uOCQb376NoUnuTJ8iAt6Z5EHsM8lE9lBOsl7iKTVKIUi, 13800000016, 1, null, 2026-06-23 06:40:41
<==        Row: 20, bean_hunter, $2a$10$N.zmdr9k7uOCQb376NoUnuTJ8iAt6Z5EHsM8lE9lBOsl7iKTVKIUi, 13800000017, 1, null, 2026-06-23 06:40:41
<==        Row: 22, ristretto_lover, $2a$10$N.zmdr9k7uOCQb376NoUnuTJ8iAt6Z5EHsM8lE9lBOsl7iKTVKIUi, 13800000019, 1, null, 2026-06-23 06:40:41
<==        Row: 23, coffee_taster, $2a$10$N.zmdr9k7uOCQb376NoUnuTJ8iAt6Z5EHsM8lE9lBOsl7iKTVKIUi, 13800000020, 1, null, 2026-06-23 06:40:41
<==      Total: 12
Closing non transactional SqlSession [org.apache.ibatis.session.defaults.DefaultSqlSession@617d5e43]
Creating a new SqlSession
SqlSession [org.apache.ibatis.session.defaults.DefaultSqlSession@4e60498e] was not registered for synchronization because synchronization is not active
JDBC Connection [HikariProxyConnection@2135076275 wrapping com.mysql.cj.jdbc.ConnectionImpl@2a4cc974] will not be managed by Spring
==>  Preparing: SELECT id,username,password,phone,status,avatar,create_time FROM sys_user WHERE id IN ( ? , ? , ? , ? , ? , ? , ? , ? , ? , ? , ? , ? )
==> Parameters: 1(Long), 17(Long), 18(Long), 19(Long), 20(Long), 22(Long), 23(Long), 7(Long), 11(Long), 12(Long), 13(Long), 14(Long)
<==    Columns: id, username, password, phone, status, avatar, create_time
<==        Row: 1, lx, $2a$10$DY8p4Q7r/lnC2ax327OH/u439shvAv9lH895iyIYyLxfz9cRgKKgW, 19185939281, 1, http://localhost:8080/uploads/avatars/avatar_1_1782735664998.png, 2026-06-21 20:09:20
<==        Row: 7, espresso_queen, $2a$10$N.zmdr9k7uOCQb376NoUnuTJ8iAt6Z5EHsM8lE9lBOsl7iKTVKIUi, 13800000004, 1, null, 2026-06-23 06:40:41
<==        Row: 11, cold_brew_king, $2a$10$N.zmdr9k7uOCQb376NoUnuTJ8iAt6Z5EHsM8lE9lBOsl7iKTVKIUi, 13800000008, 1, null, 2026-06-23 06:40:41
<==        Row: 12, coffee_snob, $2a$10$N.zmdr9k7uOCQb376NoUnuTJ8iAt6Z5EHsM8lE9lBOsl7iKTVKIUi, 13800000009, 1, null, 2026-06-23 06:40:41
<==        Row: 13, matcha_latte, $2a$10$N.zmdr9k7uOCQb376NoUnuTJ8iAt6Z5EHsM8lE9lBOsl7iKTVKIUi, 13800000010, 1, null, 2026-06-23 06:40:41
<==        Row: 14, cafe_hunter, $2a$10$N.zmdr9k7uOCQb376NoUnuTJ8iAt6Z5EHsM8lE9lBOsl7iKTVKIUi, 13800000011, 1, null, 2026-06-23 06:40:41
<==        Row: 17, single_origin, $2a$10$N.zmdr9k7uOCQb376NoUnuTJ8iAt6Z5EHsM8lE9lBOsl7iKTVKIUi, 13800000014, 1, null, 2026-06-23 06:40:41
<==        Row: 18, flat_white_love, $2a$10$N.zmdr9k7uOCQb376NoUnuTJ8iAt6Z5EHsM8lE9lBOsl7iKTVKIUi, 13800000015, 1, null, 2026-06-23 06:40:41
<==        Row: 19, coffee_daily, $2a$10$N.zmdr9k7uOCQb376NoUnuTJ8iAt6Z5EHsM8lE9lBOsl7iKTVKIUi, 13800000016, 1, null, 2026-06-23 06:40:41
<==        Row: 20, bean_hunter, $2a$10$N.zmdr9k7uOCQb376NoUnuTJ8iAt6Z5EHsM8lE9lBOsl7iKTVKIUi, 13800000017, 1, null, 2026-06-23 06:40:41
<==        Row: 22, ristretto_lover, $2a$10$N.zmdr9k7uOCQb376NoUnuTJ8iAt6Z5EHsM8lE9lBOsl7iKTVKIUi, 13800000019, 1, null, 2026-06-23 06:40:41
<==        Row: 23, coffee_taster, $2a$10$N.zmdr9k7uOCQb376NoUnuTJ8iAt6Z5EHsM8lE9lBOsl7iKTVKIUi, 13800000020, 1, null, 2026-06-23 06:40:41
<==      Total: 12
Closing non transactional SqlSession [org.apache.ibatis.session.defaults.DefaultSqlSession@4e60498e]
Creating a new SqlSession
SqlSession [org.apache.ibatis.session.defaults.DefaultSqlSession@1e9d1348] was not registered for synchronization because synchronization is not active
JDBC Connection [HikariProxyConnection@71784999 wrapping com.mysql.cj.jdbc.ConnectionImpl@2a4cc974] will not be managed by Spring
==>  Preparing: SELECT id,username,password,phone,status,avatar,create_time FROM sys_user WHERE id IN ( ? , ? , ? , ? , ? , ? , ? , ? , ? , ? , ? , ? )
==> Parameters: 1(Long), 17(Long), 18(Long), 19(Long), 20(Long), 22(Long), 23(Long), 7(Long), 11(Long), 12(Long), 13(Long), 14(Long)
<==    Columns: id, username, password, phone, status, avatar, create_time
<==        Row: 1, lx, $2a$10$DY8p4Q7r/lnC2ax327OH/u439shvAv9lH895iyIYyLxfz9cRgKKgW, 19185939281, 1, http://localhost:8080/uploads/avatars/avatar_1_1782735664998.png, 2026-06-21 20:09:20
<==        Row: 7, espresso_queen, $2a$10$N.zmdr9k7uOCQb376NoUnuTJ8iAt6Z5EHsM8lE9lBOsl7iKTVKIUi, 13800000004, 1, null, 2026-06-23 06:40:41
<==        Row: 11, cold_brew_king, $2a$10$N.zmdr9k7uOCQb376NoUnuTJ8iAt6Z5EHsM8lE9lBOsl7iKTVKIUi, 13800000008, 1, null, 2026-06-23 06:40:41
<==        Row: 12, coffee_snob, $2a$10$N.zmdr9k7uOCQb376NoUnuTJ8iAt6Z5EHsM8lE9lBOsl7iKTVKIUi, 13800000009, 1, null, 2026-06-23 06:40:41
<==        Row: 13, matcha_latte, $2a$10$N.zmdr9k7uOCQb376NoUnuTJ8iAt6Z5EHsM8lE9lBOsl7iKTVKIUi, 13800000010, 1, null, 2026-06-23 06:40:41
<==        Row: 14, cafe_hunter, $2a$10$N.zmdr9k7uOCQb376NoUnuTJ8iAt6Z5EHsM8lE9lBOsl7iKTVKIUi, 13800000011, 1, null, 2026-06-23 06:40:41
<==        Row: 17, single_origin, $2a$10$N.zmdr9k7uOCQb376NoUnuTJ8iAt6Z5EHsM8lE9lBOsl7iKTVKIUi, 13800000014, 1, null, 2026-06-23 06:40:41
<==        Row: 18, flat_white_love, $2a$10$N.zmdr9k7uOCQb376NoUnuTJ8iAt6Z5EHsM8lE9lBOsl7iKTVKIUi, 13800000015, 1, null, 2026-06-23 06:40:41
<==        Row: 19, coffee_daily, $2a$10$N.zmdr9k7uOCQb376NoUnuTJ8iAt6Z5EHsM8lE9lBOsl7iKTVKIUi, 13800000016, 1, null, 2026-06-23 06:40:41
<==        Row: 20, bean_hunter, $2a$10$N.zmdr9k7uOCQb376NoUnuTJ8iAt6Z5EHsM8lE9lBOsl7iKTVKIUi, 13800000017, 1, null, 2026-06-23 06:40:41
<==        Row: 22, ristretto_lover, $2a$10$N.zmdr9k7uOCQb376NoUnuTJ8iAt6Z5EHsM8lE9lBOsl7iKTVKIUi, 13800000019, 1, null, 2026-06-23 06:40:41
<==        Row: 23, coffee_taster, $2a$10$N.zmdr9k7uOCQb376NoUnuTJ8iAt6Z5EHsM8lE9lBOsl7iKTVKIUi, 13800000020, 1, null, 2026-06-23 06:40:41
<==      Total: 12
Closing non transactional SqlSession [org.apache.ibatis.session.defaults.DefaultSqlSession@1e9d1348]
Creating a new SqlSession
SqlSession [org.apache.ibatis.session.defaults.DefaultSqlSession@77446864] was not registered for synchronization because synchronization is not active
JDBC Connection [HikariProxyConnection@2084618121 wrapping com.mysql.cj.jdbc.ConnectionImpl@2a4cc974] will not be managed by Spring
==>  Preparing: SELECT id,username,password,phone,status,avatar,create_time FROM sys_user WHERE id IN ( ? , ? , ? , ? , ? , ? , ? , ? , ? , ? , ? , ? )
==> Parameters: 1(Long), 17(Long), 18(Long), 19(Long), 20(Long), 22(Long), 23(Long), 7(Long), 11(Long), 12(Long), 13(Long), 14(Long)
<==    Columns: id, username, password, phone, status, avatar, create_time
<==        Row: 1, lx, $2a$10$DY8p4Q7r/lnC2ax327OH/u439shvAv9lH895iyIYyLxfz9cRgKKgW, 19185939281, 1, http://localhost:8080/uploads/avatars/avatar_1_1782735664998.png, 2026-06-21 20:09:20
<==        Row: 7, espresso_queen, $2a$10$N.zmdr9k7uOCQb376NoUnuTJ8iAt6Z5EHsM8lE9lBOsl7iKTVKIUi, 13800000004, 1, null, 2026-06-23 06:40:41
<==        Row: 11, cold_brew_king, $2a$10$N.zmdr9k7uOCQb376NoUnuTJ8iAt6Z5EHsM8lE9lBOsl7iKTVKIUi, 13800000008, 1, null, 2026-06-23 06:40:41
<==        Row: 12, coffee_snob, $2a$10$N.zmdr9k7uOCQb376NoUnuTJ8iAt6Z5EHsM8lE9lBOsl7iKTVKIUi, 13800000009, 1, null, 2026-06-23 06:40:41
<==        Row: 13, matcha_latte, $2a$10$N.zmdr9k7uOCQb376NoUnuTJ8iAt6Z5EHsM8lE9lBOsl7iKTVKIUi, 13800000010, 1, null, 2026-06-23 06:40:41
<==        Row: 14, cafe_hunter, $2a$10$N.zmdr9k7uOCQb376NoUnuTJ8iAt6Z5EHsM8lE9lBOsl7iKTVKIUi, 13800000011, 1, null, 2026-06-23 06:40:41
<==        Row: 17, single_origin, $2a$10$N.zmdr9k7uOCQb376NoUnuTJ8iAt6Z5EHsM8lE9lBOsl7iKTVKIUi, 13800000014, 1, null, 2026-06-23 06:40:41
<==        Row: 18, flat_white_love, $2a$10$N.zmdr9k7uOCQb376NoUnuTJ8iAt6Z5EHsM8lE9lBOsl7iKTVKIUi, 13800000015, 1, null, 2026-06-23 06:40:41
<==        Row: 19, coffee_daily, $2a$10$N.zmdr9k7uOCQb376NoUnuTJ8iAt6Z5EHsM8lE9lBOsl7iKTVKIUi, 13800000016, 1, null, 2026-06-23 06:40:41
<==        Row: 20, bean_hunter, $2a$10$N.zmdr9k7uOCQb376NoUnuTJ8iAt6Z5EHsM8lE9lBOsl7iKTVKIUi, 13800000017, 1, null, 2026-06-23 06:40:41
<==        Row: 22, ristretto_lover, $2a$10$N.zmdr9k7uOCQb376NoUnuTJ8iAt6Z5EHsM8lE9lBOsl7iKTVKIUi, 13800000019, 1, null, 2026-06-23 06:40:41
<==        Row: 23, coffee_taster, $2a$10$N.zmdr9k7uOCQb376NoUnuTJ8iAt6Z5EHsM8lE9lBOsl7iKTVKIUi, 13800000020, 1, null, 2026-06-23 06:40:41
<==      Total: 12
Closing non transactional SqlSession [org.apache.ibatis.session.defaults.DefaultSqlSession@77446864]
Creating a new SqlSession
SqlSession [org.apache.ibatis.session.defaults.DefaultSqlSession@220faa24] was not registered for synchronization because synchronization is not active
JDBC Connection [HikariProxyConnection@1852816338 wrapping com.mysql.cj.jdbc.ConnectionImpl@4aaac99] will not be managed by Spring
==>  Preparing: SELECT id,username,password,phone,status,avatar,create_time FROM sys_user WHERE id IN ( ? , ? , ? , ? , ? , ? , ? , ? , ? , ? , ? , ? )
==> Parameters: 1(Long), 17(Long), 18(Long), 19(Long), 20(Long), 22(Long), 23(Long), 7(Long), 11(Long), 12(Long), 13(Long), 14(Long)
<==    Columns: id, username, password, phone, status, avatar, create_time
<==        Row: 1, lx, $2a$10$DY8p4Q7r/lnC2ax327OH/u439shvAv9lH895iyIYyLxfz9cRgKKgW, 19185939281, 1, http://localhost:8080/uploads/avatars/avatar_1_1782735664998.png, 2026-06-21 20:09:20
<==        Row: 7, espresso_queen, $2a$10$N.zmdr9k7uOCQb376NoUnuTJ8iAt6Z5EHsM8lE9lBOsl7iKTVKIUi, 13800000004, 1, null, 2026-06-23 06:40:41
<==        Row: 11, cold_brew_king, $2a$10$N.zmdr9k7uOCQb376NoUnuTJ8iAt6Z5EHsM8lE9lBOsl7iKTVKIUi, 13800000008, 1, null, 2026-06-23 06:40:41
<==        Row: 12, coffee_snob, $2a$10$N.zmdr9k7uOCQb376NoUnuTJ8iAt6Z5EHsM8lE9lBOsl7iKTVKIUi, 13800000009, 1, null, 2026-06-23 06:40:41
<==        Row: 13, matcha_latte, $2a$10$N.zmdr9k7uOCQb376NoUnuTJ8iAt6Z5EHsM8lE9lBOsl7iKTVKIUi, 13800000010, 1, null, 2026-06-23 06:40:41
<==        Row: 14, cafe_hunter, $2a$10$N.zmdr9k7uOCQb376NoUnuTJ8iAt6Z5EHsM8lE9lBOsl7iKTVKIUi, 13800000011, 1, null, 2026-06-23 06:40:41
<==        Row: 17, single_origin, $2a$10$N.zmdr9k7uOCQb376NoUnuTJ8iAt6Z5EHsM8lE9lBOsl7iKTVKIUi, 13800000014, 1, null, 2026-06-23 06:40:41
<==        Row: 18, flat_white_love, $2a$10$N.zmdr9k7uOCQb376NoUnuTJ8iAt6Z5EHsM8lE9lBOsl7iKTVKIUi, 13800000015, 1, null, 2026-06-23 06:40:41
<==        Row: 19, coffee_daily, $2a$10$N.zmdr9k7uOCQb376NoUnuTJ8iAt6Z5EHsM8lE9lBOsl7iKTVKIUi, 13800000016, 1, null, 2026-06-23 06:40:41
<==        Row: 20, bean_hunter, $2a$10$N.zmdr9k7uOCQb376NoUnuTJ8iAt6Z5EHsM8lE9lBOsl7iKTVKIUi, 13800000017, 1, null, 2026-06-23 06:40:41
<==        Row: 22, ristretto_lover, $2a$10$N.zmdr9k7uOCQb376NoUnuTJ8iAt6Z5EHsM8lE9lBOsl7iKTVKIUi, 13800000019, 1, null, 2026-06-23 06:40:41
<==        Row: 23, coffee_taster, $2a$10$N.zmdr9k7uOCQb376NoUnuTJ8iAt6Z5EHsM8lE9lBOsl7iKTVKIUi, 13800000020, 1, null, 2026-06-23 06:40:41
<==      Total: 12
Closing non transactional SqlSession [org.apache.ibatis.session.defaults.DefaultSqlSession@220faa24]
Creating a new SqlSession
SqlSession [org.apache.ibatis.session.defaults.DefaultSqlSession@46151eee] was not registered for synchronization because synchronization is not active
JDBC Connection [HikariProxyConnection@1216312816 wrapping com.mysql.cj.jdbc.ConnectionImpl@4aaac99] will not be managed by Spring
==>  Preparing: SELECT id,username,password,phone,status,avatar,create_time FROM sys_user WHERE id IN ( ? , ? , ? , ? , ? , ? , ? , ? , ? , ? , ? , ? )
==> Parameters: 1(Long), 17(Long), 18(Long), 19(Long), 20(Long), 22(Long), 23(Long), 7(Long), 11(Long), 12(Long), 13(Long), 14(Long)
<==    Columns: id, username, password, phone, status, avatar, create_time
<==        Row: 1, lx, $2a$10$DY8p4Q7r/lnC2ax327OH/u439shvAv9lH895iyIYyLxfz9cRgKKgW, 19185939281, 1, http://localhost:8080/uploads/avatars/avatar_1_1782735664998.png, 2026-06-21 20:09:20
<==        Row: 7, espresso_queen, $2a$10$N.zmdr9k7uOCQb376NoUnuTJ8iAt6Z5EHsM8lE9lBOsl7iKTVKIUi, 13800000004, 1, null, 2026-06-23 06:40:41
<==        Row: 11, cold_brew_king, $2a$10$N.zmdr9k7uOCQb376NoUnuTJ8iAt6Z5EHsM8lE9lBOsl7iKTVKIUi, 13800000008, 1, null, 2026-06-23 06:40:41
<==        Row: 12, coffee_snob, $2a$10$N.zmdr9k7uOCQb376NoUnuTJ8iAt6Z5EHsM8lE9lBOsl7iKTVKIUi, 13800000009, 1, null, 2026-06-23 06:40:41
<==        Row: 13, matcha_latte, $2a$10$N.zmdr9k7uOCQb376NoUnuTJ8iAt6Z5EHsM8lE9lBOsl7iKTVKIUi, 13800000010, 1, null, 2026-06-23 06:40:41
<==        Row: 14, cafe_hunter, $2a$10$N.zmdr9k7uOCQb376NoUnuTJ8iAt6Z5EHsM8lE9lBOsl7iKTVKIUi, 13800000011, 1, null, 2026-06-23 06:40:41
<==        Row: 17, single_origin, $2a$10$N.zmdr9k7uOCQb376NoUnuTJ8iAt6Z5EHsM8lE9lBOsl7iKTVKIUi, 13800000014, 1, null, 2026-06-23 06:40:41
<==        Row: 18, flat_white_love, $2a$10$N.zmdr9k7uOCQb376NoUnuTJ8iAt6Z5EHsM8lE9lBOsl7iKTVKIUi, 13800000015, 1, null, 2026-06-23 06:40:41
<==        Row: 19, coffee_daily, $2a$10$N.zmdr9k7uOCQb376NoUnuTJ8iAt6Z5EHsM8lE9lBOsl7iKTVKIUi, 13800000016, 1, null, 2026-06-23 06:40:41
<==        Row: 20, bean_hunter, $2a$10$N.zmdr9k7uOCQb376NoUnuTJ8iAt6Z5EHsM8lE9lBOsl7iKTVKIUi, 13800000017, 1, null, 2026-06-23 06:40:41
<==        Row: 22, ristretto_lover, $2a$10$N.zmdr9k7uOCQb376NoUnuTJ8iAt6Z5EHsM8lE9lBOsl7iKTVKIUi, 13800000019, 1, null, 2026-06-23 06:40:41
<==        Row: 23, coffee_taster, $2a$10$N.zmdr9k7uOCQb376NoUnuTJ8iAt6Z5EHsM8lE9lBOsl7iKTVKIUi, 13800000020, 1, null, 2026-06-23 06:40:41
<==      Total: 12
Closing non transactional SqlSession [org.apache.ibatis.session.defaults.DefaultSqlSession@46151eee]
Creating a new SqlSession
SqlSession [org.apache.ibatis.session.defaults.DefaultSqlSession@255475a0] was not registered for synchronization because synchronization is not active
JDBC Connection [HikariProxyConnection@1987056768 wrapping com.mysql.cj.jdbc.ConnectionImpl@4aaac99] will not be managed by Spring
==>  Preparing: SELECT id,username,password,phone,status,avatar,create_time FROM sys_user WHERE id IN ( ? , ? , ? , ? , ? , ? , ? , ? , ? , ? , ? , ? )
==> Parameters: 1(Long), 17(Long), 18(Long), 19(Long), 20(Long), 22(Long), 23(Long), 7(Long), 11(Long), 12(Long), 13(Long), 14(Long)
<==    Columns: id, username, password, phone, status, avatar, create_time
<==        Row: 1, lx, $2a$10$DY8p4Q7r/lnC2ax327OH/u439shvAv9lH895iyIYyLxfz9cRgKKgW, 19185939281, 1, http://localhost:8080/uploads/avatars/avatar_1_1782735664998.png, 2026-06-21 20:09:20
<==        Row: 7, espresso_queen, $2a$10$N.zmdr9k7uOCQb376NoUnuTJ8iAt6Z5EHsM8lE9lBOsl7iKTVKIUi, 13800000004, 1, null, 2026-06-23 06:40:41
<==        Row: 11, cold_brew_king, $2a$10$N.zmdr9k7uOCQb376NoUnuTJ8iAt6Z5EHsM8lE9lBOsl7iKTVKIUi, 13800000008, 1, null, 2026-06-23 06:40:41
<==        Row: 12, coffee_snob, $2a$10$N.zmdr9k7uOCQb376NoUnuTJ8iAt6Z5EHsM8lE9lBOsl7iKTVKIUi, 13800000009, 1, null, 2026-06-23 06:40:41
<==        Row: 13, matcha_latte, $2a$10$N.zmdr9k7uOCQb376NoUnuTJ8iAt6Z5EHsM8lE9lBOsl7iKTVKIUi, 13800000010, 1, null, 2026-06-23 06:40:41
<==        Row: 14, cafe_hunter, $2a$10$N.zmdr9k7uOCQb376NoUnuTJ8iAt6Z5EHsM8lE9lBOsl7iKTVKIUi, 13800000011, 1, null, 2026-06-23 06:40:41
<==        Row: 17, single_origin, $2a$10$N.zmdr9k7uOCQb376NoUnuTJ8iAt6Z5EHsM8lE9lBOsl7iKTVKIUi, 13800000014, 1, null, 2026-06-23 06:40:41
<==        Row: 18, flat_white_love, $2a$10$N.zmdr9k7uOCQb376NoUnuTJ8iAt6Z5EHsM8lE9lBOsl7iKTVKIUi, 13800000015, 1, null, 2026-06-23 06:40:41
<==        Row: 19, coffee_daily, $2a$10$N.zmdr9k7uOCQb376NoUnuTJ8iAt6Z5EHsM8lE9lBOsl7iKTVKIUi, 13800000016, 1, null, 2026-06-23 06:40:41
<==        Row: 20, bean_hunter, $2a$10$N.zmdr9k7uOCQb376NoUnuTJ8iAt6Z5EHsM8lE9lBOsl7iKTVKIUi, 13800000017, 1, null, 2026-06-23 06:40:41
<==        Row: 22, ristretto_lover, $2a$10$N.zmdr9k7uOCQb376NoUnuTJ8iAt6Z5EHsM8lE9lBOsl7iKTVKIUi, 13800000019, 1, null, 2026-06-23 06:40:41
<==        Row: 23, coffee_taster, $2a$10$N.zmdr9k7uOCQb376NoUnuTJ8iAt6Z5EHsM8lE9lBOsl7iKTVKIUi, 13800000020, 1, null, 2026-06-23 06:40:41
<==      Total: 12
Closing non transactional SqlSession [org.apache.ibatis.session.defaults.DefaultSqlSession@255475a0]
Creating a new SqlSession
SqlSession [org.apache.ibatis.session.defaults.DefaultSqlSession@42673acc] was not registered for synchronization because synchronization is not active
JDBC Connection [HikariProxyConnection@873883291 wrapping com.mysql.cj.jdbc.ConnectionImpl@4aaac99] will not be managed by Spring
==>  Preparing: SELECT id,username,password,phone,status,avatar,create_time FROM sys_user WHERE id IN ( ? , ? , ? , ? , ? , ? , ? , ? , ? , ? , ? , ? )
==> Parameters: 1(Long), 17(Long), 18(Long), 19(Long), 20(Long), 22(Long), 23(Long), 7(Long), 11(Long), 12(Long), 13(Long), 14(Long)
<==    Columns: id, username, password, phone, status, avatar, create_time
<==        Row: 1, lx, $2a$10$DY8p4Q7r/lnC2ax327OH/u439shvAv9lH895iyIYyLxfz9cRgKKgW, 19185939281, 1, http://localhost:8080/uploads/avatars/avatar_1_1782735664998.png, 2026-06-21 20:09:20
<==        Row: 7, espresso_queen, $2a$10$N.zmdr9k7uOCQb376NoUnuTJ8iAt6Z5EHsM8lE9lBOsl7iKTVKIUi, 13800000004, 1, null, 2026-06-23 06:40:41
<==        Row: 11, cold_brew_king, $2a$10$N.zmdr9k7uOCQb376NoUnuTJ8iAt6Z5EHsM8lE9lBOsl7iKTVKIUi, 13800000008, 1, null, 2026-06-23 06:40:41
<==        Row: 12, coffee_snob, $2a$10$N.zmdr9k7uOCQb376NoUnuTJ8iAt6Z5EHsM8lE9lBOsl7iKTVKIUi, 13800000009, 1, null, 2026-06-23 06:40:41
<==        Row: 13, matcha_latte, $2a$10$N.zmdr9k7uOCQb376NoUnuTJ8iAt6Z5EHsM8lE9lBOsl7iKTVKIUi, 13800000010, 1, null, 2026-06-23 06:40:41
<==        Row: 14, cafe_hunter, $2a$10$N.zmdr9k7uOCQb376NoUnuTJ8iAt6Z5EHsM8lE9lBOsl7iKTVKIUi, 13800000011, 1, null, 2026-06-23 06:40:41
<==        Row: 17, single_origin, $2a$10$N.zmdr9k7uOCQb376NoUnuTJ8iAt6Z5EHsM8lE9lBOsl7iKTVKIUi, 13800000014, 1, null, 2026-06-23 06:40:41
<==        Row: 18, flat_white_love, $2a$10$N.zmdr9k7uOCQb376NoUnuTJ8iAt6Z5EHsM8lE9lBOsl7iKTVKIUi, 13800000015, 1, null, 2026-06-23 06:40:41
<==        Row: 19, coffee_daily, $2a$10$N.zmdr9k7uOCQb376NoUnuTJ8iAt6Z5EHsM8lE9lBOsl7iKTVKIUi, 13800000016, 1, null, 2026-06-23 06:40:41
<==        Row: 20, bean_hunter, $2a$10$N.zmdr9k7uOCQb376NoUnuTJ8iAt6Z5EHsM8lE9lBOsl7iKTVKIUi, 13800000017, 1, null, 2026-06-23 06:40:41
<==        Row: 22, ristretto_lover, $2a$10$N.zmdr9k7uOCQb376NoUnuTJ8iAt6Z5EHsM8lE9lBOsl7iKTVKIUi, 13800000019, 1, null, 2026-06-23 06:40:41
<==        Row: 23, coffee_taster, $2a$10$N.zmdr9k7uOCQb376NoUnuTJ8iAt6Z5EHsM8lE9lBOsl7iKTVKIUi, 13800000020, 1, null, 2026-06-23 06:40:41
<==      Total: 12
Closing non transactional SqlSession [org.apache.ibatis.session.defaults.DefaultSqlSession@42673acc]
Creating a new SqlSession
SqlSession [org.apache.ibatis.session.defaults.DefaultSqlSession@553cac43] was not registered for synchronization because synchronization is not active
JDBC Connection [HikariProxyConnection@953603021 wrapping com.mysql.cj.jdbc.ConnectionImpl@4aaac99] will not be managed by Spring
==>  Preparing: SELECT id,username,password,phone,status,avatar,create_time FROM sys_user WHERE id IN ( ? , ? , ? , ? , ? , ? , ? , ? , ? , ? , ? , ? )
==> Parameters: 1(Long), 17(Long), 18(Long), 19(Long), 20(Long), 22(Long), 23(Long), 7(Long), 11(Long), 12(Long), 13(Long), 14(Long)
<==    Columns: id, username, password, phone, status, avatar, create_time
<==        Row: 1, lx, $2a$10$DY8p4Q7r/lnC2ax327OH/u439shvAv9lH895iyIYyLxfz9cRgKKgW, 19185939281, 1, http://localhost:8080/uploads/avatars/avatar_1_1782735664998.png, 2026-06-21 20:09:20
<==        Row: 7, espresso_queen, $2a$10$N.zmdr9k7uOCQb376NoUnuTJ8iAt6Z5EHsM8lE9lBOsl7iKTVKIUi, 13800000004, 1, null, 2026-06-23 06:40:41
<==        Row: 11, cold_brew_king, $2a$10$N.zmdr9k7uOCQb376NoUnuTJ8iAt6Z5EHsM8lE9lBOsl7iKTVKIUi, 13800000008, 1, null, 2026-06-23 06:40:41
<==        Row: 12, coffee_snob, $2a$10$N.zmdr9k7uOCQb376NoUnuTJ8iAt6Z5EHsM8lE9lBOsl7iKTVKIUi, 13800000009, 1, null, 2026-06-23 06:40:41
<==        Row: 13, matcha_latte, $2a$10$N.zmdr9k7uOCQb376NoUnuTJ8iAt6Z5EHsM8lE9lBOsl7iKTVKIUi, 13800000010, 1, null, 2026-06-23 06:40:41
<==        Row: 14, cafe_hunter, $2a$10$N.zmdr9k7uOCQb376NoUnuTJ8iAt6Z5EHsM8lE9lBOsl7iKTVKIUi, 13800000011, 1, null, 2026-06-23 06:40:41
<==        Row: 17, single_origin, $2a$10$N.zmdr9k7uOCQb376NoUnuTJ8iAt6Z5EHsM8lE9lBOsl7iKTVKIUi, 13800000014, 1, null, 2026-06-23 06:40:41
<==        Row: 18, flat_white_love, $2a$10$N.zmdr9k7uOCQb376NoUnuTJ8iAt6Z5EHsM8lE9lBOsl7iKTVKIUi, 13800000015, 1, null, 2026-06-23 06:40:41
<==        Row: 19, coffee_daily, $2a$10$N.zmdr9k7uOCQb376NoUnuTJ8iAt6Z5EHsM8lE9lBOsl7iKTVKIUi, 13800000016, 1, null, 2026-06-23 06:40:41
<==        Row: 20, bean_hunter, $2a$10$N.zmdr9k7uOCQb376NoUnuTJ8iAt6Z5EHsM8lE9lBOsl7iKTVKIUi, 13800000017, 1, null, 2026-06-23 06:40:41
<==        Row: 22, ristretto_lover, $2a$10$N.zmdr9k7uOCQb376NoUnuTJ8iAt6Z5EHsM8lE9lBOsl7iKTVKIUi, 13800000019, 1, null, 2026-06-23 06:40:41
<==        Row: 23, coffee_taster, $2a$10$N.zmdr9k7uOCQb376NoUnuTJ8iAt6Z5EHsM8lE9lBOsl7iKTVKIUi, 13800000020, 1, null, 2026-06-23 06:40:41
<==      Total: 12
Closing non transactional SqlSession [org.apache.ibatis.session.defaults.DefaultSqlSession@553cac43]
Creating a new SqlSession
SqlSession [org.apache.ibatis.session.defaults.DefaultSqlSession@820e84d] was not registered for synchronization because synchronization is not active
JDBC Connection [HikariProxyConnection@1944720095 wrapping com.mysql.cj.jdbc.ConnectionImpl@4aaac99] will not be managed by Spring
==>  Preparing: SELECT id,username,password,phone,status,avatar,create_time FROM sys_user WHERE id IN ( ? , ? , ? , ? , ? , ? , ? , ? , ? )
==> Parameters: 16(Long), 1(Long), 17(Long), 18(Long), 19(Long), 20(Long), 21(Long), 22(Long), 23(Long)
<==    Columns: id, username, password, phone, status, avatar, create_time
<==        Row: 1, lx, $2a$10$DY8p4Q7r/lnC2ax327OH/u439shvAv9lH895iyIYyLxfz9cRgKKgW, 19185939281, 1, http://localhost:8080/uploads/avatars/avatar_1_1782735664998.png, 2026-06-21 20:09:20
<==        Row: 16, cappuccino_boy, $2a$10$N.zmdr9k7uOCQb376NoUnuTJ8iAt6Z5EHsM8lE9lBOsl7iKTVKIUi, 13800000013, 1, null, 2026-06-23 06:40:41
<==        Row: 17, single_origin, $2a$10$N.zmdr9k7uOCQb376NoUnuTJ8iAt6Z5EHsM8lE9lBOsl7iKTVKIUi, 13800000014, 1, null, 2026-06-23 06:40:41
<==        Row: 18, flat_white_love, $2a$10$N.zmdr9k7uOCQb376NoUnuTJ8iAt6Z5EHsM8lE9lBOsl7iKTVKIUi, 13800000015, 1, null, 2026-06-23 06:40:41
<==        Row: 19, coffee_daily, $2a$10$N.zmdr9k7uOCQb376NoUnuTJ8iAt6Z5EHsM8lE9lBOsl7iKTVKIUi, 13800000016, 1, null, 2026-06-23 06:40:41
<==        Row: 20, bean_hunter, $2a$10$N.zmdr9k7uOCQb376NoUnuTJ8iAt6Z5EHsM8lE9lBOsl7iKTVKIUi, 13800000017, 1, null, 2026-06-23 06:40:41
<==        Row: 21, macchiato_fan, $2a$10$N.zmdr9k7uOCQb376NoUnuTJ8iAt6Z5EHsM8lE9lBOsl7iKTVKIUi, 13800000018, 1, null, 2026-06-23 06:40:41
<==        Row: 22, ristretto_lover, $2a$10$N.zmdr9k7uOCQb376NoUnuTJ8iAt6Z5EHsM8lE9lBOsl7iKTVKIUi, 13800000019, 1, null, 2026-06-23 06:40:41
<==        Row: 23, coffee_taster, $2a$10$N.zmdr9k7uOCQb376NoUnuTJ8iAt6Z5EHsM8lE9lBOsl7iKTVKIUi, 13800000020, 1, null, 2026-06-23 06:40:41
<==      Total: 9
Closing non transactional SqlSession [org.apache.ibatis.session.defaults.DefaultSqlSession@820e84d]
Creating a new SqlSession
SqlSession [org.apache.ibatis.session.defaults.DefaultSqlSession@6d2e0477] was not registered for synchronization because synchronization is not active
JDBC Connection [HikariProxyConnection@616307714 wrapping com.mysql.cj.jdbc.ConnectionImpl@4aaac99] will not be managed by Spring
==>  Preparing: SELECT id,username,password,phone,status,avatar,create_time FROM sys_user WHERE id IN ( ? )
==> Parameters: 5(Long)
<==    Columns: id, username, password, phone, status, avatar, create_time
<==        Row: 5, barista_wang, $2a$10$N.zmdr9k7uOCQb376NoUnuTJ8iAt6Z5EHsM8lE9lBOsl7iKTVKIUi, 13800000002, 1, null, 2026-06-23 06:40:41
<==      Total: 1
Closing non transactional SqlSession [org.apache.ibatis.session.defaults.DefaultSqlSession@6d2e0477]
Creating a new SqlSession
SqlSession [org.apache.ibatis.session.defaults.DefaultSqlSession@2654f8db] was not registered for synchronization because synchronization is not active
JDBC Connection [HikariProxyConnection@1921495869 wrapping com.mysql.cj.jdbc.ConnectionImpl@4aaac99] will not be managed by Spring
==>  Preparing: SELECT id,username,password,phone,status,avatar,create_time FROM sys_user WHERE id IN ( ? , ? , ? , ? , ? , ? , ? , ? , ? )
==> Parameters: 16(Long), 1(Long), 17(Long), 18(Long), 19(Long), 20(Long), 21(Long), 22(Long), 23(Long)
<==    Columns: id, username, password, phone, status, avatar, create_time
<==        Row: 1, lx, $2a$10$DY8p4Q7r/lnC2ax327OH/u439shvAv9lH895iyIYyLxfz9cRgKKgW, 19185939281, 1, http://localhost:8080/uploads/avatars/avatar_1_1782735664998.png, 2026-06-21 20:09:20
<==        Row: 16, cappuccino_boy, $2a$10$N.zmdr9k7uOCQb376NoUnuTJ8iAt6Z5EHsM8lE9lBOsl7iKTVKIUi, 13800000013, 1, null, 2026-06-23 06:40:41
<==        Row: 17, single_origin, $2a$10$N.zmdr9k7uOCQb376NoUnuTJ8iAt6Z5EHsM8lE9lBOsl7iKTVKIUi, 13800000014, 1, null, 2026-06-23 06:40:41
<==        Row: 18, flat_white_love, $2a$10$N.zmdr9k7uOCQb376NoUnuTJ8iAt6Z5EHsM8lE9lBOsl7iKTVKIUi, 13800000015, 1, null, 2026-06-23 06:40:41
<==        Row: 19, coffee_daily, $2a$10$N.zmdr9k7uOCQb376NoUnuTJ8iAt6Z5EHsM8lE9lBOsl7iKTVKIUi, 13800000016, 1, null, 2026-06-23 06:40:41
<==        Row: 20, bean_hunter, $2a$10$N.zmdr9k7uOCQb376NoUnuTJ8iAt6Z5EHsM8lE9lBOsl7iKTVKIUi, 13800000017, 1, null, 2026-06-23 06:40:41
<==        Row: 21, macchiato_fan, $2a$10$N.zmdr9k7uOCQb376NoUnuTJ8iAt6Z5EHsM8lE9lBOsl7iKTVKIUi, 13800000018, 1, null, 2026-06-23 06:40:41
<==        Row: 22, ristretto_lover, $2a$10$N.zmdr9k7uOCQb376NoUnuTJ8iAt6Z5EHsM8lE9lBOsl7iKTVKIUi, 13800000019, 1, null, 2026-06-23 06:40:41
<==        Row: 23, coffee_taster, $2a$10$N.zmdr9k7uOCQb376NoUnuTJ8iAt6Z5EHsM8lE9lBOsl7iKTVKIUi, 13800000020, 1, null, 2026-06-23 06:40:41
<==      Total: 9
Closing non transactional SqlSession [org.apache.ibatis.session.defaults.DefaultSqlSession@2654f8db]
Creating a new SqlSession
SqlSession [org.apache.ibatis.session.defaults.DefaultSqlSession@26bdf03f] was not registered for synchronization because synchronization is not active
JDBC Connection [HikariProxyConnection@891256337 wrapping com.mysql.cj.jdbc.ConnectionImpl@4aaac99] will not be managed by Spring
==>  Preparing: SELECT id,username,password,phone,status,avatar,create_time FROM sys_user WHERE id IN ( ? )
==> Parameters: 5(Long)
<==    Columns: id, username, password, phone, status, avatar, create_time
<==        Row: 5, barista_wang, $2a$10$N.zmdr9k7uOCQb376NoUnuTJ8iAt6Z5EHsM8lE9lBOsl7iKTVKIUi, 13800000002, 1, null, 2026-06-23 06:40:41
<==      Total: 1
Closing non transactional SqlSession [org.apache.ibatis.session.defaults.DefaultSqlSession@26bdf03f]
Creating a new SqlSession
SqlSession [org.apache.ibatis.session.defaults.DefaultSqlSession@21356150] was not registered for synchronization because synchronization is not active
JDBC Connection [HikariProxyConnection@927562943 wrapping com.mysql.cj.jdbc.ConnectionImpl@4aaac99] will not be managed by Spring
==>  Preparing: SELECT id,username,password,phone,status,avatar,create_time FROM sys_user WHERE id IN ( ? , ? , ? , ? , ? , ? , ? , ? , ? )
==> Parameters: 16(Long), 1(Long), 17(Long), 18(Long), 19(Long), 20(Long), 21(Long), 22(Long), 23(Long)
<==    Columns: id, username, password, phone, status, avatar, create_time
<==        Row: 1, lx, $2a$10$DY8p4Q7r/lnC2ax327OH/u439shvAv9lH895iyIYyLxfz9cRgKKgW, 19185939281, 1, http://localhost:8080/uploads/avatars/avatar_1_1782735664998.png, 2026-06-21 20:09:20
<==        Row: 16, cappuccino_boy, $2a$10$N.zmdr9k7uOCQb376NoUnuTJ8iAt6Z5EHsM8lE9lBOsl7iKTVKIUi, 13800000013, 1, null, 2026-06-23 06:40:41
<==        Row: 17, single_origin, $2a$10$N.zmdr9k7uOCQb376NoUnuTJ8iAt6Z5EHsM8lE9lBOsl7iKTVKIUi, 13800000014, 1, null, 2026-06-23 06:40:41
<==        Row: 18, flat_white_love, $2a$10$N.zmdr9k7uOCQb376NoUnuTJ8iAt6Z5EHsM8lE9lBOsl7iKTVKIUi, 13800000015, 1, null, 2026-06-23 06:40:41
<==        Row: 19, coffee_daily, $2a$10$N.zmdr9k7uOCQb376NoUnuTJ8iAt6Z5EHsM8lE9lBOsl7iKTVKIUi, 13800000016, 1, null, 2026-06-23 06:40:41
<==        Row: 20, bean_hunter, $2a$10$N.zmdr9k7uOCQb376NoUnuTJ8iAt6Z5EHsM8lE9lBOsl7iKTVKIUi, 13800000017, 1, null, 2026-06-23 06:40:41
<==        Row: 21, macchiato_fan, $2a$10$N.zmdr9k7uOCQb376NoUnuTJ8iAt6Z5EHsM8lE9lBOsl7iKTVKIUi, 13800000018, 1, null, 2026-06-23 06:40:41
<==        Row: 22, ristretto_lover, $2a$10$N.zmdr9k7uOCQb376NoUnuTJ8iAt6Z5EHsM8lE9lBOsl7iKTVKIUi, 13800000019, 1, null, 2026-06-23 06:40:41
<==        Row: 23, coffee_taster, $2a$10$N.zmdr9k7uOCQb376NoUnuTJ8iAt6Z5EHsM8lE9lBOsl7iKTVKIUi, 13800000020, 1, null, 2026-06-23 06:40:41
<==      Total: 9
Closing non transactional SqlSession [org.apache.ibatis.session.defaults.DefaultSqlSession@21356150]
Creating a new SqlSession
SqlSession [org.apache.ibatis.session.defaults.DefaultSqlSession@aadf626] was not registered for synchronization because synchronization is not active
JDBC Connection [HikariProxyConnection@88081854 wrapping com.mysql.cj.jdbc.ConnectionImpl@4aaac99] will not be managed by Spring
==>  Preparing: SELECT id,username,password,phone,status,avatar,create_time FROM sys_user WHERE id IN ( ? , ? , ? , ? , ? , ? , ? , ? , ? )
==> Parameters: 16(Long), 1(Long), 17(Long), 18(Long), 19(Long), 20(Long), 21(Long), 22(Long), 23(Long)
<==    Columns: id, username, password, phone, status, avatar, create_time
<==        Row: 1, lx, $2a$10$DY8p4Q7r/lnC2ax327OH/u439shvAv9lH895iyIYyLxfz9cRgKKgW, 19185939281, 1, http://localhost:8080/uploads/avatars/avatar_1_1782735664998.png, 2026-06-21 20:09:20
<==        Row: 16, cappuccino_boy, $2a$10$N.zmdr9k7uOCQb376NoUnuTJ8iAt6Z5EHsM8lE9lBOsl7iKTVKIUi, 13800000013, 1, null, 2026-06-23 06:40:41
<==        Row: 17, single_origin, $2a$10$N.zmdr9k7uOCQb376NoUnuTJ8iAt6Z5EHsM8lE9lBOsl7iKTVKIUi, 13800000014, 1, null, 2026-06-23 06:40:41
<==        Row: 18, flat_white_love, $2a$10$N.zmdr9k7uOCQb376NoUnuTJ8iAt6Z5EHsM8lE9lBOsl7iKTVKIUi, 13800000015, 1, null, 2026-06-23 06:40:41
<==        Row: 19, coffee_daily, $2a$10$N.zmdr9k7uOCQb376NoUnuTJ8iAt6Z5EHsM8lE9lBOsl7iKTVKIUi, 13800000016, 1, null, 2026-06-23 06:40:41
<==        Row: 20, bean_hunter, $2a$10$N.zmdr9k7uOCQb376NoUnuTJ8iAt6Z5EHsM8lE9lBOsl7iKTVKIUi, 13800000017, 1, null, 2026-06-23 06:40:41
<==        Row: 21, macchiato_fan, $2a$10$N.zmdr9k7uOCQb376NoUnuTJ8iAt6Z5EHsM8lE9lBOsl7iKTVKIUi, 13800000018, 1, null, 2026-06-23 06:40:41
<==        Row: 22, ristretto_lover, $2a$10$N.zmdr9k7uOCQb376NoUnuTJ8iAt6Z5EHsM8lE9lBOsl7iKTVKIUi, 13800000019, 1, null, 2026-06-23 06:40:41
<==        Row: 23, coffee_taster, $2a$10$N.zmdr9k7uOCQb376NoUnuTJ8iAt6Z5EHsM8lE9lBOsl7iKTVKIUi, 13800000020, 1, null, 2026-06-23 06:40:41
<==      Total: 9
Closing non transactional SqlSession [org.apache.ibatis.session.defaults.DefaultSqlSession@aadf626]
Creating a new SqlSession
SqlSession [org.apache.ibatis.session.defaults.DefaultSqlSession@53cd1157] was not registered for synchronization because synchronization is not active
JDBC Connection [HikariProxyConnection@1036097454 wrapping com.mysql.cj.jdbc.ConnectionImpl@4aaac99] will not be managed by Spring
==>  Preparing: SELECT id,username,password,phone,status,avatar,create_time FROM sys_user WHERE id IN ( ? , ? , ? , ? , ? , ? , ? , ? , ? , ? , ? , ? )
==> Parameters: 1(Long), 17(Long), 18(Long), 19(Long), 20(Long), 22(Long), 23(Long), 7(Long), 11(Long), 12(Long), 13(Long), 14(Long)
<==    Columns: id, username, password, phone, status, avatar, create_time
<==        Row: 1, lx, $2a$10$DY8p4Q7r/lnC2ax327OH/u439shvAv9lH895iyIYyLxfz9cRgKKgW, 19185939281, 1, http://localhost:8080/uploads/avatars/avatar_1_1782735664998.png, 2026-06-21 20:09:20
<==        Row: 7, espresso_queen, $2a$10$N.zmdr9k7uOCQb376NoUnuTJ8iAt6Z5EHsM8lE9lBOsl7iKTVKIUi, 13800000004, 1, null, 2026-06-23 06:40:41
<==        Row: 11, cold_brew_king, $2a$10$N.zmdr9k7uOCQb376NoUnuTJ8iAt6Z5EHsM8lE9lBOsl7iKTVKIUi, 13800000008, 1, null, 2026-06-23 06:40:41
<==        Row: 12, coffee_snob, $2a$10$N.zmdr9k7uOCQb376NoUnuTJ8iAt6Z5EHsM8lE9lBOsl7iKTVKIUi, 13800000009, 1, null, 2026-06-23 06:40:41
<==        Row: 13, matcha_latte, $2a$10$N.zmdr9k7uOCQb376NoUnuTJ8iAt6Z5EHsM8lE9lBOsl7iKTVKIUi, 13800000010, 1, null, 2026-06-23 06:40:41
<==        Row: 14, cafe_hunter, $2a$10$N.zmdr9k7uOCQb376NoUnuTJ8iAt6Z5EHsM8lE9lBOsl7iKTVKIUi, 13800000011, 1, null, 2026-06-23 06:40:41
<==        Row: 17, single_origin, $2a$10$N.zmdr9k7uOCQb376NoUnuTJ8iAt6Z5EHsM8lE9lBOsl7iKTVKIUi, 13800000014, 1, null, 2026-06-23 06:40:41
<==        Row: 18, flat_white_love, $2a$10$N.zmdr9k7uOCQb376NoUnuTJ8iAt6Z5EHsM8lE9lBOsl7iKTVKIUi, 13800000015, 1, null, 2026-06-23 06:40:41
<==        Row: 19, coffee_daily, $2a$10$N.zmdr9k7uOCQb376NoUnuTJ8iAt6Z5EHsM8lE9lBOsl7iKTVKIUi, 13800000016, 1, null, 2026-06-23 06:40:41
<==        Row: 20, bean_hunter, $2a$10$N.zmdr9k7uOCQb376NoUnuTJ8iAt6Z5EHsM8lE9lBOsl7iKTVKIUi, 13800000017, 1, null, 2026-06-23 06:40:41
<==        Row: 22, ristretto_lover, $2a$10$N.zmdr9k7uOCQb376NoUnuTJ8iAt6Z5EHsM8lE9lBOsl7iKTVKIUi, 13800000019, 1, null, 2026-06-23 06:40:41
<==        Row: 23, coffee_taster, $2a$10$N.zmdr9k7uOCQb376NoUnuTJ8iAt6Z5EHsM8lE9lBOsl7iKTVKIUi, 13800000020, 1, null, 2026-06-23 06:40:41
<==      Total: 12
Closing non transactional SqlSession [org.apache.ibatis.session.defaults.DefaultSqlSession@53cd1157]
Creating a new SqlSession
SqlSession [org.apache.ibatis.session.defaults.DefaultSqlSession@54da67d0] was not registered for synchronization because synchronization is not active
JDBC Connection [HikariProxyConnection@1439289264 wrapping com.mysql.cj.jdbc.ConnectionImpl@4aaac99] will not be managed by Spring
==>  Preparing: SELECT id,username,password,phone,status,avatar,create_time FROM sys_user WHERE id IN ( ? )
==> Parameters: 22(Long)
<==    Columns: id, username, password, phone, status, avatar, create_time
<==        Row: 22, ristretto_lover, $2a$10$N.zmdr9k7uOCQb376NoUnuTJ8iAt6Z5EHsM8lE9lBOsl7iKTVKIUi, 13800000019, 1, null, 2026-06-23 06:40:41
<==      Total: 1
Closing non transactional SqlSession [org.apache.ibatis.session.defaults.DefaultSqlSession@54da67d0]
Creating a new SqlSession
SqlSession [org.apache.ibatis.session.defaults.DefaultSqlSession@7c79a462] was not registered for synchronization because synchronization is not active
JDBC Connection [HikariProxyConnection@890019802 wrapping com.mysql.cj.jdbc.ConnectionImpl@4aaac99] will not be managed by Spring
==>  Preparing: SELECT id,username,password,phone,status,avatar,create_time FROM sys_user WHERE id IN ( ? , ? , ? , ? , ? , ? , ? , ? , ? )
==> Parameters: 16(Long), 1(Long), 17(Long), 18(Long), 19(Long), 20(Long), 21(Long), 22(Long), 23(Long)
<==    Columns: id, username, password, phone, status, avatar, create_time
<==        Row: 1, lx, $2a$10$DY8p4Q7r/lnC2ax327OH/u439shvAv9lH895iyIYyLxfz9cRgKKgW, 19185939281, 1, http://localhost:8080/uploads/avatars/avatar_1_1782735664998.png, 2026-06-21 20:09:20
<==        Row: 16, cappuccino_boy, $2a$10$N.zmdr9k7uOCQb376NoUnuTJ8iAt6Z5EHsM8lE9lBOsl7iKTVKIUi, 13800000013, 1, null, 2026-06-23 06:40:41
<==        Row: 17, single_origin, $2a$10$N.zmdr9k7uOCQb376NoUnuTJ8iAt6Z5EHsM8lE9lBOsl7iKTVKIUi, 13800000014, 1, null, 2026-06-23 06:40:41
<==        Row: 18, flat_white_love, $2a$10$N.zmdr9k7uOCQb376NoUnuTJ8iAt6Z5EHsM8lE9lBOsl7iKTVKIUi, 13800000015, 1, null, 2026-06-23 06:40:41
<==        Row: 19, coffee_daily, $2a$10$N.zmdr9k7uOCQb376NoUnuTJ8iAt6Z5EHsM8lE9lBOsl7iKTVKIUi, 13800000016, 1, null, 2026-06-23 06:40:41
<==        Row: 20, bean_hunter, $2a$10$N.zmdr9k7uOCQb376NoUnuTJ8iAt6Z5EHsM8lE9lBOsl7iKTVKIUi, 13800000017, 1, null, 2026-06-23 06:40:41
<==        Row: 21, macchiato_fan, $2a$10$N.zmdr9k7uOCQb376NoUnuTJ8iAt6Z5EHsM8lE9lBOsl7iKTVKIUi, 13800000018, 1, null, 2026-06-23 06:40:41
<==        Row: 22, ristretto_lover, $2a$10$N.zmdr9k7uOCQb376NoUnuTJ8iAt6Z5EHsM8lE9lBOsl7iKTVKIUi, 13800000019, 1, null, 2026-06-23 06:40:41
<==        Row: 23, coffee_taster, $2a$10$N.zmdr9k7uOCQb376NoUnuTJ8iAt6Z5EHsM8lE9lBOsl7iKTVKIUi, 13800000020, 1, null, 2026-06-23 06:40:41
<==      Total: 9
Closing non transactional SqlSession [org.apache.ibatis.session.defaults.DefaultSqlSession@7c79a462]
Creating a new SqlSession
SqlSession [org.apache.ibatis.session.defaults.DefaultSqlSession@3282a87f] was not registered for synchronization because synchronization is not active
JDBC Connection [HikariProxyConnection@789712868 wrapping com.mysql.cj.jdbc.ConnectionImpl@4aaac99] will not be managed by Spring
==>  Preparing: SELECT id,username,password,phone,status,avatar,create_time FROM sys_user WHERE id IN ( ? , ? , ? , ? , ? , ? , ? , ? , ? , ? , ? , ? )
==> Parameters: 1(Long), 17(Long), 18(Long), 19(Long), 20(Long), 22(Long), 23(Long), 7(Long), 11(Long), 12(Long), 13(Long), 14(Long)
<==    Columns: id, username, password, phone, status, avatar, create_time
<==        Row: 1, lx, $2a$10$DY8p4Q7r/lnC2ax327OH/u439shvAv9lH895iyIYyLxfz9cRgKKgW, 19185939281, 1, http://localhost:8080/uploads/avatars/avatar_1_1782735664998.png, 2026-06-21 20:09:20
<==        Row: 7, espresso_queen, $2a$10$N.zmdr9k7uOCQb376NoUnuTJ8iAt6Z5EHsM8lE9lBOsl7iKTVKIUi, 13800000004, 1, null, 2026-06-23 06:40:41
<==        Row: 11, cold_brew_king, $2a$10$N.zmdr9k7uOCQb376NoUnuTJ8iAt6Z5EHsM8lE9lBOsl7iKTVKIUi, 13800000008, 1, null, 2026-06-23 06:40:41
<==        Row: 12, coffee_snob, $2a$10$N.zmdr9k7uOCQb376NoUnuTJ8iAt6Z5EHsM8lE9lBOsl7iKTVKIUi, 13800000009, 1, null, 2026-06-23 06:40:41
<==        Row: 13, matcha_latte, $2a$10$N.zmdr9k7uOCQb376NoUnuTJ8iAt6Z5EHsM8lE9lBOsl7iKTVKIUi, 13800000010, 1, null, 2026-06-23 06:40:41
<==        Row: 14, cafe_hunter, $2a$10$N.zmdr9k7uOCQb376NoUnuTJ8iAt6Z5EHsM8lE9lBOsl7iKTVKIUi, 13800000011, 1, null, 2026-06-23 06:40:41
<==        Row: 17, single_origin, $2a$10$N.zmdr9k7uOCQb376NoUnuTJ8iAt6Z5EHsM8lE9lBOsl7iKTVKIUi, 13800000014, 1, null, 2026-06-23 06:40:41
<==        Row: 18, flat_white_love, $2a$10$N.zmdr9k7uOCQb376NoUnuTJ8iAt6Z5EHsM8lE9lBOsl7iKTVKIUi, 13800000015, 1, null, 2026-06-23 06:40:41
<==        Row: 19, coffee_daily, $2a$10$N.zmdr9k7uOCQb376NoUnuTJ8iAt6Z5EHsM8lE9lBOsl7iKTVKIUi, 13800000016, 1, null, 2026-06-23 06:40:41
<==        Row: 20, bean_hunter, $2a$10$N.zmdr9k7uOCQb376NoUnuTJ8iAt6Z5EHsM8lE9lBOsl7iKTVKIUi, 13800000017, 1, null, 2026-06-23 06:40:41
<==        Row: 22, ristretto_lover, $2a$10$N.zmdr9k7uOCQb376NoUnuTJ8iAt6Z5EHsM8lE9lBOsl7iKTVKIUi, 13800000019, 1, null, 2026-06-23 06:40:41
<==        Row: 23, coffee_taster, $2a$10$N.zmdr9k7uOCQb376NoUnuTJ8iAt6Z5EHsM8lE9lBOsl7iKTVKIUi, 13800000020, 1, null, 2026-06-23 06:40:41
<==      Total: 12
Closing non transactional SqlSession [org.apache.ibatis.session.defaults.DefaultSqlSession@3282a87f]
Creating a new SqlSession
SqlSession [org.apache.ibatis.session.defaults.DefaultSqlSession@42ada7b0] was not registered for synchronization because synchronization is not active
JDBC Connection [HikariProxyConnection@1209561428 wrapping com.mysql.cj.jdbc.ConnectionImpl@4aaac99] will not be managed by Spring
==>  Preparing: SELECT id,username,password,phone,status,avatar,create_time FROM sys_user WHERE id IN ( ? , ? , ? , ? , ? , ? , ? , ? , ? )
==> Parameters: 16(Long), 1(Long), 17(Long), 18(Long), 19(Long), 20(Long), 21(Long), 22(Long), 23(Long)
<==    Columns: id, username, password, phone, status, avatar, create_time
<==        Row: 1, lx, $2a$10$DY8p4Q7r/lnC2ax327OH/u439shvAv9lH895iyIYyLxfz9cRgKKgW, 19185939281, 1, http://localhost:8080/uploads/avatars/avatar_1_1782735664998.png, 2026-06-21 20:09:20
<==        Row: 16, cappuccino_boy, $2a$10$N.zmdr9k7uOCQb376NoUnuTJ8iAt6Z5EHsM8lE9lBOsl7iKTVKIUi, 13800000013, 1, null, 2026-06-23 06:40:41
<==        Row: 17, single_origin, $2a$10$N.zmdr9k7uOCQb376NoUnuTJ8iAt6Z5EHsM8lE9lBOsl7iKTVKIUi, 13800000014, 1, null, 2026-06-23 06:40:41
<==        Row: 18, flat_white_love, $2a$10$N.zmdr9k7uOCQb376NoUnuTJ8iAt6Z5EHsM8lE9lBOsl7iKTVKIUi, 13800000015, 1, null, 2026-06-23 06:40:41
<==        Row: 19, coffee_daily, $2a$10$N.zmdr9k7uOCQb376NoUnuTJ8iAt6Z5EHsM8lE9lBOsl7iKTVKIUi, 13800000016, 1, null, 2026-06-23 06:40:41
<==        Row: 20, bean_hunter, $2a$10$N.zmdr9k7uOCQb376NoUnuTJ8iAt6Z5EHsM8lE9lBOsl7iKTVKIUi, 13800000017, 1, null, 2026-06-23 06:40:41
<==        Row: 21, macchiato_fan, $2a$10$N.zmdr9k7uOCQb376NoUnuTJ8iAt6Z5EHsM8lE9lBOsl7iKTVKIUi, 13800000018, 1, null, 2026-06-23 06:40:41
<==        Row: 22, ristretto_lover, $2a$10$N.zmdr9k7uOCQb376NoUnuTJ8iAt6Z5EHsM8lE9lBOsl7iKTVKIUi, 13800000019, 1, null, 2026-06-23 06:40:41
<==        Row: 23, coffee_taster, $2a$10$N.zmdr9k7uOCQb376NoUnuTJ8iAt6Z5EHsM8lE9lBOsl7iKTVKIUi, 13800000020, 1, null, 2026-06-23 06:40:41
<==      Total: 9
Closing non transactional SqlSession [org.apache.ibatis.session.defaults.DefaultSqlSession@42ada7b0]
Creating a new SqlSession
SqlSession [org.apache.ibatis.session.defaults.DefaultSqlSession@2e5ce4df] was not registered for synchronization because synchronization is not active
JDBC Connection [HikariProxyConnection@1269115892 wrapping com.mysql.cj.jdbc.ConnectionImpl@4aaac99] will not be managed by Spring
==>  Preparing: SELECT id,username,password,phone,status,avatar,create_time FROM sys_user WHERE id IN ( ? )
==> Parameters: 5(Long)
<==    Columns: id, username, password, phone, status, avatar, create_time
<==        Row: 5, barista_wang, $2a$10$N.zmdr9k7uOCQb376NoUnuTJ8iAt6Z5EHsM8lE9lBOsl7iKTVKIUi, 13800000002, 1, null, 2026-06-23 06:40:41
<==      Total: 1
Closing non transactional SqlSession [org.apache.ibatis.session.defaults.DefaultSqlSession@2e5ce4df]
Creating a new SqlSession
SqlSession [org.apache.ibatis.session.defaults.DefaultSqlSession@60bf5134] was not registered for synchronization because synchronization is not active
JDBC Connection [HikariProxyConnection@457426808 wrapping com.mysql.cj.jdbc.ConnectionImpl@4aaac99] will not be managed by Spring
==>  Preparing: SELECT id,username,password,phone,status,avatar,create_time FROM sys_user WHERE id=?
==> Parameters: 1(Long)
<==    Columns: id, username, password, phone, status, avatar, create_time
Creating a new SqlSession
<==        Row: 1, lx, $2a$10$DY8p4Q7r/lnC2ax327OH/u439shvAv9lH895iyIYyLxfz9cRgKKgW, 19185939281, 1, http://localhost:8080/uploads/avatars/avatar_1_1782735664998.png, 2026-06-21 20:09:20
SqlSession [org.apache.ibatis.session.defaults.DefaultSqlSession@2e904db1] was not registered for synchronization because synchronization is not active
<==      Total: 1
Closing non transactional SqlSession [org.apache.ibatis.session.defaults.DefaultSqlSession@60bf5134]
JDBC Connection [HikariProxyConnection@167168332 wrapping com.mysql.cj.jdbc.ConnectionImpl@36248ab9] will not be managed by Spring
==>  Preparing: SELECT id,username,password,phone,status,avatar,create_time FROM sys_user WHERE id IN ( ? )
==> Parameters: 1(Long)
<==    Columns: id, username, password, phone, status, avatar, create_time
<==        Row: 1, lx, $2a$10$DY8p4Q7r/lnC2ax327OH/u439shvAv9lH895iyIYyLxfz9cRgKKgW, 19185939281, 1, http://localhost:8080/uploads/avatars/avatar_1_1782735664998.png, 2026-06-21 20:09:20
<==      Total: 1
Closing non transactional SqlSession [org.apache.ibatis.session.defaults.DefaultSqlSession@2e904db1]
Creating a new SqlSession
SqlSession [org.apache.ibatis.session.defaults.DefaultSqlSession@6f69f41] was not registered for synchronization because synchronization is not active
JDBC Connection [HikariProxyConnection@18193576 wrapping com.mysql.cj.jdbc.ConnectionImpl@4aaac99] will not be managed by Spring
==>  Preparing: SELECT id,username,password,phone,status,avatar,create_time FROM sys_user WHERE id IN ( ? , ? , ? , ? , ? , ? , ? , ? , ? , ? , ? , ? )
==> Parameters: 1(Long), 17(Long), 18(Long), 19(Long), 20(Long), 22(Long), 23(Long), 7(Long), 11(Long), 12(Long), 13(Long), 14(Long)
<==    Columns: id, username, password, phone, status, avatar, create_time
<==        Row: 1, lx, $2a$10$DY8p4Q7r/lnC2ax327OH/u439shvAv9lH895iyIYyLxfz9cRgKKgW, 19185939281, 1, http://localhost:8080/uploads/avatars/avatar_1_1782735664998.png, 2026-06-21 20:09:20
<==        Row: 7, espresso_queen, $2a$10$N.zmdr9k7uOCQb376NoUnuTJ8iAt6Z5EHsM8lE9lBOsl7iKTVKIUi, 13800000004, 1, null, 2026-06-23 06:40:41
<==        Row: 11, cold_brew_king, $2a$10$N.zmdr9k7uOCQb376NoUnuTJ8iAt6Z5EHsM8lE9lBOsl7iKTVKIUi, 13800000008, 1, null, 2026-06-23 06:40:41
<==        Row: 12, coffee_snob, $2a$10$N.zmdr9k7uOCQb376NoUnuTJ8iAt6Z5EHsM8lE9lBOsl7iKTVKIUi, 13800000009, 1, null, 2026-06-23 06:40:41
<==        Row: 13, matcha_latte, $2a$10$N.zmdr9k7uOCQb376NoUnuTJ8iAt6Z5EHsM8lE9lBOsl7iKTVKIUi, 13800000010, 1, null, 2026-06-23 06:40:41
<==        Row: 14, cafe_hunter, $2a$10$N.zmdr9k7uOCQb376NoUnuTJ8iAt6Z5EHsM8lE9lBOsl7iKTVKIUi, 13800000011, 1, null, 2026-06-23 06:40:41
<==        Row: 17, single_origin, $2a$10$N.zmdr9k7uOCQb376NoUnuTJ8iAt6Z5EHsM8lE9lBOsl7iKTVKIUi, 13800000014, 1, null, 2026-06-23 06:40:41
<==        Row: 18, flat_white_love, $2a$10$N.zmdr9k7uOCQb376NoUnuTJ8iAt6Z5EHsM8lE9lBOsl7iKTVKIUi, 13800000015, 1, null, 2026-06-23 06:40:41
<==        Row: 19, coffee_daily, $2a$10$N.zmdr9k7uOCQb376NoUnuTJ8iAt6Z5EHsM8lE9lBOsl7iKTVKIUi, 13800000016, 1, null, 2026-06-23 06:40:41
<==        Row: 20, bean_hunter, $2a$10$N.zmdr9k7uOCQb376NoUnuTJ8iAt6Z5EHsM8lE9lBOsl7iKTVKIUi, 13800000017, 1, null, 2026-06-23 06:40:41
<==        Row: 22, ristretto_lover, $2a$10$N.zmdr9k7uOCQb376NoUnuTJ8iAt6Z5EHsM8lE9lBOsl7iKTVKIUi, 13800000019, 1, null, 2026-06-23 06:40:41
<==        Row: 23, coffee_taster, $2a$10$N.zmdr9k7uOCQb376NoUnuTJ8iAt6Z5EHsM8lE9lBOsl7iKTVKIUi, 13800000020, 1, null, 2026-06-23 06:40:41
<==      Total: 12
Closing non transactional SqlSession [org.apache.ibatis.session.defaults.DefaultSqlSession@6f69f41]
Creating a new SqlSession
SqlSession [org.apache.ibatis.session.defaults.DefaultSqlSession@231675e3] was not registered for synchronization because synchronization is not active
JDBC Connection [HikariProxyConnection@471168100 wrapping com.mysql.cj.jdbc.ConnectionImpl@36248ab9] will not be managed by Spring
==>  Preparing: SELECT id,username,password,phone,status,avatar,create_time FROM sys_user WHERE id=?
==> Parameters: 1(Long)
<==    Columns: id, username, password, phone, status, avatar, create_time
<==        Row: 1, lx, $2a$10$DY8p4Q7r/lnC2ax327OH/u439shvAv9lH895iyIYyLxfz9cRgKKgW, 19185939281, 1, http://localhost:8080/uploads/avatars/avatar_1_1782735664998.png, 2026-06-21 20:09:20
<==      Total: 1
Closing non transactional SqlSession [org.apache.ibatis.session.defaults.DefaultSqlSession@231675e3]
Creating a new SqlSession
SqlSession [org.apache.ibatis.session.defaults.DefaultSqlSession@5b056063] was not registered for synchronization because synchronization is not active
JDBC Connection [HikariProxyConnection@1101638854 wrapping com.mysql.cj.jdbc.ConnectionImpl@4aaac99] will not be managed by Spring
==>  Preparing: SELECT id,username,password,phone,status,avatar,create_time FROM sys_user WHERE id IN ( ? )
==> Parameters: 1(Long)
<==    Columns: id, username, password, phone, status, avatar, create_time
<==        Row: 1, lx, $2a$10$DY8p4Q7r/lnC2ax327OH/u439shvAv9lH895iyIYyLxfz9cRgKKgW, 19185939281, 1, http://localhost:8080/uploads/avatars/avatar_1_1782735664998.png, 2026-06-21 20:09:20
<==      Total: 1
Closing non transactional SqlSession [org.apache.ibatis.session.defaults.DefaultSqlSession@5b056063]
Creating a new SqlSession
SqlSession [org.apache.ibatis.session.defaults.DefaultSqlSession@273d87df] was not registered for synchronization because synchronization is not active
JDBC Connection [HikariProxyConnection@557977581 wrapping com.mysql.cj.jdbc.ConnectionImpl@4aaac99] will not be managed by Spring
==>  Preparing: SELECT id,username,password,phone,status,avatar,create_time FROM sys_user WHERE id IN ( ? , ? , ? , ? , ? , ? , ? , ? , ? , ? , ? , ? )
==> Parameters: 1(Long), 17(Long), 18(Long), 19(Long), 20(Long), 22(Long), 23(Long), 7(Long), 11(Long), 12(Long), 13(Long), 14(Long)
<==    Columns: id, username, password, phone, status, avatar, create_time
<==        Row: 1, lx, $2a$10$DY8p4Q7r/lnC2ax327OH/u439shvAv9lH895iyIYyLxfz9cRgKKgW, 19185939281, 1, http://localhost:8080/uploads/avatars/avatar_1_1782735664998.png, 2026-06-21 20:09:20
<==        Row: 7, espresso_queen, $2a$10$N.zmdr9k7uOCQb376NoUnuTJ8iAt6Z5EHsM8lE9lBOsl7iKTVKIUi, 13800000004, 1, null, 2026-06-23 06:40:41
<==        Row: 11, cold_brew_king, $2a$10$N.zmdr9k7uOCQb376NoUnuTJ8iAt6Z5EHsM8lE9lBOsl7iKTVKIUi, 13800000008, 1, null, 2026-06-23 06:40:41
<==        Row: 12, coffee_snob, $2a$10$N.zmdr9k7uOCQb376NoUnuTJ8iAt6Z5EHsM8lE9lBOsl7iKTVKIUi, 13800000009, 1, null, 2026-06-23 06:40:41
<==        Row: 13, matcha_latte, $2a$10$N.zmdr9k7uOCQb376NoUnuTJ8iAt6Z5EHsM8lE9lBOsl7iKTVKIUi, 13800000010, 1, null, 2026-06-23 06:40:41
<==        Row: 14, cafe_hunter, $2a$10$N.zmdr9k7uOCQb376NoUnuTJ8iAt6Z5EHsM8lE9lBOsl7iKTVKIUi, 13800000011, 1, null, 2026-06-23 06:40:41
<==        Row: 17, single_origin, $2a$10$N.zmdr9k7uOCQb376NoUnuTJ8iAt6Z5EHsM8lE9lBOsl7iKTVKIUi, 13800000014, 1, null, 2026-06-23 06:40:41
<==        Row: 18, flat_white_love, $2a$10$N.zmdr9k7uOCQb376NoUnuTJ8iAt6Z5EHsM8lE9lBOsl7iKTVKIUi, 13800000015, 1, null, 2026-06-23 06:40:41
<==        Row: 19, coffee_daily, $2a$10$N.zmdr9k7uOCQb376NoUnuTJ8iAt6Z5EHsM8lE9lBOsl7iKTVKIUi, 13800000016, 1, null, 2026-06-23 06:40:41
<==        Row: 20, bean_hunter, $2a$10$N.zmdr9k7uOCQb376NoUnuTJ8iAt6Z5EHsM8lE9lBOsl7iKTVKIUi, 13800000017, 1, null, 2026-06-23 06:40:41
<==        Row: 22, ristretto_lover, $2a$10$N.zmdr9k7uOCQb376NoUnuTJ8iAt6Z5EHsM8lE9lBOsl7iKTVKIUi, 13800000019, 1, null, 2026-06-23 06:40:41
<==        Row: 23, coffee_taster, $2a$10$N.zmdr9k7uOCQb376NoUnuTJ8iAt6Z5EHsM8lE9lBOsl7iKTVKIUi, 13800000020, 1, null, 2026-06-23 06:40:41
<==      Total: 12
Closing non transactional SqlSession [org.apache.ibatis.session.defaults.DefaultSqlSession@273d87df]
Creating a new SqlSession
SqlSession [org.apache.ibatis.session.defaults.DefaultSqlSession@59612932] was not registered for synchronization because synchronization is not active
JDBC Connection [HikariProxyConnection@1169571954 wrapping com.mysql.cj.jdbc.ConnectionImpl@4aaac99] will not be managed by Spring
==>  Preparing: SELECT id,username,password,phone,status,avatar,create_time FROM sys_user WHERE id IN ( ? , ? , ? , ? , ? , ? , ? , ? , ? )
==> Parameters: 16(Long), 1(Long), 17(Long), 18(Long), 19(Long), 20(Long), 21(Long), 22(Long), 23(Long)
<==    Columns: id, username, password, phone, status, avatar, create_time
<==        Row: 1, lx, $2a$10$DY8p4Q7r/lnC2ax327OH/u439shvAv9lH895iyIYyLxfz9cRgKKgW, 19185939281, 1, http://localhost:8080/uploads/avatars/avatar_1_1782735664998.png, 2026-06-21 20:09:20
<==        Row: 16, cappuccino_boy, $2a$10$N.zmdr9k7uOCQb376NoUnuTJ8iAt6Z5EHsM8lE9lBOsl7iKTVKIUi, 13800000013, 1, null, 2026-06-23 06:40:41
<==        Row: 17, single_origin, $2a$10$N.zmdr9k7uOCQb376NoUnuTJ8iAt6Z5EHsM8lE9lBOsl7iKTVKIUi, 13800000014, 1, null, 2026-06-23 06:40:41
<==        Row: 18, flat_white_love, $2a$10$N.zmdr9k7uOCQb376NoUnuTJ8iAt6Z5EHsM8lE9lBOsl7iKTVKIUi, 13800000015, 1, null, 2026-06-23 06:40:41
<==        Row: 19, coffee_daily, $2a$10$N.zmdr9k7uOCQb376NoUnuTJ8iAt6Z5EHsM8lE9lBOsl7iKTVKIUi, 13800000016, 1, null, 2026-06-23 06:40:41
<==        Row: 20, bean_hunter, $2a$10$N.zmdr9k7uOCQb376NoUnuTJ8iAt6Z5EHsM8lE9lBOsl7iKTVKIUi, 13800000017, 1, null, 2026-06-23 06:40:41
<==        Row: 21, macchiato_fan, $2a$10$N.zmdr9k7uOCQb376NoUnuTJ8iAt6Z5EHsM8lE9lBOsl7iKTVKIUi, 13800000018, 1, null, 2026-06-23 06:40:41
<==        Row: 22, ristretto_lover, $2a$10$N.zmdr9k7uOCQb376NoUnuTJ8iAt6Z5EHsM8lE9lBOsl7iKTVKIUi, 13800000019, 1, null, 2026-06-23 06:40:41
<==        Row: 23, coffee_taster, $2a$10$N.zmdr9k7uOCQb376NoUnuTJ8iAt6Z5EHsM8lE9lBOsl7iKTVKIUi, 13800000020, 1, null, 2026-06-23 06:40:41
<==      Total: 9
Closing non transactional SqlSession [org.apache.ibatis.session.defaults.DefaultSqlSession@59612932]
Creating a new SqlSession
SqlSession [org.apache.ibatis.session.defaults.DefaultSqlSession@40f35222] was not registered for synchronization because synchronization is not active
JDBC Connection [HikariProxyConnection@1889382603 wrapping com.mysql.cj.jdbc.ConnectionImpl@4aaac99] will not be managed by Spring
==>  Preparing: SELECT id,username,password,phone,status,avatar,create_time FROM sys_user WHERE id IN ( ? )
==> Parameters: 5(Long)
<==    Columns: id, username, password, phone, status, avatar, create_time
<==        Row: 5, barista_wang, $2a$10$N.zmdr9k7uOCQb376NoUnuTJ8iAt6Z5EHsM8lE9lBOsl7iKTVKIUi, 13800000002, 1, null, 2026-06-23 06:40:41
<==      Total: 1
Closing non transactional SqlSession [org.apache.ibatis.session.defaults.DefaultSqlSession@40f35222]
Creating a new SqlSession
SqlSession [org.apache.ibatis.session.defaults.DefaultSqlSession@3b675588] was not registered for synchronization because synchronization is not active
JDBC Connection [HikariProxyConnection@734955114 wrapping com.mysql.cj.jdbc.ConnectionImpl@36248ab9] will not be managed by Spring
==>  Preparing: SELECT id,username,password,phone,status,avatar,create_time FROM sys_user WHERE id IN ( ? , ? , ? , ? , ? , ? , ? , ? , ? , ? , ? , ? )
==> Parameters: 1(Long), 17(Long), 18(Long), 19(Long), 20(Long), 22(Long), 23(Long), 7(Long), 11(Long), 12(Long), 13(Long), 14(Long)
<==    Columns: id, username, password, phone, status, avatar, create_time
<==        Row: 1, lx, $2a$10$DY8p4Q7r/lnC2ax327OH/u439shvAv9lH895iyIYyLxfz9cRgKKgW, 19185939281, 1, http://localhost:8080/uploads/avatars/avatar_1_1782735664998.png, 2026-06-21 20:09:20
<==        Row: 7, espresso_queen, $2a$10$N.zmdr9k7uOCQb376NoUnuTJ8iAt6Z5EHsM8lE9lBOsl7iKTVKIUi, 13800000004, 1, null, 2026-06-23 06:40:41
<==        Row: 11, cold_brew_king, $2a$10$N.zmdr9k7uOCQb376NoUnuTJ8iAt6Z5EHsM8lE9lBOsl7iKTVKIUi, 13800000008, 1, null, 2026-06-23 06:40:41
<==        Row: 12, coffee_snob, $2a$10$N.zmdr9k7uOCQb376NoUnuTJ8iAt6Z5EHsM8lE9lBOsl7iKTVKIUi, 13800000009, 1, null, 2026-06-23 06:40:41
<==        Row: 13, matcha_latte, $2a$10$N.zmdr9k7uOCQb376NoUnuTJ8iAt6Z5EHsM8lE9lBOsl7iKTVKIUi, 13800000010, 1, null, 2026-06-23 06:40:41
<==        Row: 14, cafe_hunter, $2a$10$N.zmdr9k7uOCQb376NoUnuTJ8iAt6Z5EHsM8lE9lBOsl7iKTVKIUi, 13800000011, 1, null, 2026-06-23 06:40:41
<==        Row: 17, single_origin, $2a$10$N.zmdr9k7uOCQb376NoUnuTJ8iAt6Z5EHsM8lE9lBOsl7iKTVKIUi, 13800000014, 1, null, 2026-06-23 06:40:41
<==        Row: 18, flat_white_love, $2a$10$N.zmdr9k7uOCQb376NoUnuTJ8iAt6Z5EHsM8lE9lBOsl7iKTVKIUi, 13800000015, 1, null, 2026-06-23 06:40:41
<==        Row: 19, coffee_daily, $2a$10$N.zmdr9k7uOCQb376NoUnuTJ8iAt6Z5EHsM8lE9lBOsl7iKTVKIUi, 13800000016, 1, null, 2026-06-23 06:40:41
<==        Row: 20, bean_hunter, $2a$10$N.zmdr9k7uOCQb376NoUnuTJ8iAt6Z5EHsM8lE9lBOsl7iKTVKIUi, 13800000017, 1, null, 2026-06-23 06:40:41
<==        Row: 22, ristretto_lover, $2a$10$N.zmdr9k7uOCQb376NoUnuTJ8iAt6Z5EHsM8lE9lBOsl7iKTVKIUi, 13800000019, 1, null, 2026-06-23 06:40:41
<==        Row: 23, coffee_taster, $2a$10$N.zmdr9k7uOCQb376NoUnuTJ8iAt6Z5EHsM8lE9lBOsl7iKTVKIUi, 13800000020, 1, null, 2026-06-23 06:40:41
<==      Total: 12
Closing non transactional SqlSession [org.apache.ibatis.session.defaults.DefaultSqlSession@3b675588]
Creating a new SqlSession
SqlSession [org.apache.ibatis.session.defaults.DefaultSqlSession@14913eba] was not registered for synchronization because synchronization is not active
JDBC Connection [HikariProxyConnection@1570921195 wrapping com.mysql.cj.jdbc.ConnectionImpl@4aaac99] will not be managed by Spring
==>  Preparing: SELECT id,username,password,phone,status,avatar,create_time FROM sys_user WHERE id IN ( ? )
==> Parameters: 24(Long)
<==    Columns: id, username, password, phone, status, avatar, create_time
<==        Row: 24, lll, $2a$10$sbWgOWeCZV5MW4u88F8CMuxgJ.Phw6clars6Z.Ch1f9wtSKQBwc5O, 19185999881, 1, /uploads/avatars/avatar_24_1782727101006.png, 2026-06-27 21:53:05
<==      Total: 1
Closing non transactional SqlSession [org.apache.ibatis.session.defaults.DefaultSqlSession@14913eba]
Creating a new SqlSession
SqlSession [org.apache.ibatis.session.defaults.DefaultSqlSession@1c76500f] was not registered for synchronization because synchronization is not active
JDBC Connection [HikariProxyConnection@1811955098 wrapping com.mysql.cj.jdbc.ConnectionImpl@4aaac99] will not be managed by Spring
==>  Preparing: SELECT id,username,password,phone,status,avatar,create_time FROM sys_user WHERE id IN ( ? , ? , ? , ? , ? , ? , ? , ? , ? , ? , ? , ? )
==> Parameters: 1(Long), 17(Long), 18(Long), 19(Long), 20(Long), 22(Long), 23(Long), 7(Long), 11(Long), 12(Long), 13(Long), 14(Long)
<==    Columns: id, username, password, phone, status, avatar, create_time
<==        Row: 1, lx, $2a$10$DY8p4Q7r/lnC2ax327OH/u439shvAv9lH895iyIYyLxfz9cRgKKgW, 19185939281, 1, http://localhost:8080/uploads/avatars/avatar_1_1782735664998.png, 2026-06-21 20:09:20
<==        Row: 7, espresso_queen, $2a$10$N.zmdr9k7uOCQb376NoUnuTJ8iAt6Z5EHsM8lE9lBOsl7iKTVKIUi, 13800000004, 1, null, 2026-06-23 06:40:41
<==        Row: 11, cold_brew_king, $2a$10$N.zmdr9k7uOCQb376NoUnuTJ8iAt6Z5EHsM8lE9lBOsl7iKTVKIUi, 13800000008, 1, null, 2026-06-23 06:40:41
<==        Row: 12, coffee_snob, $2a$10$N.zmdr9k7uOCQb376NoUnuTJ8iAt6Z5EHsM8lE9lBOsl7iKTVKIUi, 13800000009, 1, null, 2026-06-23 06:40:41
<==        Row: 13, matcha_latte, $2a$10$N.zmdr9k7uOCQb376NoUnuTJ8iAt6Z5EHsM8lE9lBOsl7iKTVKIUi, 13800000010, 1, null, 2026-06-23 06:40:41
<==        Row: 14, cafe_hunter, $2a$10$N.zmdr9k7uOCQb376NoUnuTJ8iAt6Z5EHsM8lE9lBOsl7iKTVKIUi, 13800000011, 1, null, 2026-06-23 06:40:41
<==        Row: 17, single_origin, $2a$10$N.zmdr9k7uOCQb376NoUnuTJ8iAt6Z5EHsM8lE9lBOsl7iKTVKIUi, 13800000014, 1, null, 2026-06-23 06:40:41
<==        Row: 18, flat_white_love, $2a$10$N.zmdr9k7uOCQb376NoUnuTJ8iAt6Z5EHsM8lE9lBOsl7iKTVKIUi, 13800000015, 1, null, 2026-06-23 06:40:41
<==        Row: 19, coffee_daily, $2a$10$N.zmdr9k7uOCQb376NoUnuTJ8iAt6Z5EHsM8lE9lBOsl7iKTVKIUi, 13800000016, 1, null, 2026-06-23 06:40:41
<==        Row: 20, bean_hunter, $2a$10$N.zmdr9k7uOCQb376NoUnuTJ8iAt6Z5EHsM8lE9lBOsl7iKTVKIUi, 13800000017, 1, null, 2026-06-23 06:40:41
<==        Row: 22, ristretto_lover, $2a$10$N.zmdr9k7uOCQb376NoUnuTJ8iAt6Z5EHsM8lE9lBOsl7iKTVKIUi, 13800000019, 1, null, 2026-06-23 06:40:41
<==        Row: 23, coffee_taster, $2a$10$N.zmdr9k7uOCQb376NoUnuTJ8iAt6Z5EHsM8lE9lBOsl7iKTVKIUi, 13800000020, 1, null, 2026-06-23 06:40:41
<==      Total: 12
Closing non transactional SqlSession [org.apache.ibatis.session.defaults.DefaultSqlSession@1c76500f]
Creating a new SqlSession
SqlSession [org.apache.ibatis.session.defaults.DefaultSqlSession@4dd9a219] was not registered for synchronization because synchronization is not active
JDBC Connection [HikariProxyConnection@488712745 wrapping com.mysql.cj.jdbc.ConnectionImpl@4aaac99] will not be managed by Spring
==>  Preparing: SELECT id,username,password,phone,status,avatar,create_time FROM sys_user WHERE id IN ( ? )
==> Parameters: 24(Long)
<==    Columns: id, username, password, phone, status, avatar, create_time
<==        Row: 24, lll, $2a$10$sbWgOWeCZV5MW4u88F8CMuxgJ.Phw6clars6Z.Ch1f9wtSKQBwc5O, 19185999881, 1, /uploads/avatars/avatar_24_1782727101006.png, 2026-06-27 21:53:05
<==      Total: 1
Closing non transactional SqlSession [org.apache.ibatis.session.defaults.DefaultSqlSession@4dd9a219]
Creating a new SqlSession
SqlSession [org.apache.ibatis.session.defaults.DefaultSqlSession@21f5c03c] was not registered for synchronization because synchronization is not active
JDBC Connection [HikariProxyConnection@1782429858 wrapping com.mysql.cj.jdbc.ConnectionImpl@4aaac99] will not be managed by Spring
==>  Preparing: SELECT id,username,password,phone,status,avatar,create_time FROM sys_user WHERE id=?
==> Parameters: 1(Long)
<==    Columns: id, username, password, phone, status, avatar, create_time
<==        Row: 1, lx, $2a$10$DY8p4Q7r/lnC2ax327OH/u439shvAv9lH895iyIYyLxfz9cRgKKgW, 19185939281, 1, http://localhost:8080/uploads/avatars/avatar_1_1782735664998.png, 2026-06-21 20:09:20
<==      Total: 1
Closing non transactional SqlSession [org.apache.ibatis.session.defaults.DefaultSqlSession@21f5c03c]
Creating a new SqlSession
SqlSession [org.apache.ibatis.session.defaults.DefaultSqlSession@3826a97e] was not registered for synchronization because synchronization is not active
JDBC Connection [HikariProxyConnection@1654558234 wrapping com.mysql.cj.jdbc.ConnectionImpl@4aaac99] will not be managed by Spring
==>  Preparing: SELECT id,username,password,phone,status,avatar,create_time FROM sys_user WHERE id IN ( ? )
==> Parameters: 1(Long)
<==    Columns: id, username, password, phone, status, avatar, create_time
<==        Row: 1, lx, $2a$10$DY8p4Q7r/lnC2ax327OH/u439shvAv9lH895iyIYyLxfz9cRgKKgW, 19185939281, 1, http://localhost:8080/uploads/avatars/avatar_1_1782735664998.png, 2026-06-21 20:09:20
<==      Total: 1
Closing non transactional SqlSession [org.apache.ibatis.session.defaults.DefaultSqlSession@3826a97e]
Creating a new SqlSession
SqlSession [org.apache.ibatis.session.defaults.DefaultSqlSession@7cfabeaf] was not registered for synchronization because synchronization is not active
JDBC Connection [HikariProxyConnection@2083717699 wrapping com.mysql.cj.jdbc.ConnectionImpl@4aaac99] will not be managed by Spring
==>  Preparing: SELECT id,username,password,phone,status,avatar,create_time FROM sys_user WHERE id IN ( ? , ? , ? , ? , ? , ? , ? , ? , ? , ? , ? , ? )
==> Parameters: 1(Long), 17(Long), 18(Long), 19(Long), 20(Long), 22(Long), 23(Long), 7(Long), 11(Long), 12(Long), 13(Long), 14(Long)
<==    Columns: id, username, password, phone, status, avatar, create_time
<==        Row: 1, lx, $2a$10$DY8p4Q7r/lnC2ax327OH/u439shvAv9lH895iyIYyLxfz9cRgKKgW, 19185939281, 1, http://localhost:8080/uploads/avatars/avatar_1_1782735664998.png, 2026-06-21 20:09:20
<==        Row: 7, espresso_queen, $2a$10$N.zmdr9k7uOCQb376NoUnuTJ8iAt6Z5EHsM8lE9lBOsl7iKTVKIUi, 13800000004, 1, null, 2026-06-23 06:40:41
<==        Row: 11, cold_brew_king, $2a$10$N.zmdr9k7uOCQb376NoUnuTJ8iAt6Z5EHsM8lE9lBOsl7iKTVKIUi, 13800000008, 1, null, 2026-06-23 06:40:41
<==        Row: 12, coffee_snob, $2a$10$N.zmdr9k7uOCQb376NoUnuTJ8iAt6Z5EHsM8lE9lBOsl7iKTVKIUi, 13800000009, 1, null, 2026-06-23 06:40:41
<==        Row: 13, matcha_latte, $2a$10$N.zmdr9k7uOCQb376NoUnuTJ8iAt6Z5EHsM8lE9lBOsl7iKTVKIUi, 13800000010, 1, null, 2026-06-23 06:40:41
<==        Row: 14, cafe_hunter, $2a$10$N.zmdr9k7uOCQb376NoUnuTJ8iAt6Z5EHsM8lE9lBOsl7iKTVKIUi, 13800000011, 1, null, 2026-06-23 06:40:41
<==        Row: 17, single_origin, $2a$10$N.zmdr9k7uOCQb376NoUnuTJ8iAt6Z5EHsM8lE9lBOsl7iKTVKIUi, 13800000014, 1, null, 2026-06-23 06:40:41
<==        Row: 18, flat_white_love, $2a$10$N.zmdr9k7uOCQb376NoUnuTJ8iAt6Z5EHsM8lE9lBOsl7iKTVKIUi, 13800000015, 1, null, 2026-06-23 06:40:41
<==        Row: 19, coffee_daily, $2a$10$N.zmdr9k7uOCQb376NoUnuTJ8iAt6Z5EHsM8lE9lBOsl7iKTVKIUi, 13800000016, 1, null, 2026-06-23 06:40:41
<==        Row: 20, bean_hunter, $2a$10$N.zmdr9k7uOCQb376NoUnuTJ8iAt6Z5EHsM8lE9lBOsl7iKTVKIUi, 13800000017, 1, null, 2026-06-23 06:40:41
<==        Row: 22, ristretto_lover, $2a$10$N.zmdr9k7uOCQb376NoUnuTJ8iAt6Z5EHsM8lE9lBOsl7iKTVKIUi, 13800000019, 1, null, 2026-06-23 06:40:41
<==        Row: 23, coffee_taster, $2a$10$N.zmdr9k7uOCQb376NoUnuTJ8iAt6Z5EHsM8lE9lBOsl7iKTVKIUi, 13800000020, 1, null, 2026-06-23 06:40:41
<==      Total: 12
Closing non transactional SqlSession [org.apache.ibatis.session.defaults.DefaultSqlSession@7cfabeaf]
Creating a new SqlSession
SqlSession [org.apache.ibatis.session.defaults.DefaultSqlSession@1c02deee] was not registered for synchronization because synchronization is not active
JDBC Connection [HikariProxyConnection@33249082 wrapping com.mysql.cj.jdbc.ConnectionImpl@4ec130ec] will not be managed by Spring
==>  Preparing: SELECT id,username,password,phone,status,avatar,create_time FROM sys_user WHERE id IN ( ? )
==> Parameters: 24(Long)
<==    Columns: id, username, password, phone, status, avatar, create_time
<==        Row: 24, lll, $2a$10$sbWgOWeCZV5MW4u88F8CMuxgJ.Phw6clars6Z.Ch1f9wtSKQBwc5O, 19185999881, 1, /uploads/avatars/avatar_24_1782727101006.png, 2026-06-27 21:53:05
<==      Total: 1
Closing non transactional SqlSession [org.apache.ibatis.session.defaults.DefaultSqlSession@1c02deee]
Creating a new SqlSession
SqlSession [org.apache.ibatis.session.defaults.DefaultSqlSession@19dd271c] was not registered for synchronization because synchronization is not active
JDBC Connection [HikariProxyConnection@674679537 wrapping com.mysql.cj.jdbc.ConnectionImpl@79956262] will not be managed by Spring
==>  Preparing: SELECT id,username,password,phone,status,avatar,create_time FROM sys_user WHERE id IN ( ? , ? , ? , ? , ? , ? , ? , ? , ? , ? , ? , ? )
==> Parameters: 1(Long), 17(Long), 18(Long), 19(Long), 20(Long), 22(Long), 23(Long), 7(Long), 11(Long), 12(Long), 13(Long), 14(Long)
<==    Columns: id, username, password, phone, status, avatar, create_time
<==        Row: 1, lx, $2a$10$DY8p4Q7r/lnC2ax327OH/u439shvAv9lH895iyIYyLxfz9cRgKKgW, 19185939281, 1, http://localhost:8080/uploads/avatars/avatar_1_1782735664998.png, 2026-06-21 20:09:20
<==        Row: 7, espresso_queen, $2a$10$N.zmdr9k7uOCQb376NoUnuTJ8iAt6Z5EHsM8lE9lBOsl7iKTVKIUi, 13800000004, 1, null, 2026-06-23 06:40:41
<==        Row: 11, cold_brew_king, $2a$10$N.zmdr9k7uOCQb376NoUnuTJ8iAt6Z5EHsM8lE9lBOsl7iKTVKIUi, 13800000008, 1, null, 2026-06-23 06:40:41
<==        Row: 12, coffee_snob, $2a$10$N.zmdr9k7uOCQb376NoUnuTJ8iAt6Z5EHsM8lE9lBOsl7iKTVKIUi, 13800000009, 1, null, 2026-06-23 06:40:41
<==        Row: 13, matcha_latte, $2a$10$N.zmdr9k7uOCQb376NoUnuTJ8iAt6Z5EHsM8lE9lBOsl7iKTVKIUi, 13800000010, 1, null, 2026-06-23 06:40:41
<==        Row: 14, cafe_hunter, $2a$10$N.zmdr9k7uOCQb376NoUnuTJ8iAt6Z5EHsM8lE9lBOsl7iKTVKIUi, 13800000011, 1, null, 2026-06-23 06:40:41
<==        Row: 17, single_origin, $2a$10$N.zmdr9k7uOCQb376NoUnuTJ8iAt6Z5EHsM8lE9lBOsl7iKTVKIUi, 13800000014, 1, null, 2026-06-23 06:40:41
<==        Row: 18, flat_white_love, $2a$10$N.zmdr9k7uOCQb376NoUnuTJ8iAt6Z5EHsM8lE9lBOsl7iKTVKIUi, 13800000015, 1, null, 2026-06-23 06:40:41
<==        Row: 19, coffee_daily, $2a$10$N.zmdr9k7uOCQb376NoUnuTJ8iAt6Z5EHsM8lE9lBOsl7iKTVKIUi, 13800000016, 1, null, 2026-06-23 06:40:41
<==        Row: 20, bean_hunter, $2a$10$N.zmdr9k7uOCQb376NoUnuTJ8iAt6Z5EHsM8lE9lBOsl7iKTVKIUi, 13800000017, 1, null, 2026-06-23 06:40:41
<==        Row: 22, ristretto_lover, $2a$10$N.zmdr9k7uOCQb376NoUnuTJ8iAt6Z5EHsM8lE9lBOsl7iKTVKIUi, 13800000019, 1, null, 2026-06-23 06:40:41
<==        Row: 23, coffee_taster, $2a$10$N.zmdr9k7uOCQb376NoUnuTJ8iAt6Z5EHsM8lE9lBOsl7iKTVKIUi, 13800000020, 1, null, 2026-06-23 06:40:41
<==      Total: 12
Closing non transactional SqlSession [org.apache.ibatis.session.defaults.DefaultSqlSession@19dd271c]
Creating a new SqlSession
Creating a new SqlSession
SqlSession [org.apache.ibatis.session.defaults.DefaultSqlSession@5b0ae51a] was not registered for synchronization because synchronization is not active
SqlSession [org.apache.ibatis.session.defaults.DefaultSqlSession@2aeb6d76] was not registered for synchronization because synchronization is not active
JDBC Connection [HikariProxyConnection@1449839196 wrapping com.mysql.cj.jdbc.ConnectionImpl@79956262] will not be managed by Spring
JDBC Connection [HikariProxyConnection@1911729558 wrapping com.mysql.cj.jdbc.ConnectionImpl@3673b514] will not be managed by Spring
==>  Preparing: SELECT id,username,password,phone,status,avatar,create_time FROM sys_user WHERE id=?
==>  Preparing: SELECT id,username,password,phone,status,avatar,create_time FROM sys_user WHERE id IN ( ? )
==> Parameters: 1(Long)
==> Parameters: 1(Long)
<==    Columns: id, username, password, phone, status, avatar, create_time
<==        Row: 1, lx, $2a$10$DY8p4Q7r/lnC2ax327OH/u439shvAv9lH895iyIYyLxfz9cRgKKgW, 19185939281, 1, http://localhost:8080/uploads/avatars/avatar_1_1782735664998.png, 2026-06-21 20:09:20
<==    Columns: id, username, password, phone, status, avatar, create_time
<==      Total: 1
<==        Row: 1, lx, $2a$10$DY8p4Q7r/lnC2ax327OH/u439shvAv9lH895iyIYyLxfz9cRgKKgW, 19185939281, 1, http://localhost:8080/uploads/avatars/avatar_1_1782735664998.png, 2026-06-21 20:09:20
Closing non transactional SqlSession [org.apache.ibatis.session.defaults.DefaultSqlSession@5b0ae51a]
<==      Total: 1
Closing non transactional SqlSession [org.apache.ibatis.session.defaults.DefaultSqlSession@2aeb6d76]
Creating a new SqlSession
SqlSession [org.apache.ibatis.session.defaults.DefaultSqlSession@49d559b5] was not registered for synchronization because synchronization is not active
JDBC Connection [HikariProxyConnection@1718282008 wrapping com.mysql.cj.jdbc.ConnectionImpl@3673b514] will not be managed by Spring
==>  Preparing: SELECT id,username,password,phone,status,avatar,create_time FROM sys_user WHERE id IN ( ? )
==> Parameters: 24(Long)
<==    Columns: id, username, password, phone, status, avatar, create_time
<==        Row: 24, lll, $2a$10$sbWgOWeCZV5MW4u88F8CMuxgJ.Phw6clars6Z.Ch1f9wtSKQBwc5O, 19185999881, 1, /uploads/avatars/avatar_24_1782727101006.png, 2026-06-27 21:53:05
<==      Total: 1
Closing non transactional SqlSession [org.apache.ibatis.session.defaults.DefaultSqlSession@49d559b5]
Creating a new SqlSession
SqlSession [org.apache.ibatis.session.defaults.DefaultSqlSession@2025080b] was not registered for synchronization because synchronization is not active
JDBC Connection [HikariProxyConnection@569361042 wrapping com.mysql.cj.jdbc.ConnectionImpl@3673b514] will not be managed by Spring
==>  Preparing: SELECT id,username,password,phone,status,avatar,create_time FROM sys_user WHERE id IN ( ? , ? )
==> Parameters: 24(Long), 21(Long)
<==    Columns: id, username, password, phone, status, avatar, create_time
<==        Row: 21, macchiato_fan, $2a$10$N.zmdr9k7uOCQb376NoUnuTJ8iAt6Z5EHsM8lE9lBOsl7iKTVKIUi, 13800000018, 1, null, 2026-06-23 06:40:41
<==        Row: 24, lll, $2a$10$sbWgOWeCZV5MW4u88F8CMuxgJ.Phw6clars6Z.Ch1f9wtSKQBwc5O, 19185999881, 1, /uploads/avatars/avatar_24_1782727101006.png, 2026-06-27 21:53:05
<==      Total: 2
Closing non transactional SqlSession [org.apache.ibatis.session.defaults.DefaultSqlSession@2025080b]
Creating a new SqlSession
SqlSession [org.apache.ibatis.session.defaults.DefaultSqlSession@2a95c6f] was not registered for synchronization because synchronization is not active
JDBC Connection [HikariProxyConnection@745636381 wrapping com.mysql.cj.jdbc.ConnectionImpl@417086e4] will not be managed by Spring
==>  Preparing: SELECT id,username,password,phone,status,avatar,create_time FROM sys_user WHERE id IN ( ? , ? )
==> Parameters: 24(Long), 21(Long)
<==    Columns: id, username, password, phone, status, avatar, create_time
<==        Row: 21, macchiato_fan, $2a$10$N.zmdr9k7uOCQb376NoUnuTJ8iAt6Z5EHsM8lE9lBOsl7iKTVKIUi, 13800000018, 1, null, 2026-06-23 06:40:41
<==        Row: 24, lll, $2a$10$sbWgOWeCZV5MW4u88F8CMuxgJ.Phw6clars6Z.Ch1f9wtSKQBwc5O, 19185999881, 1, /uploads/avatars/avatar_24_1782727101006.png, 2026-06-27 21:53:05
<==      Total: 2
Closing non transactional SqlSession [org.apache.ibatis.session.defaults.DefaultSqlSession@2a95c6f]
Creating a new SqlSession
SqlSession [org.apache.ibatis.session.defaults.DefaultSqlSession@196c5d80] was not registered for synchronization because synchronization is not active
JDBC Connection [HikariProxyConnection@293694454 wrapping com.mysql.cj.jdbc.ConnectionImpl@417086e4] will not be managed by Spring
==>  Preparing: SELECT id,username,password,phone,status,avatar,create_time FROM sys_user WHERE id IN ( ? , ? )
==> Parameters: 24(Long), 21(Long)
<==    Columns: id, username, password, phone, status, avatar, create_time
<==        Row: 21, macchiato_fan, $2a$10$N.zmdr9k7uOCQb376NoUnuTJ8iAt6Z5EHsM8lE9lBOsl7iKTVKIUi, 13800000018, 1, null, 2026-06-23 06:40:41
<==        Row: 24, lll, $2a$10$sbWgOWeCZV5MW4u88F8CMuxgJ.Phw6clars6Z.Ch1f9wtSKQBwc5O, 19185999881, 1, /uploads/avatars/avatar_24_1782727101006.png, 2026-06-27 21:53:05
<==      Total: 2
Closing non transactional SqlSession [org.apache.ibatis.session.defaults.DefaultSqlSession@196c5d80]
Creating a new SqlSession
SqlSession [org.apache.ibatis.session.defaults.DefaultSqlSession@18a5a49f] was not registered for synchronization because synchronization is not active
JDBC Connection [HikariProxyConnection@830701282 wrapping com.mysql.cj.jdbc.ConnectionImpl@417086e4] will not be managed by Spring
==>  Preparing: SELECT id,username,password,phone,status,avatar,create_time FROM sys_user WHERE id IN ( ? , ? , ? , ? , ? , ? , ? , ? , ? , ? , ? , ? )
==> Parameters: 1(Long), 17(Long), 18(Long), 19(Long), 20(Long), 22(Long), 23(Long), 7(Long), 11(Long), 12(Long), 13(Long), 14(Long)
<==    Columns: id, username, password, phone, status, avatar, create_time
<==        Row: 1, lx, $2a$10$DY8p4Q7r/lnC2ax327OH/u439shvAv9lH895iyIYyLxfz9cRgKKgW, 19185939281, 1, http://localhost:8080/uploads/avatars/avatar_1_1782735664998.png, 2026-06-21 20:09:20
<==        Row: 7, espresso_queen, $2a$10$N.zmdr9k7uOCQb376NoUnuTJ8iAt6Z5EHsM8lE9lBOsl7iKTVKIUi, 13800000004, 1, null, 2026-06-23 06:40:41
<==        Row: 11, cold_brew_king, $2a$10$N.zmdr9k7uOCQb376NoUnuTJ8iAt6Z5EHsM8lE9lBOsl7iKTVKIUi, 13800000008, 1, null, 2026-06-23 06:40:41
<==        Row: 12, coffee_snob, $2a$10$N.zmdr9k7uOCQb376NoUnuTJ8iAt6Z5EHsM8lE9lBOsl7iKTVKIUi, 13800000009, 1, null, 2026-06-23 06:40:41
<==        Row: 13, matcha_latte, $2a$10$N.zmdr9k7uOCQb376NoUnuTJ8iAt6Z5EHsM8lE9lBOsl7iKTVKIUi, 13800000010, 1, null, 2026-06-23 06:40:41
<==        Row: 14, cafe_hunter, $2a$10$N.zmdr9k7uOCQb376NoUnuTJ8iAt6Z5EHsM8lE9lBOsl7iKTVKIUi, 13800000011, 1, null, 2026-06-23 06:40:41
<==        Row: 17, single_origin, $2a$10$N.zmdr9k7uOCQb376NoUnuTJ8iAt6Z5EHsM8lE9lBOsl7iKTVKIUi, 13800000014, 1, null, 2026-06-23 06:40:41
<==        Row: 18, flat_white_love, $2a$10$N.zmdr9k7uOCQb376NoUnuTJ8iAt6Z5EHsM8lE9lBOsl7iKTVKIUi, 13800000015, 1, null, 2026-06-23 06:40:41
<==        Row: 19, coffee_daily, $2a$10$N.zmdr9k7uOCQb376NoUnuTJ8iAt6Z5EHsM8lE9lBOsl7iKTVKIUi, 13800000016, 1, null, 2026-06-23 06:40:41
<==        Row: 20, bean_hunter, $2a$10$N.zmdr9k7uOCQb376NoUnuTJ8iAt6Z5EHsM8lE9lBOsl7iKTVKIUi, 13800000017, 1, null, 2026-06-23 06:40:41
<==        Row: 22, ristretto_lover, $2a$10$N.zmdr9k7uOCQb376NoUnuTJ8iAt6Z5EHsM8lE9lBOsl7iKTVKIUi, 13800000019, 1, null, 2026-06-23 06:40:41
<==        Row: 23, coffee_taster, $2a$10$N.zmdr9k7uOCQb376NoUnuTJ8iAt6Z5EHsM8lE9lBOsl7iKTVKIUi, 13800000020, 1, null, 2026-06-23 06:40:41
<==      Total: 12
Closing non transactional SqlSession [org.apache.ibatis.session.defaults.DefaultSqlSession@18a5a49f]
Creating a new SqlSession
SqlSession [org.apache.ibatis.session.defaults.DefaultSqlSession@4686ef39] was not registered for synchronization because synchronization is not active
JDBC Connection [HikariProxyConnection@586966114 wrapping com.mysql.cj.jdbc.ConnectionImpl@417086e4] will not be managed by Spring
==>  Preparing: SELECT id,username,password,phone,status,avatar,create_time FROM sys_user WHERE id IN ( ? , ? , ? , ? , ? , ? , ? , ? , ? , ? , ? , ? )
==> Parameters: 1(Long), 17(Long), 18(Long), 19(Long), 20(Long), 22(Long), 23(Long), 7(Long), 11(Long), 12(Long), 13(Long), 14(Long)
<==    Columns: id, username, password, phone, status, avatar, create_time
<==        Row: 1, lx, $2a$10$DY8p4Q7r/lnC2ax327OH/u439shvAv9lH895iyIYyLxfz9cRgKKgW, 19185939281, 1, http://localhost:8080/uploads/avatars/avatar_1_1782735664998.png, 2026-06-21 20:09:20
<==        Row: 7, espresso_queen, $2a$10$N.zmdr9k7uOCQb376NoUnuTJ8iAt6Z5EHsM8lE9lBOsl7iKTVKIUi, 13800000004, 1, null, 2026-06-23 06:40:41
<==        Row: 11, cold_brew_king, $2a$10$N.zmdr9k7uOCQb376NoUnuTJ8iAt6Z5EHsM8lE9lBOsl7iKTVKIUi, 13800000008, 1, null, 2026-06-23 06:40:41
<==        Row: 12, coffee_snob, $2a$10$N.zmdr9k7uOCQb376NoUnuTJ8iAt6Z5EHsM8lE9lBOsl7iKTVKIUi, 13800000009, 1, null, 2026-06-23 06:40:41
<==        Row: 13, matcha_latte, $2a$10$N.zmdr9k7uOCQb376NoUnuTJ8iAt6Z5EHsM8lE9lBOsl7iKTVKIUi, 13800000010, 1, null, 2026-06-23 06:40:41
<==        Row: 14, cafe_hunter, $2a$10$N.zmdr9k7uOCQb376NoUnuTJ8iAt6Z5EHsM8lE9lBOsl7iKTVKIUi, 13800000011, 1, null, 2026-06-23 06:40:41
<==        Row: 17, single_origin, $2a$10$N.zmdr9k7uOCQb376NoUnuTJ8iAt6Z5EHsM8lE9lBOsl7iKTVKIUi, 13800000014, 1, null, 2026-06-23 06:40:41
<==        Row: 18, flat_white_love, $2a$10$N.zmdr9k7uOCQb376NoUnuTJ8iAt6Z5EHsM8lE9lBOsl7iKTVKIUi, 13800000015, 1, null, 2026-06-23 06:40:41
<==        Row: 19, coffee_daily, $2a$10$N.zmdr9k7uOCQb376NoUnuTJ8iAt6Z5EHsM8lE9lBOsl7iKTVKIUi, 13800000016, 1, null, 2026-06-23 06:40:41
<==        Row: 20, bean_hunter, $2a$10$N.zmdr9k7uOCQb376NoUnuTJ8iAt6Z5EHsM8lE9lBOsl7iKTVKIUi, 13800000017, 1, null, 2026-06-23 06:40:41
<==        Row: 22, ristretto_lover, $2a$10$N.zmdr9k7uOCQb376NoUnuTJ8iAt6Z5EHsM8lE9lBOsl7iKTVKIUi, 13800000019, 1, null, 2026-06-23 06:40:41
<==        Row: 23, coffee_taster, $2a$10$N.zmdr9k7uOCQb376NoUnuTJ8iAt6Z5EHsM8lE9lBOsl7iKTVKIUi, 13800000020, 1, null, 2026-06-23 06:40:41
<==      Total: 12
Closing non transactional SqlSession [org.apache.ibatis.session.defaults.DefaultSqlSession@4686ef39]
Creating a new SqlSession
SqlSession [org.apache.ibatis.session.defaults.DefaultSqlSession@1bcecea2] was not registered for synchronization because synchronization is not active
JDBC Connection [HikariProxyConnection@2016748703 wrapping com.mysql.cj.jdbc.ConnectionImpl@417086e4] will not be managed by Spring
==>  Preparing: SELECT id,username,password,phone,status,avatar,create_time FROM sys_user WHERE id IN ( ? , ? , ? , ? , ? , ? , ? , ? , ? )
==> Parameters: 16(Long), 1(Long), 17(Long), 18(Long), 19(Long), 20(Long), 21(Long), 22(Long), 23(Long)
<==    Columns: id, username, password, phone, status, avatar, create_time
<==        Row: 1, lx, $2a$10$DY8p4Q7r/lnC2ax327OH/u439shvAv9lH895iyIYyLxfz9cRgKKgW, 19185939281, 1, http://localhost:8080/uploads/avatars/avatar_1_1782735664998.png, 2026-06-21 20:09:20
<==        Row: 16, cappuccino_boy, $2a$10$N.zmdr9k7uOCQb376NoUnuTJ8iAt6Z5EHsM8lE9lBOsl7iKTVKIUi, 13800000013, 1, null, 2026-06-23 06:40:41
<==        Row: 17, single_origin, $2a$10$N.zmdr9k7uOCQb376NoUnuTJ8iAt6Z5EHsM8lE9lBOsl7iKTVKIUi, 13800000014, 1, null, 2026-06-23 06:40:41
<==        Row: 18, flat_white_love, $2a$10$N.zmdr9k7uOCQb376NoUnuTJ8iAt6Z5EHsM8lE9lBOsl7iKTVKIUi, 13800000015, 1, null, 2026-06-23 06:40:41
<==        Row: 19, coffee_daily, $2a$10$N.zmdr9k7uOCQb376NoUnuTJ8iAt6Z5EHsM8lE9lBOsl7iKTVKIUi, 13800000016, 1, null, 2026-06-23 06:40:41
<==        Row: 20, bean_hunter, $2a$10$N.zmdr9k7uOCQb376NoUnuTJ8iAt6Z5EHsM8lE9lBOsl7iKTVKIUi, 13800000017, 1, null, 2026-06-23 06:40:41
<==        Row: 21, macchiato_fan, $2a$10$N.zmdr9k7uOCQb376NoUnuTJ8iAt6Z5EHsM8lE9lBOsl7iKTVKIUi, 13800000018, 1, null, 2026-06-23 06:40:41
<==        Row: 22, ristretto_lover, $2a$10$N.zmdr9k7uOCQb376NoUnuTJ8iAt6Z5EHsM8lE9lBOsl7iKTVKIUi, 13800000019, 1, null, 2026-06-23 06:40:41
<==        Row: 23, coffee_taster, $2a$10$N.zmdr9k7uOCQb376NoUnuTJ8iAt6Z5EHsM8lE9lBOsl7iKTVKIUi, 13800000020, 1, null, 2026-06-23 06:40:41
<==      Total: 9
Closing non transactional SqlSession [org.apache.ibatis.session.defaults.DefaultSqlSession@1bcecea2]
Creating a new SqlSession
SqlSession [org.apache.ibatis.session.defaults.DefaultSqlSession@5bd1dc2] was not registered for synchronization because synchronization is not active
JDBC Connection [HikariProxyConnection@814338230 wrapping com.mysql.cj.jdbc.ConnectionImpl@417086e4] will not be managed by Spring
==>  Preparing: SELECT id,username,password,phone,status,avatar,create_time FROM sys_user WHERE id IN ( ? )
==> Parameters: 5(Long)
<==    Columns: id, username, password, phone, status, avatar, create_time
<==        Row: 5, barista_wang, $2a$10$N.zmdr9k7uOCQb376NoUnuTJ8iAt6Z5EHsM8lE9lBOsl7iKTVKIUi, 13800000002, 1, null, 2026-06-23 06:40:41
<==      Total: 1
Closing non transactional SqlSession [org.apache.ibatis.session.defaults.DefaultSqlSession@5bd1dc2]
Creating a new SqlSession
SqlSession [org.apache.ibatis.session.defaults.DefaultSqlSession@3522f35] was not registered for synchronization because synchronization is not active
JDBC Connection [HikariProxyConnection@1927083841 wrapping com.mysql.cj.jdbc.ConnectionImpl@417086e4] will not be managed by Spring
==>  Preparing: SELECT id,username,password,phone,status,avatar,create_time FROM sys_user WHERE id IN ( ? , ? , ? , ? , ? , ? , ? , ? , ? , ? , ? , ? )
==> Parameters: 1(Long), 17(Long), 18(Long), 19(Long), 20(Long), 22(Long), 23(Long), 7(Long), 11(Long), 12(Long), 13(Long), 14(Long)
<==    Columns: id, username, password, phone, status, avatar, create_time
<==        Row: 1, lx, $2a$10$DY8p4Q7r/lnC2ax327OH/u439shvAv9lH895iyIYyLxfz9cRgKKgW, 19185939281, 1, http://localhost:8080/uploads/avatars/avatar_1_1782735664998.png, 2026-06-21 20:09:20
<==        Row: 7, espresso_queen, $2a$10$N.zmdr9k7uOCQb376NoUnuTJ8iAt6Z5EHsM8lE9lBOsl7iKTVKIUi, 13800000004, 1, null, 2026-06-23 06:40:41
<==        Row: 11, cold_brew_king, $2a$10$N.zmdr9k7uOCQb376NoUnuTJ8iAt6Z5EHsM8lE9lBOsl7iKTVKIUi, 13800000008, 1, null, 2026-06-23 06:40:41
<==        Row: 12, coffee_snob, $2a$10$N.zmdr9k7uOCQb376NoUnuTJ8iAt6Z5EHsM8lE9lBOsl7iKTVKIUi, 13800000009, 1, null, 2026-06-23 06:40:41
<==        Row: 13, matcha_latte, $2a$10$N.zmdr9k7uOCQb376NoUnuTJ8iAt6Z5EHsM8lE9lBOsl7iKTVKIUi, 13800000010, 1, null, 2026-06-23 06:40:41
<==        Row: 14, cafe_hunter, $2a$10$N.zmdr9k7uOCQb376NoUnuTJ8iAt6Z5EHsM8lE9lBOsl7iKTVKIUi, 13800000011, 1, null, 2026-06-23 06:40:41
<==        Row: 17, single_origin, $2a$10$N.zmdr9k7uOCQb376NoUnuTJ8iAt6Z5EHsM8lE9lBOsl7iKTVKIUi, 13800000014, 1, null, 2026-06-23 06:40:41
<==        Row: 18, flat_white_love, $2a$10$N.zmdr9k7uOCQb376NoUnuTJ8iAt6Z5EHsM8lE9lBOsl7iKTVKIUi, 13800000015, 1, null, 2026-06-23 06:40:41
<==        Row: 19, coffee_daily, $2a$10$N.zmdr9k7uOCQb376NoUnuTJ8iAt6Z5EHsM8lE9lBOsl7iKTVKIUi, 13800000016, 1, null, 2026-06-23 06:40:41
<==        Row: 20, bean_hunter, $2a$10$N.zmdr9k7uOCQb376NoUnuTJ8iAt6Z5EHsM8lE9lBOsl7iKTVKIUi, 13800000017, 1, null, 2026-06-23 06:40:41
<==        Row: 22, ristretto_lover, $2a$10$N.zmdr9k7uOCQb376NoUnuTJ8iAt6Z5EHsM8lE9lBOsl7iKTVKIUi, 13800000019, 1, null, 2026-06-23 06:40:41
<==        Row: 23, coffee_taster, $2a$10$N.zmdr9k7uOCQb376NoUnuTJ8iAt6Z5EHsM8lE9lBOsl7iKTVKIUi, 13800000020, 1, null, 2026-06-23 06:40:41
<==      Total: 12
Closing non transactional SqlSession [org.apache.ibatis.session.defaults.DefaultSqlSession@3522f35]
Creating a new SqlSession
SqlSession [org.apache.ibatis.session.defaults.DefaultSqlSession@72d04de8] was not registered for synchronization because synchronization is not active
JDBC Connection [HikariProxyConnection@1376868549 wrapping com.mysql.cj.jdbc.ConnectionImpl@417086e4] will not be managed by Spring
==>  Preparing: SELECT id,username,password,phone,status,avatar,create_time FROM sys_user WHERE id IN ( ? )
==> Parameters: 24(Long)
<==    Columns: id, username, password, phone, status, avatar, create_time
<==        Row: 24, lll, $2a$10$sbWgOWeCZV5MW4u88F8CMuxgJ.Phw6clars6Z.Ch1f9wtSKQBwc5O, 19185999881, 1, /uploads/avatars/avatar_24_1782727101006.png, 2026-06-27 21:53:05
<==      Total: 1
Closing non transactional SqlSession [org.apache.ibatis.session.defaults.DefaultSqlSession@72d04de8]
Creating a new SqlSession
SqlSession [org.apache.ibatis.session.defaults.DefaultSqlSession@a5a1d1b] was not registered for synchronization because synchronization is not active
JDBC Connection [HikariProxyConnection@86100044 wrapping com.mysql.cj.jdbc.ConnectionImpl@417086e4] will not be managed by Spring
==>  Preparing: SELECT id,username,password,phone,status,avatar,create_time FROM sys_user WHERE id IN ( ? )
==> Parameters: 24(Long)
<==    Columns: id, username, password, phone, status, avatar, create_time
<==        Row: 24, lll, $2a$10$sbWgOWeCZV5MW4u88F8CMuxgJ.Phw6clars6Z.Ch1f9wtSKQBwc5O, 19185999881, 1, /uploads/avatars/avatar_24_1782727101006.png, 2026-06-27 21:53:05
<==      Total: 1
Closing non transactional SqlSession [org.apache.ibatis.session.defaults.DefaultSqlSession@a5a1d1b]
Creating a new SqlSession
SqlSession [org.apache.ibatis.session.defaults.DefaultSqlSession@9b1448c] was not registered for synchronization because synchronization is not active
JDBC Connection [HikariProxyConnection@852343620 wrapping com.mysql.cj.jdbc.ConnectionImpl@417086e4] will not be managed by Spring
==>  Preparing: SELECT id,username,password,phone,status,avatar,create_time FROM sys_user WHERE id=?
==> Parameters: 1(Long)
<==    Columns: id, username, password, phone, status, avatar, create_time
<==        Row: 1, lx, $2a$10$DY8p4Q7r/lnC2ax327OH/u439shvAv9lH895iyIYyLxfz9cRgKKgW, 19185939281, 1, http://localhost:8080/uploads/avatars/avatar_1_1782735664998.png, 2026-06-21 20:09:20
<==      Total: 1
Closing non transactional SqlSession [org.apache.ibatis.session.defaults.DefaultSqlSession@9b1448c]
Creating a new SqlSession
SqlSession [org.apache.ibatis.session.defaults.DefaultSqlSession@44ff87b5] was not registered for synchronization because synchronization is not active
JDBC Connection [HikariProxyConnection@1983976700 wrapping com.mysql.cj.jdbc.ConnectionImpl@417086e4] will not be managed by Spring
==>  Preparing: SELECT id,username,password,phone,status,avatar,create_time FROM sys_user WHERE id IN ( ? )
==> Parameters: 1(Long)
<==    Columns: id, username, password, phone, status, avatar, create_time
<==        Row: 1, lx, $2a$10$DY8p4Q7r/lnC2ax327OH/u439shvAv9lH895iyIYyLxfz9cRgKKgW, 19185939281, 1, http://localhost:8080/uploads/avatars/avatar_1_1782735664998.png, 2026-06-21 20:09:20
<==      Total: 1
Closing non transactional SqlSession [org.apache.ibatis.session.defaults.DefaultSqlSession@44ff87b5]
Creating a new SqlSession
SqlSession [org.apache.ibatis.session.defaults.DefaultSqlSession@3c4d3822] was not registered for synchronization because synchronization is not active
JDBC Connection [HikariProxyConnection@1283624270 wrapping com.mysql.cj.jdbc.ConnectionImpl@417086e4] will not be managed by Spring
==>  Preparing: SELECT id,username,password,phone,status,avatar,create_time FROM sys_user WHERE id=?
==> Parameters: 1(Long)
<==    Columns: id, username, password, phone, status, avatar, create_time
<==        Row: 1, lx, $2a$10$DY8p4Q7r/lnC2ax327OH/u439shvAv9lH895iyIYyLxfz9cRgKKgW, 19185939281, 1, http://localhost:8080/uploads/avatars/avatar_1_1782735664998.png, 2026-06-21 20:09:20
<==      Total: 1
Closing non transactional SqlSession [org.apache.ibatis.session.defaults.DefaultSqlSession@3c4d3822]
Creating a new SqlSession
SqlSession [org.apache.ibatis.session.defaults.DefaultSqlSession@7c3d5a9c] was not registered for synchronization because synchronization is not active
JDBC Connection [HikariProxyConnection@1888698932 wrapping com.mysql.cj.jdbc.ConnectionImpl@417086e4] will not be managed by Spring
==>  Preparing: SELECT id,username,password,phone,status,avatar,create_time FROM sys_user WHERE id IN ( ? )
==> Parameters: 1(Long)
<==    Columns: id, username, password, phone, status, avatar, create_time
<==        Row: 1, lx, $2a$10$DY8p4Q7r/lnC2ax327OH/u439shvAv9lH895iyIYyLxfz9cRgKKgW, 19185939281, 1, http://localhost:8080/uploads/avatars/avatar_1_1782735664998.png, 2026-06-21 20:09:20
<==      Total: 1
Closing non transactional SqlSession [org.apache.ibatis.session.defaults.DefaultSqlSession@7c3d5a9c]
Creating a new SqlSession
SqlSession [org.apache.ibatis.session.defaults.DefaultSqlSession@56405551] was not registered for synchronization because synchronization is not active
JDBC Connection [HikariProxyConnection@203958343 wrapping com.mysql.cj.jdbc.ConnectionImpl@417086e4] will not be managed by Spring
==>  Preparing: SELECT id,username,password,phone,status,avatar,create_time FROM sys_user WHERE id=?
==> Parameters: 1(Long)
<==    Columns: id, username, password, phone, status, avatar, create_time
<==        Row: 1, lx, $2a$10$DY8p4Q7r/lnC2ax327OH/u439shvAv9lH895iyIYyLxfz9cRgKKgW, 19185939281, 1, http://localhost:8080/uploads/avatars/avatar_1_1782735664998.png, 2026-06-21 20:09:20
<==      Total: 1
Closing non transactional SqlSession [org.apache.ibatis.session.defaults.DefaultSqlSession@56405551]
Creating a new SqlSession
SqlSession [org.apache.ibatis.session.defaults.DefaultSqlSession@7dea8ee1] was not registered for synchronization because synchronization is not active
JDBC Connection [HikariProxyConnection@282386323 wrapping com.mysql.cj.jdbc.ConnectionImpl@417086e4] will not be managed by Spring
==>  Preparing: SELECT id,username,password,phone,status,avatar,create_time FROM sys_user WHERE id=?
==> Parameters: 1(Long)
<==    Columns: id, username, password, phone, status, avatar, create_time
<==        Row: 1, lx, $2a$10$DY8p4Q7r/lnC2ax327OH/u439shvAv9lH895iyIYyLxfz9cRgKKgW, 19185939281, 1, http://localhost:8080/uploads/avatars/avatar_1_1782735664998.png, 2026-06-21 20:09:20
<==      Total: 1
Closing non transactional SqlSession [org.apache.ibatis.session.defaults.DefaultSqlSession@7dea8ee1]
Creating a new SqlSession
SqlSession [org.apache.ibatis.session.defaults.DefaultSqlSession@12546399] was not registered for synchronization because synchronization is not active
JDBC Connection [HikariProxyConnection@707697737 wrapping com.mysql.cj.jdbc.ConnectionImpl@417086e4] will not be managed by Spring
==>  Preparing: SELECT id,username,password,phone,status,avatar,create_time FROM sys_user WHERE id IN ( ? )
==> Parameters: 1(Long)
<==    Columns: id, username, password, phone, status, avatar, create_time
<==        Row: 1, lx, $2a$10$DY8p4Q7r/lnC2ax327OH/u439shvAv9lH895iyIYyLxfz9cRgKKgW, 19185939281, 1, http://localhost:8080/uploads/avatars/avatar_1_1782735664998.png, 2026-06-21 20:09:20
<==      Total: 1
Closing non transactional SqlSession [org.apache.ibatis.session.defaults.DefaultSqlSession@12546399]
Creating a new SqlSession
SqlSession [org.apache.ibatis.session.defaults.DefaultSqlSession@1e8a27a4] was not registered for synchronization because synchronization is not active
JDBC Connection [HikariProxyConnection@1263763583 wrapping com.mysql.cj.jdbc.ConnectionImpl@417086e4] will not be managed by Spring
==>  Preparing: SELECT id,username,password,phone,status,avatar,create_time FROM sys_user WHERE id=?
==> Parameters: 1(Long)
<==    Columns: id, username, password, phone, status, avatar, create_time
<==        Row: 1, lx, $2a$10$DY8p4Q7r/lnC2ax327OH/u439shvAv9lH895iyIYyLxfz9cRgKKgW, 19185939281, 1, http://localhost:8080/uploads/avatars/avatar_1_1782735664998.png, 2026-06-21 20:09:20
<==      Total: 1
Closing non transactional SqlSession [org.apache.ibatis.session.defaults.DefaultSqlSession@1e8a27a4]
Creating a new SqlSession
SqlSession [org.apache.ibatis.session.defaults.DefaultSqlSession@712ff3a4] was not registered for synchronization because synchronization is not active
JDBC Connection [HikariProxyConnection@630311437 wrapping com.mysql.cj.jdbc.ConnectionImpl@417086e4] will not be managed by Spring
==>  Preparing: SELECT id,username,password,phone,status,avatar,create_time FROM sys_user WHERE id IN ( ? )
==> Parameters: 1(Long)
<==    Columns: id, username, password, phone, status, avatar, create_time
<==        Row: 1, lx, $2a$10$DY8p4Q7r/lnC2ax327OH/u439shvAv9lH895iyIYyLxfz9cRgKKgW, 19185939281, 1, http://localhost:8080/uploads/avatars/avatar_1_1782735664998.png, 2026-06-21 20:09:20
<==      Total: 1
Closing non transactional SqlSession [org.apache.ibatis.session.defaults.DefaultSqlSession@712ff3a4]
Creating a new SqlSession
SqlSession [org.apache.ibatis.session.defaults.DefaultSqlSession@1e3e8bb2] was not registered for synchronization because synchronization is not active
JDBC Connection [HikariProxyConnection@4303814 wrapping com.mysql.cj.jdbc.ConnectionImpl@417086e4] will not be managed by Spring
==>  Preparing: SELECT id,username,password,phone,status,avatar,create_time FROM sys_user WHERE id=?
==> Parameters: 1(Long)
<==    Columns: id, username, password, phone, status, avatar, create_time
<==        Row: 1, lx, $2a$10$DY8p4Q7r/lnC2ax327OH/u439shvAv9lH895iyIYyLxfz9cRgKKgW, 19185939281, 1, http://localhost:8080/uploads/avatars/avatar_1_1782735664998.png, 2026-06-21 20:09:20
<==      Total: 1
Closing non transactional SqlSession [org.apache.ibatis.session.defaults.DefaultSqlSession@1e3e8bb2]
Creating a new SqlSession
SqlSession [org.apache.ibatis.session.defaults.DefaultSqlSession@5f53f706] was not registered for synchronization because synchronization is not active
JDBC Connection [HikariProxyConnection@1307197534 wrapping com.mysql.cj.jdbc.ConnectionImpl@417086e4] will not be managed by Spring
==>  Preparing: SELECT id,username,password,phone,status,avatar,create_time FROM sys_user WHERE id=?
==> Parameters: 1(Long)
<==    Columns: id, username, password, phone, status, avatar, create_time
<==        Row: 1, lx, $2a$10$DY8p4Q7r/lnC2ax327OH/u439shvAv9lH895iyIYyLxfz9cRgKKgW, 19185939281, 1, http://localhost:8080/uploads/avatars/avatar_1_1782735664998.png, 2026-06-21 20:09:20
<==      Total: 1
Closing non transactional SqlSession [org.apache.ibatis.session.defaults.DefaultSqlSession@5f53f706]
Creating a new SqlSession
SqlSession [org.apache.ibatis.session.defaults.DefaultSqlSession@3917cef4] was not registered for synchronization because synchronization is not active
JDBC Connection [HikariProxyConnection@1421978794 wrapping com.mysql.cj.jdbc.ConnectionImpl@417086e4] will not be managed by Spring
==>  Preparing: SELECT id,username,password,phone,status,avatar,create_time FROM sys_user WHERE id IN ( ? )
==> Parameters: 1(Long)
<==    Columns: id, username, password, phone, status, avatar, create_time
<==        Row: 1, lx, $2a$10$DY8p4Q7r/lnC2ax327OH/u439shvAv9lH895iyIYyLxfz9cRgKKgW, 19185939281, 1, http://localhost:8080/uploads/avatars/avatar_1_1782735664998.png, 2026-06-21 20:09:20
<==      Total: 1
Closing non transactional SqlSession [org.apache.ibatis.session.defaults.DefaultSqlSession@3917cef4]
Creating a new SqlSession
SqlSession [org.apache.ibatis.session.defaults.DefaultSqlSession@6e8873ca] was not registered for synchronization because synchronization is not active
JDBC Connection [HikariProxyConnection@561045176 wrapping com.mysql.cj.jdbc.ConnectionImpl@417086e4] will not be managed by Spring
==>  Preparing: SELECT id,username,password,phone,status,avatar,create_time FROM sys_user WHERE id=?
==> Parameters: 1(Long)
<==    Columns: id, username, password, phone, status, avatar, create_time
<==        Row: 1, lx, $2a$10$DY8p4Q7r/lnC2ax327OH/u439shvAv9lH895iyIYyLxfz9cRgKKgW, 19185939281, 1, http://localhost:8080/uploads/avatars/avatar_1_1782735664998.png, 2026-06-21 20:09:20
<==      Total: 1
Closing non transactional SqlSession [org.apache.ibatis.session.defaults.DefaultSqlSession@6e8873ca]
Creating a new SqlSession
SqlSession [org.apache.ibatis.session.defaults.DefaultSqlSession@23ec1c48] was not registered for synchronization because synchronization is not active
JDBC Connection [HikariProxyConnection@898845459 wrapping com.mysql.cj.jdbc.ConnectionImpl@417086e4] will not be managed by Spring
==>  Preparing: SELECT id,username,password,phone,status,avatar,create_time FROM sys_user WHERE id IN ( ? )
==> Parameters: 1(Long)
<==    Columns: id, username, password, phone, status, avatar, create_time
<==        Row: 1, lx, $2a$10$DY8p4Q7r/lnC2ax327OH/u439shvAv9lH895iyIYyLxfz9cRgKKgW, 19185939281, 1, http://localhost:8080/uploads/avatars/avatar_1_1782735664998.png, 2026-06-21 20:09:20
<==      Total: 1
Closing non transactional SqlSession [org.apache.ibatis.session.defaults.DefaultSqlSession@23ec1c48]
Creating a new SqlSession
SqlSession [org.apache.ibatis.session.defaults.DefaultSqlSession@61a80ff4] was not registered for synchronization because synchronization is not active
JDBC Connection [HikariProxyConnection@186739560 wrapping com.mysql.cj.jdbc.ConnectionImpl@417086e4] will not be managed by Spring
==>  Preparing: SELECT id,username,password,phone,status,avatar,create_time FROM sys_user WHERE id IN ( ? , ? , ? , ? , ? , ? , ? , ? , ? , ? , ? , ? )
==> Parameters: 1(Long), 17(Long), 18(Long), 19(Long), 20(Long), 22(Long), 23(Long), 7(Long), 11(Long), 12(Long), 13(Long), 14(Long)
<==    Columns: id, username, password, phone, status, avatar, create_time
<==        Row: 1, lx, $2a$10$DY8p4Q7r/lnC2ax327OH/u439shvAv9lH895iyIYyLxfz9cRgKKgW, 19185939281, 1, http://localhost:8080/uploads/avatars/avatar_1_1782735664998.png, 2026-06-21 20:09:20
<==        Row: 7, espresso_queen, $2a$10$N.zmdr9k7uOCQb376NoUnuTJ8iAt6Z5EHsM8lE9lBOsl7iKTVKIUi, 13800000004, 1, null, 2026-06-23 06:40:41
<==        Row: 11, cold_brew_king, $2a$10$N.zmdr9k7uOCQb376NoUnuTJ8iAt6Z5EHsM8lE9lBOsl7iKTVKIUi, 13800000008, 1, null, 2026-06-23 06:40:41
<==        Row: 12, coffee_snob, $2a$10$N.zmdr9k7uOCQb376NoUnuTJ8iAt6Z5EHsM8lE9lBOsl7iKTVKIUi, 13800000009, 1, null, 2026-06-23 06:40:41
<==        Row: 13, matcha_latte, $2a$10$N.zmdr9k7uOCQb376NoUnuTJ8iAt6Z5EHsM8lE9lBOsl7iKTVKIUi, 13800000010, 1, null, 2026-06-23 06:40:41
<==        Row: 14, cafe_hunter, $2a$10$N.zmdr9k7uOCQb376NoUnuTJ8iAt6Z5EHsM8lE9lBOsl7iKTVKIUi, 13800000011, 1, null, 2026-06-23 06:40:41
<==        Row: 17, single_origin, $2a$10$N.zmdr9k7uOCQb376NoUnuTJ8iAt6Z5EHsM8lE9lBOsl7iKTVKIUi, 13800000014, 1, null, 2026-06-23 06:40:41
<==        Row: 18, flat_white_love, $2a$10$N.zmdr9k7uOCQb376NoUnuTJ8iAt6Z5EHsM8lE9lBOsl7iKTVKIUi, 13800000015, 1, null, 2026-06-23 06:40:41
<==        Row: 19, coffee_daily, $2a$10$N.zmdr9k7uOCQb376NoUnuTJ8iAt6Z5EHsM8lE9lBOsl7iKTVKIUi, 13800000016, 1, null, 2026-06-23 06:40:41
<==        Row: 20, bean_hunter, $2a$10$N.zmdr9k7uOCQb376NoUnuTJ8iAt6Z5EHsM8lE9lBOsl7iKTVKIUi, 13800000017, 1, null, 2026-06-23 06:40:41
<==        Row: 22, ristretto_lover, $2a$10$N.zmdr9k7uOCQb376NoUnuTJ8iAt6Z5EHsM8lE9lBOsl7iKTVKIUi, 13800000019, 1, null, 2026-06-23 06:40:41
<==        Row: 23, coffee_taster, $2a$10$N.zmdr9k7uOCQb376NoUnuTJ8iAt6Z5EHsM8lE9lBOsl7iKTVKIUi, 13800000020, 1, null, 2026-06-23 06:40:41
<==      Total: 12
Closing non transactional SqlSession [org.apache.ibatis.session.defaults.DefaultSqlSession@61a80ff4]
Creating a new SqlSession
SqlSession [org.apache.ibatis.session.defaults.DefaultSqlSession@7508b106] was not registered for synchronization because synchronization is not active
JDBC Connection [HikariProxyConnection@910556595 wrapping com.mysql.cj.jdbc.ConnectionImpl@417086e4] will not be managed by Spring
==>  Preparing: SELECT id,username,password,phone,status,avatar,create_time FROM sys_user WHERE id=?
==> Parameters: 1(Long)
<==    Columns: id, username, password, phone, status, avatar, create_time
<==        Row: 1, lx, $2a$10$DY8p4Q7r/lnC2ax327OH/u439shvAv9lH895iyIYyLxfz9cRgKKgW, 19185939281, 1, http://localhost:8080/uploads/avatars/avatar_1_1782735664998.png, 2026-06-21 20:09:20
<==      Total: 1
Closing non transactional SqlSession [org.apache.ibatis.session.defaults.DefaultSqlSession@7508b106]
Creating a new SqlSession
SqlSession [org.apache.ibatis.session.defaults.DefaultSqlSession@7ed93619] was not registered for synchronization because synchronization is not active
JDBC Connection [HikariProxyConnection@2034120536 wrapping com.mysql.cj.jdbc.ConnectionImpl@417086e4] will not be managed by Spring
==>  Preparing: SELECT id,username,password,phone,status,avatar,create_time FROM sys_user WHERE id IN ( ? )
==> Parameters: 1(Long)
<==    Columns: id, username, password, phone, status, avatar, create_time
<==        Row: 1, lx, $2a$10$DY8p4Q7r/lnC2ax327OH/u439shvAv9lH895iyIYyLxfz9cRgKKgW, 19185939281, 1, http://localhost:8080/uploads/avatars/avatar_1_1782735664998.png, 2026-06-21 20:09:20
<==      Total: 1
Closing non transactional SqlSession [org.apache.ibatis.session.defaults.DefaultSqlSession@7ed93619]
Creating a new SqlSession
SqlSession [org.apache.ibatis.session.defaults.DefaultSqlSession@79fe4645] was not registered for synchronization because synchronization is not active
JDBC Connection [HikariProxyConnection@1413840019 wrapping com.mysql.cj.jdbc.ConnectionImpl@417086e4] will not be managed by Spring
==>  Preparing: SELECT id,username,password,phone,status,avatar,create_time FROM sys_user WHERE id=?
==> Parameters: 1(Long)
<==    Columns: id, username, password, phone, status, avatar, create_time
<==        Row: 1, lx, $2a$10$DY8p4Q7r/lnC2ax327OH/u439shvAv9lH895iyIYyLxfz9cRgKKgW, 19185939281, 1, http://localhost:8080/uploads/avatars/avatar_1_1782735664998.png, 2026-06-21 20:09:20
<==      Total: 1
Closing non transactional SqlSession [org.apache.ibatis.session.defaults.DefaultSqlSession@79fe4645]
Creating a new SqlSession
SqlSession [org.apache.ibatis.session.defaults.DefaultSqlSession@1f37f57d] was not registered for synchronization because synchronization is not active
JDBC Connection [HikariProxyConnection@789047068 wrapping com.mysql.cj.jdbc.ConnectionImpl@417086e4] will not be managed by Spring
==>  Preparing: SELECT id,username,password,phone,status,avatar,create_time FROM sys_user WHERE id IN ( ? )
==> Parameters: 1(Long)
<==    Columns: id, username, password, phone, status, avatar, create_time
<==        Row: 1, lx, $2a$10$DY8p4Q7r/lnC2ax327OH/u439shvAv9lH895iyIYyLxfz9cRgKKgW, 19185939281, 1, http://localhost:8080/uploads/avatars/avatar_1_1782735664998.png, 2026-06-21 20:09:20
<==      Total: 1
Closing non transactional SqlSession [org.apache.ibatis.session.defaults.DefaultSqlSession@1f37f57d]
Creating a new SqlSession
SqlSession [org.apache.ibatis.session.defaults.DefaultSqlSession@5f9119a4] was not registered for synchronization because synchronization is not active
JDBC Connection [HikariProxyConnection@610983819 wrapping com.mysql.cj.jdbc.ConnectionImpl@417086e4] will not be managed by Spring
==>  Preparing: SELECT id,username,password,phone,status,avatar,create_time FROM sys_user WHERE id=?
==> Parameters: 1(Long)
<==    Columns: id, username, password, phone, status, avatar, create_time
<==        Row: 1, lx, $2a$10$DY8p4Q7r/lnC2ax327OH/u439shvAv9lH895iyIYyLxfz9cRgKKgW, 19185939281, 1, http://localhost:8080/uploads/avatars/avatar_1_1782735664998.png, 2026-06-21 20:09:20
<==      Total: 1
Closing non transactional SqlSession [org.apache.ibatis.session.defaults.DefaultSqlSession@5f9119a4]
Creating a new SqlSession
SqlSession [org.apache.ibatis.session.defaults.DefaultSqlSession@5fac17d0] was not registered for synchronization because synchronization is not active
JDBC Connection [HikariProxyConnection@1182022418 wrapping com.mysql.cj.jdbc.ConnectionImpl@417086e4] will not be managed by Spring
==>  Preparing: SELECT id,username,password,phone,status,avatar,create_time FROM sys_user WHERE id IN ( ? )
==> Parameters: 1(Long)
<==    Columns: id, username, password, phone, status, avatar, create_time
<==        Row: 1, lx, $2a$10$DY8p4Q7r/lnC2ax327OH/u439shvAv9lH895iyIYyLxfz9cRgKKgW, 19185939281, 1, http://localhost:8080/uploads/avatars/avatar_1_1782735664998.png, 2026-06-21 20:09:20
<==      Total: 1
Closing non transactional SqlSession [org.apache.ibatis.session.defaults.DefaultSqlSession@5fac17d0]
Creating a new SqlSession
SqlSession [org.apache.ibatis.session.defaults.DefaultSqlSession@79ea2b60] was not registered for synchronization because synchronization is not active
JDBC Connection [HikariProxyConnection@960567452 wrapping com.mysql.cj.jdbc.ConnectionImpl@417086e4] will not be managed by Spring
==>  Preparing: SELECT id,username,password,phone,status,avatar,create_time FROM sys_user WHERE id=?
==> Parameters: 1(Long)
<==    Columns: id, username, password, phone, status, avatar, create_time
<==        Row: 1, lx, $2a$10$DY8p4Q7r/lnC2ax327OH/u439shvAv9lH895iyIYyLxfz9cRgKKgW, 19185939281, 1, http://localhost:8080/uploads/avatars/avatar_1_1782735664998.png, 2026-06-21 20:09:20
<==      Total: 1
Closing non transactional SqlSession [org.apache.ibatis.session.defaults.DefaultSqlSession@79ea2b60]
Creating a new SqlSession
SqlSession [org.apache.ibatis.session.defaults.DefaultSqlSession@1891011a] was not registered for synchronization because synchronization is not active
JDBC Connection [HikariProxyConnection@453485472 wrapping com.mysql.cj.jdbc.ConnectionImpl@417086e4] will not be managed by Spring
==>  Preparing: SELECT id,username,password,phone,status,avatar,create_time FROM sys_user WHERE id IN ( ? )
==> Parameters: 1(Long)
<==    Columns: id, username, password, phone, status, avatar, create_time
<==        Row: 1, lx, $2a$10$DY8p4Q7r/lnC2ax327OH/u439shvAv9lH895iyIYyLxfz9cRgKKgW, 19185939281, 1, http://localhost:8080/uploads/avatars/avatar_1_1782735664998.png, 2026-06-21 20:09:20
<==      Total: 1
Closing non transactional SqlSession [org.apache.ibatis.session.defaults.DefaultSqlSession@1891011a]
Creating a new SqlSession
SqlSession [org.apache.ibatis.session.defaults.DefaultSqlSession@3acd6a3a] was not registered for synchronization because synchronization is not active
JDBC Connection [HikariProxyConnection@831180616 wrapping com.mysql.cj.jdbc.ConnectionImpl@417086e4] will not be managed by Spring
==>  Preparing: SELECT id,username,password,phone,status,avatar,create_time FROM sys_user WHERE id IN ( ? , ? , ? , ? , ? , ? , ? , ? , ? , ? , ? , ? )
==> Parameters: 1(Long), 17(Long), 18(Long), 19(Long), 20(Long), 22(Long), 23(Long), 7(Long), 11(Long), 12(Long), 13(Long), 14(Long)
<==    Columns: id, username, password, phone, status, avatar, create_time
<==        Row: 1, lx, $2a$10$DY8p4Q7r/lnC2ax327OH/u439shvAv9lH895iyIYyLxfz9cRgKKgW, 19185939281, 1, http://localhost:8080/uploads/avatars/avatar_1_1782735664998.png, 2026-06-21 20:09:20
<==        Row: 7, espresso_queen, $2a$10$N.zmdr9k7uOCQb376NoUnuTJ8iAt6Z5EHsM8lE9lBOsl7iKTVKIUi, 13800000004, 1, null, 2026-06-23 06:40:41
<==        Row: 11, cold_brew_king, $2a$10$N.zmdr9k7uOCQb376NoUnuTJ8iAt6Z5EHsM8lE9lBOsl7iKTVKIUi, 13800000008, 1, null, 2026-06-23 06:40:41
<==        Row: 12, coffee_snob, $2a$10$N.zmdr9k7uOCQb376NoUnuTJ8iAt6Z5EHsM8lE9lBOsl7iKTVKIUi, 13800000009, 1, null, 2026-06-23 06:40:41
<==        Row: 13, matcha_latte, $2a$10$N.zmdr9k7uOCQb376NoUnuTJ8iAt6Z5EHsM8lE9lBOsl7iKTVKIUi, 13800000010, 1, null, 2026-06-23 06:40:41
<==        Row: 14, cafe_hunter, $2a$10$N.zmdr9k7uOCQb376NoUnuTJ8iAt6Z5EHsM8lE9lBOsl7iKTVKIUi, 13800000011, 1, null, 2026-06-23 06:40:41
<==        Row: 17, single_origin, $2a$10$N.zmdr9k7uOCQb376NoUnuTJ8iAt6Z5EHsM8lE9lBOsl7iKTVKIUi, 13800000014, 1, null, 2026-06-23 06:40:41
<==        Row: 18, flat_white_love, $2a$10$N.zmdr9k7uOCQb376NoUnuTJ8iAt6Z5EHsM8lE9lBOsl7iKTVKIUi, 13800000015, 1, null, 2026-06-23 06:40:41
<==        Row: 19, coffee_daily, $2a$10$N.zmdr9k7uOCQb376NoUnuTJ8iAt6Z5EHsM8lE9lBOsl7iKTVKIUi, 13800000016, 1, null, 2026-06-23 06:40:41
<==        Row: 20, bean_hunter, $2a$10$N.zmdr9k7uOCQb376NoUnuTJ8iAt6Z5EHsM8lE9lBOsl7iKTVKIUi, 13800000017, 1, null, 2026-06-23 06:40:41
<==        Row: 22, ristretto_lover, $2a$10$N.zmdr9k7uOCQb376NoUnuTJ8iAt6Z5EHsM8lE9lBOsl7iKTVKIUi, 13800000019, 1, null, 2026-06-23 06:40:41
<==        Row: 23, coffee_taster, $2a$10$N.zmdr9k7uOCQb376NoUnuTJ8iAt6Z5EHsM8lE9lBOsl7iKTVKIUi, 13800000020, 1, null, 2026-06-23 06:40:41
<==      Total: 12
Closing non transactional SqlSession [org.apache.ibatis.session.defaults.DefaultSqlSession@3acd6a3a]
Creating a new SqlSession
SqlSession [org.apache.ibatis.session.defaults.DefaultSqlSession@6ea299e4] was not registered for synchronization because synchronization is not active
JDBC Connection [HikariProxyConnection@1608218370 wrapping com.mysql.cj.jdbc.ConnectionImpl@417086e4] will not be managed by Spring
==>  Preparing: SELECT id,username,password,phone,status,avatar,create_time FROM sys_user WHERE id IN ( ? , ? , ? , ? , ? , ? , ? , ? , ? )
==> Parameters: 16(Long), 1(Long), 17(Long), 18(Long), 19(Long), 20(Long), 21(Long), 22(Long), 23(Long)
<==    Columns: id, username, password, phone, status, avatar, create_time
<==        Row: 1, lx, $2a$10$DY8p4Q7r/lnC2ax327OH/u439shvAv9lH895iyIYyLxfz9cRgKKgW, 19185939281, 1, http://localhost:8080/uploads/avatars/avatar_1_1782735664998.png, 2026-06-21 20:09:20
<==        Row: 16, cappuccino_boy, $2a$10$N.zmdr9k7uOCQb376NoUnuTJ8iAt6Z5EHsM8lE9lBOsl7iKTVKIUi, 13800000013, 1, null, 2026-06-23 06:40:41
<==        Row: 17, single_origin, $2a$10$N.zmdr9k7uOCQb376NoUnuTJ8iAt6Z5EHsM8lE9lBOsl7iKTVKIUi, 13800000014, 1, null, 2026-06-23 06:40:41
<==        Row: 18, flat_white_love, $2a$10$N.zmdr9k7uOCQb376NoUnuTJ8iAt6Z5EHsM8lE9lBOsl7iKTVKIUi, 13800000015, 1, null, 2026-06-23 06:40:41
<==        Row: 19, coffee_daily, $2a$10$N.zmdr9k7uOCQb376NoUnuTJ8iAt6Z5EHsM8lE9lBOsl7iKTVKIUi, 13800000016, 1, null, 2026-06-23 06:40:41
<==        Row: 20, bean_hunter, $2a$10$N.zmdr9k7uOCQb376NoUnuTJ8iAt6Z5EHsM8lE9lBOsl7iKTVKIUi, 13800000017, 1, null, 2026-06-23 06:40:41
<==        Row: 21, macchiato_fan, $2a$10$N.zmdr9k7uOCQb376NoUnuTJ8iAt6Z5EHsM8lE9lBOsl7iKTVKIUi, 13800000018, 1, null, 2026-06-23 06:40:41
<==        Row: 22, ristretto_lover, $2a$10$N.zmdr9k7uOCQb376NoUnuTJ8iAt6Z5EHsM8lE9lBOsl7iKTVKIUi, 13800000019, 1, null, 2026-06-23 06:40:41
<==        Row: 23, coffee_taster, $2a$10$N.zmdr9k7uOCQb376NoUnuTJ8iAt6Z5EHsM8lE9lBOsl7iKTVKIUi, 13800000020, 1, null, 2026-06-23 06:40:41
<==      Total: 9
Closing non transactional SqlSession [org.apache.ibatis.session.defaults.DefaultSqlSession@6ea299e4]
Creating a new SqlSession
SqlSession [org.apache.ibatis.session.defaults.DefaultSqlSession@5e6b0c08] was not registered for synchronization because synchronization is not active
JDBC Connection [HikariProxyConnection@157311576 wrapping com.mysql.cj.jdbc.ConnectionImpl@417086e4] will not be managed by Spring
==>  Preparing: SELECT id,username,password,phone,status,avatar,create_time FROM sys_user WHERE id IN ( ? , ? , ? , ? , ? , ? , ? , ? , ? , ? , ? , ? )
==> Parameters: 1(Long), 17(Long), 18(Long), 19(Long), 20(Long), 22(Long), 23(Long), 7(Long), 11(Long), 12(Long), 13(Long), 14(Long)
<==    Columns: id, username, password, phone, status, avatar, create_time
<==        Row: 1, lx, $2a$10$DY8p4Q7r/lnC2ax327OH/u439shvAv9lH895iyIYyLxfz9cRgKKgW, 19185939281, 1, http://localhost:8080/uploads/avatars/avatar_1_1782735664998.png, 2026-06-21 20:09:20
<==        Row: 7, espresso_queen, $2a$10$N.zmdr9k7uOCQb376NoUnuTJ8iAt6Z5EHsM8lE9lBOsl7iKTVKIUi, 13800000004, 1, null, 2026-06-23 06:40:41
<==        Row: 11, cold_brew_king, $2a$10$N.zmdr9k7uOCQb376NoUnuTJ8iAt6Z5EHsM8lE9lBOsl7iKTVKIUi, 13800000008, 1, null, 2026-06-23 06:40:41
<==        Row: 12, coffee_snob, $2a$10$N.zmdr9k7uOCQb376NoUnuTJ8iAt6Z5EHsM8lE9lBOsl7iKTVKIUi, 13800000009, 1, null, 2026-06-23 06:40:41
<==        Row: 13, matcha_latte, $2a$10$N.zmdr9k7uOCQb376NoUnuTJ8iAt6Z5EHsM8lE9lBOsl7iKTVKIUi, 13800000010, 1, null, 2026-06-23 06:40:41
<==        Row: 14, cafe_hunter, $2a$10$N.zmdr9k7uOCQb376NoUnuTJ8iAt6Z5EHsM8lE9lBOsl7iKTVKIUi, 13800000011, 1, null, 2026-06-23 06:40:41
<==        Row: 17, single_origin, $2a$10$N.zmdr9k7uOCQb376NoUnuTJ8iAt6Z5EHsM8lE9lBOsl7iKTVKIUi, 13800000014, 1, null, 2026-06-23 06:40:41
<==        Row: 18, flat_white_love, $2a$10$N.zmdr9k7uOCQb376NoUnuTJ8iAt6Z5EHsM8lE9lBOsl7iKTVKIUi, 13800000015, 1, null, 2026-06-23 06:40:41
<==        Row: 19, coffee_daily, $2a$10$N.zmdr9k7uOCQb376NoUnuTJ8iAt6Z5EHsM8lE9lBOsl7iKTVKIUi, 13800000016, 1, null, 2026-06-23 06:40:41
<==        Row: 20, bean_hunter, $2a$10$N.zmdr9k7uOCQb376NoUnuTJ8iAt6Z5EHsM8lE9lBOsl7iKTVKIUi, 13800000017, 1, null, 2026-06-23 06:40:41
<==        Row: 22, ristretto_lover, $2a$10$N.zmdr9k7uOCQb376NoUnuTJ8iAt6Z5EHsM8lE9lBOsl7iKTVKIUi, 13800000019, 1, null, 2026-06-23 06:40:41
<==        Row: 23, coffee_taster, $2a$10$N.zmdr9k7uOCQb376NoUnuTJ8iAt6Z5EHsM8lE9lBOsl7iKTVKIUi, 13800000020, 1, null, 2026-06-23 06:40:41
<==      Total: 12
Closing non transactional SqlSession [org.apache.ibatis.session.defaults.DefaultSqlSession@5e6b0c08]
Creating a new SqlSession
SqlSession [org.apache.ibatis.session.defaults.DefaultSqlSession@542c7163] was not registered for synchronization because synchronization is not active
JDBC Connection [HikariProxyConnection@1795288737 wrapping com.mysql.cj.jdbc.ConnectionImpl@417086e4] will not be managed by Spring
==>  Preparing: SELECT id,username,password,phone,status,avatar,create_time FROM sys_user WHERE id IN ( ? )
==> Parameters: 5(Long)
<==    Columns: id, username, password, phone, status, avatar, create_time
<==        Row: 5, barista_wang, $2a$10$N.zmdr9k7uOCQb376NoUnuTJ8iAt6Z5EHsM8lE9lBOsl7iKTVKIUi, 13800000002, 1, null, 2026-06-23 06:40:41
<==      Total: 1
Closing non transactional SqlSession [org.apache.ibatis.session.defaults.DefaultSqlSession@542c7163]
Creating a new SqlSession
SqlSession [org.apache.ibatis.session.defaults.DefaultSqlSession@68673a0a] was not registered for synchronization because synchronization is not active
JDBC Connection [HikariProxyConnection@1725646449 wrapping com.mysql.cj.jdbc.ConnectionImpl@417086e4] will not be managed by Spring
==>  Preparing: SELECT id,username,password,phone,status,avatar,create_time FROM sys_user WHERE id IN ( ? )
==> Parameters: 24(Long)
<==    Columns: id, username, password, phone, status, avatar, create_time
<==        Row: 24, lll, $2a$10$sbWgOWeCZV5MW4u88F8CMuxgJ.Phw6clars6Z.Ch1f9wtSKQBwc5O, 19185999881, 1, /uploads/avatars/avatar_24_1782727101006.png, 2026-06-27 21:53:05
<==      Total: 1
Closing non transactional SqlSession [org.apache.ibatis.session.defaults.DefaultSqlSession@68673a0a]
Creating a new SqlSession
SqlSession [org.apache.ibatis.session.defaults.DefaultSqlSession@6147a1e2] was not registered for synchronization because synchronization is not active
JDBC Connection [HikariProxyConnection@458258839 wrapping com.mysql.cj.jdbc.ConnectionImpl@417086e4] will not be managed by Spring
==>  Preparing: SELECT id,username,password,phone,status,avatar,create_time FROM sys_user WHERE id IN ( ? , ? )
==> Parameters: 24(Long), 21(Long)
<==    Columns: id, username, password, phone, status, avatar, create_time
<==        Row: 21, macchiato_fan, $2a$10$N.zmdr9k7uOCQb376NoUnuTJ8iAt6Z5EHsM8lE9lBOsl7iKTVKIUi, 13800000018, 1, null, 2026-06-23 06:40:41
<==        Row: 24, lll, $2a$10$sbWgOWeCZV5MW4u88F8CMuxgJ.Phw6clars6Z.Ch1f9wtSKQBwc5O, 19185999881, 1, /uploads/avatars/avatar_24_1782727101006.png, 2026-06-27 21:53:05
<==      Total: 2
Closing non transactional SqlSession [org.apache.ibatis.session.defaults.DefaultSqlSession@6147a1e2]
Creating a new SqlSession
SqlSession [org.apache.ibatis.session.defaults.DefaultSqlSession@467f1044] was not registered for synchronization because synchronization is not active
JDBC Connection [HikariProxyConnection@1458982976 wrapping com.mysql.cj.jdbc.ConnectionImpl@417086e4] will not be managed by Spring
==>  Preparing: SELECT id,username,password,phone,status,avatar,create_time FROM sys_user WHERE id=?
==> Parameters: 1(Long)
<==    Columns: id, username, password, phone, status, avatar, create_time
<==        Row: 1, lx, $2a$10$DY8p4Q7r/lnC2ax327OH/u439shvAv9lH895iyIYyLxfz9cRgKKgW, 19185939281, 1, http://localhost:8080/uploads/avatars/avatar_1_1782735664998.png, 2026-06-21 20:09:20
<==      Total: 1
Closing non transactional SqlSession [org.apache.ibatis.session.defaults.DefaultSqlSession@467f1044]
Creating a new SqlSession
SqlSession [org.apache.ibatis.session.defaults.DefaultSqlSession@3313a4a5] was not registered for synchronization because synchronization is not active
JDBC Connection [HikariProxyConnection@891221379 wrapping com.mysql.cj.jdbc.ConnectionImpl@417086e4] will not be managed by Spring
==>  Preparing: SELECT id,username,password,phone,status,avatar,create_time FROM sys_user WHERE id IN ( ? )
==> Parameters: 1(Long)
<==    Columns: id, username, password, phone, status, avatar, create_time
<==        Row: 1, lx, $2a$10$DY8p4Q7r/lnC2ax327OH/u439shvAv9lH895iyIYyLxfz9cRgKKgW, 19185939281, 1, http://localhost:8080/uploads/avatars/avatar_1_1782735664998.png, 2026-06-21 20:09:20
<==      Total: 1
Closing non transactional SqlSession [org.apache.ibatis.session.defaults.DefaultSqlSession@3313a4a5]
Creating a new SqlSession
Creating a new SqlSession
SqlSession [org.apache.ibatis.session.defaults.DefaultSqlSession@303be0e9] was not registered for synchronization because synchronization is not active
SqlSession [org.apache.ibatis.session.defaults.DefaultSqlSession@5318260f] was not registered for synchronization because synchronization is not active
JDBC Connection [HikariProxyConnection@404909221 wrapping com.mysql.cj.jdbc.ConnectionImpl@417086e4] will not be managed by Spring
JDBC Connection [HikariProxyConnection@1678303846 wrapping com.mysql.cj.jdbc.ConnectionImpl@986ca0] will not be managed by Spring
==>  Preparing: SELECT id,username,password,phone,status,avatar,create_time FROM sys_user WHERE id=?
==>  Preparing: SELECT id,username,password,phone,status,avatar,create_time FROM sys_user WHERE id IN ( ? )
==> Parameters: 1(Long)
==> Parameters: 1(Long)
<==    Columns: id, username, password, phone, status, avatar, create_time
<==        Row: 1, lx, $2a$10$DY8p4Q7r/lnC2ax327OH/u439shvAv9lH895iyIYyLxfz9cRgKKgW, 19185939281, 1, http://localhost:8080/uploads/avatars/avatar_1_1782735664998.png, 2026-06-21 20:09:20
<==    Columns: id, username, password, phone, status, avatar, create_time
<==      Total: 1
<==        Row: 1, lx, $2a$10$DY8p4Q7r/lnC2ax327OH/u439shvAv9lH895iyIYyLxfz9cRgKKgW, 19185939281, 1, http://localhost:8080/uploads/avatars/avatar_1_1782735664998.png, 2026-06-21 20:09:20
Closing non transactional SqlSession [org.apache.ibatis.session.defaults.DefaultSqlSession@303be0e9]
<==      Total: 1
Closing non transactional SqlSession [org.apache.ibatis.session.defaults.DefaultSqlSession@5318260f]
Creating a new SqlSession
SqlSession [org.apache.ibatis.session.defaults.DefaultSqlSession@4ab41e34] was not registered for synchronization because synchronization is not active
JDBC Connection [HikariProxyConnection@1660947461 wrapping com.mysql.cj.jdbc.ConnectionImpl@417086e4] will not be managed by Spring
==>  Preparing: SELECT id,username,password,phone,status,avatar,create_time FROM sys_user WHERE id=?
==> Parameters: 1(Long)
<==    Columns: id, username, password, phone, status, avatar, create_time
<==        Row: 1, lx, $2a$10$DY8p4Q7r/lnC2ax327OH/u439shvAv9lH895iyIYyLxfz9cRgKKgW, 19185939281, 1, http://localhost:8080/uploads/avatars/avatar_1_1782735664998.png, 2026-06-21 20:09:20
<==      Total: 1
Closing non transactional SqlSession [org.apache.ibatis.session.defaults.DefaultSqlSession@4ab41e34]
Creating a new SqlSession
SqlSession [org.apache.ibatis.session.defaults.DefaultSqlSession@100f9310] was not registered for synchronization because synchronization is not active
JDBC Connection [HikariProxyConnection@390570308 wrapping com.mysql.cj.jdbc.ConnectionImpl@417086e4] will not be managed by Spring
==>  Preparing: SELECT id,username,password,phone,status,avatar,create_time FROM sys_user WHERE id IN ( ? )
==> Parameters: 1(Long)
<==    Columns: id, username, password, phone, status, avatar, create_time
<==        Row: 1, lx, $2a$10$DY8p4Q7r/lnC2ax327OH/u439shvAv9lH895iyIYyLxfz9cRgKKgW, 19185939281, 1, http://localhost:8080/uploads/avatars/avatar_1_1782735664998.png, 2026-06-21 20:09:20
<==      Total: 1
Closing non transactional SqlSession [org.apache.ibatis.session.defaults.DefaultSqlSession@100f9310]
Creating a new SqlSession
SqlSession [org.apache.ibatis.session.defaults.DefaultSqlSession@bc1e178] was not registered for synchronization because synchronization is not active
JDBC Connection [HikariProxyConnection@95943481 wrapping com.mysql.cj.jdbc.ConnectionImpl@417086e4] will not be managed by Spring
==>  Preparing: SELECT COUNT( * ) AS total FROM coffee_post WHERE (user_id = ? AND status = ?)
==> Parameters: 1(Long), 1(Integer)
<==    Columns: total
<==        Row: 4
<==      Total: 1
Closing non transactional SqlSession [org.apache.ibatis.session.defaults.DefaultSqlSession@bc1e178]
Creating a new SqlSession
SqlSession [org.apache.ibatis.session.defaults.DefaultSqlSession@135c6aac] was not registered for synchronization because synchronization is not active
JDBC Connection [HikariProxyConnection@1083959305 wrapping com.mysql.cj.jdbc.ConnectionImpl@417086e4] will not be managed by Spring
==>  Preparing: SELECT id FROM coffee_post WHERE (user_id = ?)
==> Parameters: 1(Long)
<==    Columns: id
<==        Row: 23
<==        Row: 27
<==        Row: 30
<==        Row: 99999
<==        Row: 100000
<==      Total: 5
Closing non transactional SqlSession [org.apache.ibatis.session.defaults.DefaultSqlSession@135c6aac]
Creating a new SqlSession
SqlSession [org.apache.ibatis.session.defaults.DefaultSqlSession@6f6abe17] was not registered for synchronization because synchronization is not active
JDBC Connection [HikariProxyConnection@1396075619 wrapping com.mysql.cj.jdbc.ConnectionImpl@417086e4] will not be managed by Spring
==>  Preparing: SELECT COUNT( * ) AS total FROM coffee_like WHERE (post_id IN (?,?,?,?,?))
==> Parameters: 23(Long), 27(Long), 30(Long), 99999(Long), 100000(Long)
<==    Columns: total
<==        Row: 6
<==      Total: 1
Closing non transactional SqlSession [org.apache.ibatis.session.defaults.DefaultSqlSession@6f6abe17]
Creating a new SqlSession
SqlSession [org.apache.ibatis.session.defaults.DefaultSqlSession@782622a6] was not registered for synchronization because synchronization is not active
JDBC Connection [HikariProxyConnection@403905717 wrapping com.mysql.cj.jdbc.ConnectionImpl@417086e4] will not be managed by Spring
==>  Preparing: SELECT COUNT( * ) AS total FROM coffee_favorite WHERE (post_id IN (?,?,?,?,?))
==> Parameters: 23(Long), 27(Long), 30(Long), 99999(Long), 100000(Long)
<==    Columns: total
<==        Row: 1
<==      Total: 1
Closing non transactional SqlSession [org.apache.ibatis.session.defaults.DefaultSqlSession@782622a6]
Creating a new SqlSession
SqlSession [org.apache.ibatis.session.defaults.DefaultSqlSession@6f734edf] was not registered for synchronization because synchronization is not active
JDBC Connection [HikariProxyConnection@1870991664 wrapping com.mysql.cj.jdbc.ConnectionImpl@417086e4] will not be managed by Spring
==>  Preparing: SELECT COUNT( * ) AS total FROM coffee_comment WHERE (post_id IN (?,?,?,?,?))
==> Parameters: 23(Long), 27(Long), 30(Long), 99999(Long), 100000(Long)
<==    Columns: total
<==        Row: 12
<==      Total: 1
Closing non transactional SqlSession [org.apache.ibatis.session.defaults.DefaultSqlSession@6f734edf]
Creating a new SqlSession
SqlSession [org.apache.ibatis.session.defaults.DefaultSqlSession@1f5cd7d8] was not registered for synchronization because synchronization is not active
JDBC Connection [HikariProxyConnection@1486313874 wrapping com.mysql.cj.jdbc.ConnectionImpl@417086e4] will not be managed by Spring
==>  Preparing: SELECT COUNT( * ) AS total FROM user_follow WHERE (follower_id = ?)
==> Parameters: 1(Long)
<==    Columns: total
<==        Row: 2
<==      Total: 1
Closing non transactional SqlSession [org.apache.ibatis.session.defaults.DefaultSqlSession@1f5cd7d8]
Creating a new SqlSession
SqlSession [org.apache.ibatis.session.defaults.DefaultSqlSession@7ec1776] was not registered for synchronization because synchronization is not active
JDBC Connection [HikariProxyConnection@1700107728 wrapping com.mysql.cj.jdbc.ConnectionImpl@417086e4] will not be managed by Spring
==>  Preparing: SELECT COUNT( * ) AS total FROM user_follow WHERE (followee_id = ?)
==> Parameters: 1(Long)
<==    Columns: total
<==        Row: 1
<==      Total: 1
Closing non transactional SqlSession [org.apache.ibatis.session.defaults.DefaultSqlSession@7ec1776]
Creating a new SqlSession
Creating a new SqlSession
SqlSession [org.apache.ibatis.session.defaults.DefaultSqlSession@5314330f] was not registered for synchronization because synchronization is not active
SqlSession [org.apache.ibatis.session.defaults.DefaultSqlSession@5597434e] was not registered for synchronization because synchronization is not active
JDBC Connection [HikariProxyConnection@159621295 wrapping com.mysql.cj.jdbc.ConnectionImpl@986ca0] will not be managed by Spring
JDBC Connection [HikariProxyConnection@1072672110 wrapping com.mysql.cj.jdbc.ConnectionImpl@417086e4] will not be managed by Spring
==>  Preparing: SELECT id,username,password,phone,status,avatar,create_time FROM sys_user WHERE id IN ( ? )
==>  Preparing: SELECT id,username,password,phone,status,avatar,create_time FROM sys_user WHERE id=?
==> Parameters: 1(Long)
==> Parameters: 1(Long)
<==    Columns: id, username, password, phone, status, avatar, create_time
<==    Columns: id, username, password, phone, status, avatar, create_time
<==        Row: 1, lx, $2a$10$DY8p4Q7r/lnC2ax327OH/u439shvAv9lH895iyIYyLxfz9cRgKKgW, 19185939281, 1, http://localhost:8080/uploads/avatars/avatar_1_1782735664998.png, 2026-06-21 20:09:20
<==        Row: 1, lx, $2a$10$DY8p4Q7r/lnC2ax327OH/u439shvAv9lH895iyIYyLxfz9cRgKKgW, 19185939281, 1, http://localhost:8080/uploads/avatars/avatar_1_1782735664998.png, 2026-06-21 20:09:20
<==      Total: 1
<==      Total: 1
Closing non transactional SqlSession [org.apache.ibatis.session.defaults.DefaultSqlSession@5314330f]
Closing non transactional SqlSession [org.apache.ibatis.session.defaults.DefaultSqlSession@5597434e]
Creating a new SqlSession
SqlSession [org.apache.ibatis.session.defaults.DefaultSqlSession@107d55af] was not registered for synchronization because synchronization is not active
JDBC Connection [HikariProxyConnection@1092324032 wrapping com.mysql.cj.jdbc.ConnectionImpl@417086e4] will not be managed by Spring
==>  Preparing: SELECT COUNT( * ) AS total FROM coffee_post WHERE (user_id = ? AND status = ?)
==> Parameters: 1(Long), 1(Integer)
<==    Columns: total
<==        Row: 4
<==      Total: 1
Closing non transactional SqlSession [org.apache.ibatis.session.defaults.DefaultSqlSession@107d55af]
Creating a new SqlSession
SqlSession [org.apache.ibatis.session.defaults.DefaultSqlSession@3972c3f1] was not registered for synchronization because synchronization is not active
JDBC Connection [HikariProxyConnection@1129855325 wrapping com.mysql.cj.jdbc.ConnectionImpl@417086e4] will not be managed by Spring
==>  Preparing: SELECT id FROM coffee_post WHERE (user_id = ?)
==> Parameters: 1(Long)
<==    Columns: id
<==        Row: 23
<==        Row: 27
<==        Row: 30
<==        Row: 99999
<==        Row: 100000
<==      Total: 5
Closing non transactional SqlSession [org.apache.ibatis.session.defaults.DefaultSqlSession@3972c3f1]
Creating a new SqlSession
SqlSession [org.apache.ibatis.session.defaults.DefaultSqlSession@5ee5c4b5] was not registered for synchronization because synchronization is not active
JDBC Connection [HikariProxyConnection@1898441171 wrapping com.mysql.cj.jdbc.ConnectionImpl@417086e4] will not be managed by Spring
==>  Preparing: SELECT COUNT( * ) AS total FROM coffee_like WHERE (post_id IN (?,?,?,?,?))
==> Parameters: 23(Long), 27(Long), 30(Long), 99999(Long), 100000(Long)
<==    Columns: total
<==        Row: 6
<==      Total: 1
Closing non transactional SqlSession [org.apache.ibatis.session.defaults.DefaultSqlSession@5ee5c4b5]
Creating a new SqlSession
SqlSession [org.apache.ibatis.session.defaults.DefaultSqlSession@6a159777] was not registered for synchronization because synchronization is not active
JDBC Connection [HikariProxyConnection@447035116 wrapping com.mysql.cj.jdbc.ConnectionImpl@417086e4] will not be managed by Spring
==>  Preparing: SELECT COUNT( * ) AS total FROM coffee_favorite WHERE (post_id IN (?,?,?,?,?))
==> Parameters: 23(Long), 27(Long), 30(Long), 99999(Long), 100000(Long)
<==    Columns: total
<==        Row: 1
<==      Total: 1
Closing non transactional SqlSession [org.apache.ibatis.session.defaults.DefaultSqlSession@6a159777]
Creating a new SqlSession
SqlSession [org.apache.ibatis.session.defaults.DefaultSqlSession@1a584f8d] was not registered for synchronization because synchronization is not active
JDBC Connection [HikariProxyConnection@1546706334 wrapping com.mysql.cj.jdbc.ConnectionImpl@417086e4] will not be managed by Spring
==>  Preparing: SELECT COUNT( * ) AS total FROM coffee_comment WHERE (post_id IN (?,?,?,?,?))
==> Parameters: 23(Long), 27(Long), 30(Long), 99999(Long), 100000(Long)
<==    Columns: total
<==        Row: 12
<==      Total: 1
Closing non transactional SqlSession [org.apache.ibatis.session.defaults.DefaultSqlSession@1a584f8d]
Creating a new SqlSession
SqlSession [org.apache.ibatis.session.defaults.DefaultSqlSession@2abe08a7] was not registered for synchronization because synchronization is not active
JDBC Connection [HikariProxyConnection@1925324378 wrapping com.mysql.cj.jdbc.ConnectionImpl@417086e4] will not be managed by Spring
==>  Preparing: SELECT COUNT( * ) AS total FROM user_follow WHERE (follower_id = ?)
==> Parameters: 1(Long)
<==    Columns: total
<==        Row: 2
<==      Total: 1
Closing non transactional SqlSession [org.apache.ibatis.session.defaults.DefaultSqlSession@2abe08a7]
Creating a new SqlSession
SqlSession [org.apache.ibatis.session.defaults.DefaultSqlSession@4ba3f289] was not registered for synchronization because synchronization is not active
JDBC Connection [HikariProxyConnection@285352042 wrapping com.mysql.cj.jdbc.ConnectionImpl@417086e4] will not be managed by Spring
==>  Preparing: SELECT COUNT( * ) AS total FROM user_follow WHERE (followee_id = ?)
==> Parameters: 1(Long)
<==    Columns: total
<==        Row: 1
<==      Total: 1
Closing non transactional SqlSession [org.apache.ibatis.session.defaults.DefaultSqlSession@4ba3f289]
Creating a new SqlSession
SqlSession [org.apache.ibatis.session.defaults.DefaultSqlSession@2e175da3] was not registered for synchronization because synchronization is not active
JDBC Connection [HikariProxyConnection@432660358 wrapping com.mysql.cj.jdbc.ConnectionImpl@417086e4] will not be managed by Spring
==>  Preparing: SELECT id,username,password,phone,status,avatar,create_time FROM sys_user WHERE id IN ( ? , ? , ? , ? , ? , ? , ? , ? , ? , ? , ? , ? )
==> Parameters: 1(Long), 17(Long), 18(Long), 19(Long), 20(Long), 22(Long), 23(Long), 7(Long), 11(Long), 12(Long), 13(Long), 14(Long)
<==    Columns: id, username, password, phone, status, avatar, create_time
<==        Row: 1, lx, $2a$10$DY8p4Q7r/lnC2ax327OH/u439shvAv9lH895iyIYyLxfz9cRgKKgW, 19185939281, 1, http://localhost:8080/uploads/avatars/avatar_1_1782735664998.png, 2026-06-21 20:09:20
<==        Row: 7, espresso_queen, $2a$10$N.zmdr9k7uOCQb376NoUnuTJ8iAt6Z5EHsM8lE9lBOsl7iKTVKIUi, 13800000004, 1, null, 2026-06-23 06:40:41
<==        Row: 11, cold_brew_king, $2a$10$N.zmdr9k7uOCQb376NoUnuTJ8iAt6Z5EHsM8lE9lBOsl7iKTVKIUi, 13800000008, 1, null, 2026-06-23 06:40:41
<==        Row: 12, coffee_snob, $2a$10$N.zmdr9k7uOCQb376NoUnuTJ8iAt6Z5EHsM8lE9lBOsl7iKTVKIUi, 13800000009, 1, null, 2026-06-23 06:40:41
<==        Row: 13, matcha_latte, $2a$10$N.zmdr9k7uOCQb376NoUnuTJ8iAt6Z5EHsM8lE9lBOsl7iKTVKIUi, 13800000010, 1, null, 2026-06-23 06:40:41
<==        Row: 14, cafe_hunter, $2a$10$N.zmdr9k7uOCQb376NoUnuTJ8iAt6Z5EHsM8lE9lBOsl7iKTVKIUi, 13800000011, 1, null, 2026-06-23 06:40:41
<==        Row: 17, single_origin, $2a$10$N.zmdr9k7uOCQb376NoUnuTJ8iAt6Z5EHsM8lE9lBOsl7iKTVKIUi, 13800000014, 1, null, 2026-06-23 06:40:41
<==        Row: 18, flat_white_love, $2a$10$N.zmdr9k7uOCQb376NoUnuTJ8iAt6Z5EHsM8lE9lBOsl7iKTVKIUi, 13800000015, 1, null, 2026-06-23 06:40:41
<==        Row: 19, coffee_daily, $2a$10$N.zmdr9k7uOCQb376NoUnuTJ8iAt6Z5EHsM8lE9lBOsl7iKTVKIUi, 13800000016, 1, null, 2026-06-23 06:40:41
<==        Row: 20, bean_hunter, $2a$10$N.zmdr9k7uOCQb376NoUnuTJ8iAt6Z5EHsM8lE9lBOsl7iKTVKIUi, 13800000017, 1, null, 2026-06-23 06:40:41
<==        Row: 22, ristretto_lover, $2a$10$N.zmdr9k7uOCQb376NoUnuTJ8iAt6Z5EHsM8lE9lBOsl7iKTVKIUi, 13800000019, 1, null, 2026-06-23 06:40:41
<==        Row: 23, coffee_taster, $2a$10$N.zmdr9k7uOCQb376NoUnuTJ8iAt6Z5EHsM8lE9lBOsl7iKTVKIUi, 13800000020, 1, null, 2026-06-23 06:40:41
<==      Total: 12
Closing non transactional SqlSession [org.apache.ibatis.session.defaults.DefaultSqlSession@2e175da3]
Creating a new SqlSession
SqlSession [org.apache.ibatis.session.defaults.DefaultSqlSession@7c96f26c] was not registered for synchronization because synchronization is not active
JDBC Connection [HikariProxyConnection@678785229 wrapping com.mysql.cj.jdbc.ConnectionImpl@417086e4] will not be managed by Spring
==>  Preparing: SELECT id,username,password,phone,status,avatar,create_time FROM sys_user WHERE id IN ( ? , ? , ? , ? , ? , ? , ? , ? , ? , ? , ? , ? )
==> Parameters: 1(Long), 17(Long), 18(Long), 19(Long), 20(Long), 22(Long), 23(Long), 7(Long), 11(Long), 12(Long), 13(Long), 14(Long)
<==    Columns: id, username, password, phone, status, avatar, create_time
<==        Row: 1, lx, $2a$10$DY8p4Q7r/lnC2ax327OH/u439shvAv9lH895iyIYyLxfz9cRgKKgW, 19185939281, 1, http://localhost:8080/uploads/avatars/avatar_1_1782735664998.png, 2026-06-21 20:09:20
<==        Row: 7, espresso_queen, $2a$10$N.zmdr9k7uOCQb376NoUnuTJ8iAt6Z5EHsM8lE9lBOsl7iKTVKIUi, 13800000004, 1, null, 2026-06-23 06:40:41
<==        Row: 11, cold_brew_king, $2a$10$N.zmdr9k7uOCQb376NoUnuTJ8iAt6Z5EHsM8lE9lBOsl7iKTVKIUi, 13800000008, 1, null, 2026-06-23 06:40:41
<==        Row: 12, coffee_snob, $2a$10$N.zmdr9k7uOCQb376NoUnuTJ8iAt6Z5EHsM8lE9lBOsl7iKTVKIUi, 13800000009, 1, null, 2026-06-23 06:40:41
<==        Row: 13, matcha_latte, $2a$10$N.zmdr9k7uOCQb376NoUnuTJ8iAt6Z5EHsM8lE9lBOsl7iKTVKIUi, 13800000010, 1, null, 2026-06-23 06:40:41
<==        Row: 14, cafe_hunter, $2a$10$N.zmdr9k7uOCQb376NoUnuTJ8iAt6Z5EHsM8lE9lBOsl7iKTVKIUi, 13800000011, 1, null, 2026-06-23 06:40:41
<==        Row: 17, single_origin, $2a$10$N.zmdr9k7uOCQb376NoUnuTJ8iAt6Z5EHsM8lE9lBOsl7iKTVKIUi, 13800000014, 1, null, 2026-06-23 06:40:41
<==        Row: 18, flat_white_love, $2a$10$N.zmdr9k7uOCQb376NoUnuTJ8iAt6Z5EHsM8lE9lBOsl7iKTVKIUi, 13800000015, 1, null, 2026-06-23 06:40:41
<==        Row: 19, coffee_daily, $2a$10$N.zmdr9k7uOCQb376NoUnuTJ8iAt6Z5EHsM8lE9lBOsl7iKTVKIUi, 13800000016, 1, null, 2026-06-23 06:40:41
<==        Row: 20, bean_hunter, $2a$10$N.zmdr9k7uOCQb376NoUnuTJ8iAt6Z5EHsM8lE9lBOsl7iKTVKIUi, 13800000017, 1, null, 2026-06-23 06:40:41
<==        Row: 22, ristretto_lover, $2a$10$N.zmdr9k7uOCQb376NoUnuTJ8iAt6Z5EHsM8lE9lBOsl7iKTVKIUi, 13800000019, 1, null, 2026-06-23 06:40:41
<==        Row: 23, coffee_taster, $2a$10$N.zmdr9k7uOCQb376NoUnuTJ8iAt6Z5EHsM8lE9lBOsl7iKTVKIUi, 13800000020, 1, null, 2026-06-23 06:40:41
<==      Total: 12
Closing non transactional SqlSession [org.apache.ibatis.session.defaults.DefaultSqlSession@7c96f26c]
Creating a new SqlSession
SqlSession [org.apache.ibatis.session.defaults.DefaultSqlSession@49905ccb] was not registered for synchronization because synchronization is not active
JDBC Connection [HikariProxyConnection@1781046349 wrapping com.mysql.cj.jdbc.ConnectionImpl@291610c4] will not be managed by Spring
==>  Preparing: SELECT id,username,password,phone,status,avatar,create_time FROM sys_user WHERE id IN ( ? , ? , ? , ? , ? , ? , ? , ? , ? , ? , ? , ? )
==> Parameters: 1(Long), 17(Long), 18(Long), 19(Long), 20(Long), 22(Long), 23(Long), 7(Long), 11(Long), 12(Long), 13(Long), 14(Long)
<==    Columns: id, username, password, phone, status, avatar, create_time
<==        Row: 1, lx, $2a$10$DY8p4Q7r/lnC2ax327OH/u439shvAv9lH895iyIYyLxfz9cRgKKgW, 19185939281, 1, http://localhost:8080/uploads/avatars/avatar_1_1782735664998.png, 2026-06-21 20:09:20
<==        Row: 7, espresso_queen, $2a$10$N.zmdr9k7uOCQb376NoUnuTJ8iAt6Z5EHsM8lE9lBOsl7iKTVKIUi, 13800000004, 1, null, 2026-06-23 06:40:41
<==        Row: 11, cold_brew_king, $2a$10$N.zmdr9k7uOCQb376NoUnuTJ8iAt6Z5EHsM8lE9lBOsl7iKTVKIUi, 13800000008, 1, null, 2026-06-23 06:40:41
<==        Row: 12, coffee_snob, $2a$10$N.zmdr9k7uOCQb376NoUnuTJ8iAt6Z5EHsM8lE9lBOsl7iKTVKIUi, 13800000009, 1, null, 2026-06-23 06:40:41
<==        Row: 13, matcha_latte, $2a$10$N.zmdr9k7uOCQb376NoUnuTJ8iAt6Z5EHsM8lE9lBOsl7iKTVKIUi, 13800000010, 1, null, 2026-06-23 06:40:41
<==        Row: 14, cafe_hunter, $2a$10$N.zmdr9k7uOCQb376NoUnuTJ8iAt6Z5EHsM8lE9lBOsl7iKTVKIUi, 13800000011, 1, null, 2026-06-23 06:40:41
<==        Row: 17, single_origin, $2a$10$N.zmdr9k7uOCQb376NoUnuTJ8iAt6Z5EHsM8lE9lBOsl7iKTVKIUi, 13800000014, 1, null, 2026-06-23 06:40:41
<==        Row: 18, flat_white_love, $2a$10$N.zmdr9k7uOCQb376NoUnuTJ8iAt6Z5EHsM8lE9lBOsl7iKTVKIUi, 13800000015, 1, null, 2026-06-23 06:40:41
<==        Row: 19, coffee_daily, $2a$10$N.zmdr9k7uOCQb376NoUnuTJ8iAt6Z5EHsM8lE9lBOsl7iKTVKIUi, 13800000016, 1, null, 2026-06-23 06:40:41
<==        Row: 20, bean_hunter, $2a$10$N.zmdr9k7uOCQb376NoUnuTJ8iAt6Z5EHsM8lE9lBOsl7iKTVKIUi, 13800000017, 1, null, 2026-06-23 06:40:41
<==        Row: 22, ristretto_lover, $2a$10$N.zmdr9k7uOCQb376NoUnuTJ8iAt6Z5EHsM8lE9lBOsl7iKTVKIUi, 13800000019, 1, null, 2026-06-23 06:40:41
<==        Row: 23, coffee_taster, $2a$10$N.zmdr9k7uOCQb376NoUnuTJ8iAt6Z5EHsM8lE9lBOsl7iKTVKIUi, 13800000020, 1, null, 2026-06-23 06:40:41
<==      Total: 12
Closing non transactional SqlSession [org.apache.ibatis.session.defaults.DefaultSqlSession@49905ccb]
Creating a new SqlSession
SqlSession [org.apache.ibatis.session.defaults.DefaultSqlSession@f6b6f8b] was not registered for synchronization because synchronization is not active
JDBC Connection [HikariProxyConnection@2106960162 wrapping com.mysql.cj.jdbc.ConnectionImpl@291610c4] will not be managed by Spring
==>  Preparing: SELECT id,username,password,phone,status,avatar,create_time FROM sys_user WHERE id IN ( ? , ? , ? , ? , ? , ? , ? , ? , ? , ? , ? , ? )
==> Parameters: 1(Long), 17(Long), 18(Long), 19(Long), 20(Long), 22(Long), 23(Long), 7(Long), 11(Long), 12(Long), 13(Long), 14(Long)
<==    Columns: id, username, password, phone, status, avatar, create_time
<==        Row: 1, lx, $2a$10$DY8p4Q7r/lnC2ax327OH/u439shvAv9lH895iyIYyLxfz9cRgKKgW, 19185939281, 1, http://localhost:8080/uploads/avatars/avatar_1_1782735664998.png, 2026-06-21 20:09:20
<==        Row: 7, espresso_queen, $2a$10$N.zmdr9k7uOCQb376NoUnuTJ8iAt6Z5EHsM8lE9lBOsl7iKTVKIUi, 13800000004, 1, null, 2026-06-23 06:40:41
<==        Row: 11, cold_brew_king, $2a$10$N.zmdr9k7uOCQb376NoUnuTJ8iAt6Z5EHsM8lE9lBOsl7iKTVKIUi, 13800000008, 1, null, 2026-06-23 06:40:41
<==        Row: 12, coffee_snob, $2a$10$N.zmdr9k7uOCQb376NoUnuTJ8iAt6Z5EHsM8lE9lBOsl7iKTVKIUi, 13800000009, 1, null, 2026-06-23 06:40:41
<==        Row: 13, matcha_latte, $2a$10$N.zmdr9k7uOCQb376NoUnuTJ8iAt6Z5EHsM8lE9lBOsl7iKTVKIUi, 13800000010, 1, null, 2026-06-23 06:40:41
<==        Row: 14, cafe_hunter, $2a$10$N.zmdr9k7uOCQb376NoUnuTJ8iAt6Z5EHsM8lE9lBOsl7iKTVKIUi, 13800000011, 1, null, 2026-06-23 06:40:41
<==        Row: 17, single_origin, $2a$10$N.zmdr9k7uOCQb376NoUnuTJ8iAt6Z5EHsM8lE9lBOsl7iKTVKIUi, 13800000014, 1, null, 2026-06-23 06:40:41
<==        Row: 18, flat_white_love, $2a$10$N.zmdr9k7uOCQb376NoUnuTJ8iAt6Z5EHsM8lE9lBOsl7iKTVKIUi, 13800000015, 1, null, 2026-06-23 06:40:41
<==        Row: 19, coffee_daily, $2a$10$N.zmdr9k7uOCQb376NoUnuTJ8iAt6Z5EHsM8lE9lBOsl7iKTVKIUi, 13800000016, 1, null, 2026-06-23 06:40:41
<==        Row: 20, bean_hunter, $2a$10$N.zmdr9k7uOCQb376NoUnuTJ8iAt6Z5EHsM8lE9lBOsl7iKTVKIUi, 13800000017, 1, null, 2026-06-23 06:40:41
<==        Row: 22, ristretto_lover, $2a$10$N.zmdr9k7uOCQb376NoUnuTJ8iAt6Z5EHsM8lE9lBOsl7iKTVKIUi, 13800000019, 1, null, 2026-06-23 06:40:41
<==        Row: 23, coffee_taster, $2a$10$N.zmdr9k7uOCQb376NoUnuTJ8iAt6Z5EHsM8lE9lBOsl7iKTVKIUi, 13800000020, 1, null, 2026-06-23 06:40:41
<==      Total: 12
Closing non transactional SqlSession [org.apache.ibatis.session.defaults.DefaultSqlSession@f6b6f8b]
Creating a new SqlSession
SqlSession [org.apache.ibatis.session.defaults.DefaultSqlSession@68841f78] was not registered for synchronization because synchronization is not active
JDBC Connection [HikariProxyConnection@1189096657 wrapping com.mysql.cj.jdbc.ConnectionImpl@291610c4] will not be managed by Spring
==>  Preparing: SELECT id,username,password,phone,status,avatar,create_time FROM sys_user WHERE id IN ( ? , ? , ? , ? , ? , ? , ? , ? , ? , ? , ? , ? )
==> Parameters: 1(Long), 17(Long), 18(Long), 19(Long), 20(Long), 22(Long), 23(Long), 7(Long), 11(Long), 12(Long), 13(Long), 14(Long)
<==    Columns: id, username, password, phone, status, avatar, create_time
<==        Row: 1, lx, $2a$10$DY8p4Q7r/lnC2ax327OH/u439shvAv9lH895iyIYyLxfz9cRgKKgW, 19185939281, 1, http://localhost:8080/uploads/avatars/avatar_1_1782735664998.png, 2026-06-21 20:09:20
<==        Row: 7, espresso_queen, $2a$10$N.zmdr9k7uOCQb376NoUnuTJ8iAt6Z5EHsM8lE9lBOsl7iKTVKIUi, 13800000004, 1, null, 2026-06-23 06:40:41
<==        Row: 11, cold_brew_king, $2a$10$N.zmdr9k7uOCQb376NoUnuTJ8iAt6Z5EHsM8lE9lBOsl7iKTVKIUi, 13800000008, 1, null, 2026-06-23 06:40:41
<==        Row: 12, coffee_snob, $2a$10$N.zmdr9k7uOCQb376NoUnuTJ8iAt6Z5EHsM8lE9lBOsl7iKTVKIUi, 13800000009, 1, null, 2026-06-23 06:40:41
<==        Row: 13, matcha_latte, $2a$10$N.zmdr9k7uOCQb376NoUnuTJ8iAt6Z5EHsM8lE9lBOsl7iKTVKIUi, 13800000010, 1, null, 2026-06-23 06:40:41
<==        Row: 14, cafe_hunter, $2a$10$N.zmdr9k7uOCQb376NoUnuTJ8iAt6Z5EHsM8lE9lBOsl7iKTVKIUi, 13800000011, 1, null, 2026-06-23 06:40:41
<==        Row: 17, single_origin, $2a$10$N.zmdr9k7uOCQb376NoUnuTJ8iAt6Z5EHsM8lE9lBOsl7iKTVKIUi, 13800000014, 1, null, 2026-06-23 06:40:41
<==        Row: 18, flat_white_love, $2a$10$N.zmdr9k7uOCQb376NoUnuTJ8iAt6Z5EHsM8lE9lBOsl7iKTVKIUi, 13800000015, 1, null, 2026-06-23 06:40:41
<==        Row: 19, coffee_daily, $2a$10$N.zmdr9k7uOCQb376NoUnuTJ8iAt6Z5EHsM8lE9lBOsl7iKTVKIUi, 13800000016, 1, null, 2026-06-23 06:40:41
<==        Row: 20, bean_hunter, $2a$10$N.zmdr9k7uOCQb376NoUnuTJ8iAt6Z5EHsM8lE9lBOsl7iKTVKIUi, 13800000017, 1, null, 2026-06-23 06:40:41
<==        Row: 22, ristretto_lover, $2a$10$N.zmdr9k7uOCQb376NoUnuTJ8iAt6Z5EHsM8lE9lBOsl7iKTVKIUi, 13800000019, 1, null, 2026-06-23 06:40:41
<==        Row: 23, coffee_taster, $2a$10$N.zmdr9k7uOCQb376NoUnuTJ8iAt6Z5EHsM8lE9lBOsl7iKTVKIUi, 13800000020, 1, null, 2026-06-23 06:40:41
<==      Total: 12
Closing non transactional SqlSession [org.apache.ibatis.session.defaults.DefaultSqlSession@68841f78]
Creating a new SqlSession
SqlSession [org.apache.ibatis.session.defaults.DefaultSqlSession@9031ce3] was not registered for synchronization because synchronization is not active
JDBC Connection [HikariProxyConnection@1015294390 wrapping com.mysql.cj.jdbc.ConnectionImpl@291610c4] will not be managed by Spring
==>  Preparing: SELECT id,username,password,phone,status,avatar,create_time FROM sys_user WHERE id IN ( ? , ? , ? , ? , ? , ? , ? , ? , ? , ? , ? , ? )
==> Parameters: 1(Long), 17(Long), 18(Long), 19(Long), 20(Long), 22(Long), 23(Long), 7(Long), 11(Long), 12(Long), 13(Long), 14(Long)
<==    Columns: id, username, password, phone, status, avatar, create_time
<==        Row: 1, lx, $2a$10$DY8p4Q7r/lnC2ax327OH/u439shvAv9lH895iyIYyLxfz9cRgKKgW, 19185939281, 1, http://localhost:8080/uploads/avatars/avatar_1_1782735664998.png, 2026-06-21 20:09:20
<==        Row: 7, espresso_queen, $2a$10$N.zmdr9k7uOCQb376NoUnuTJ8iAt6Z5EHsM8lE9lBOsl7iKTVKIUi, 13800000004, 1, null, 2026-06-23 06:40:41
<==        Row: 11, cold_brew_king, $2a$10$N.zmdr9k7uOCQb376NoUnuTJ8iAt6Z5EHsM8lE9lBOsl7iKTVKIUi, 13800000008, 1, null, 2026-06-23 06:40:41
<==        Row: 12, coffee_snob, $2a$10$N.zmdr9k7uOCQb376NoUnuTJ8iAt6Z5EHsM8lE9lBOsl7iKTVKIUi, 13800000009, 1, null, 2026-06-23 06:40:41
<==        Row: 13, matcha_latte, $2a$10$N.zmdr9k7uOCQb376NoUnuTJ8iAt6Z5EHsM8lE9lBOsl7iKTVKIUi, 13800000010, 1, null, 2026-06-23 06:40:41
<==        Row: 14, cafe_hunter, $2a$10$N.zmdr9k7uOCQb376NoUnuTJ8iAt6Z5EHsM8lE9lBOsl7iKTVKIUi, 13800000011, 1, null, 2026-06-23 06:40:41
<==        Row: 17, single_origin, $2a$10$N.zmdr9k7uOCQb376NoUnuTJ8iAt6Z5EHsM8lE9lBOsl7iKTVKIUi, 13800000014, 1, null, 2026-06-23 06:40:41
<==        Row: 18, flat_white_love, $2a$10$N.zmdr9k7uOCQb376NoUnuTJ8iAt6Z5EHsM8lE9lBOsl7iKTVKIUi, 13800000015, 1, null, 2026-06-23 06:40:41
<==        Row: 19, coffee_daily, $2a$10$N.zmdr9k7uOCQb376NoUnuTJ8iAt6Z5EHsM8lE9lBOsl7iKTVKIUi, 13800000016, 1, null, 2026-06-23 06:40:41
<==        Row: 20, bean_hunter, $2a$10$N.zmdr9k7uOCQb376NoUnuTJ8iAt6Z5EHsM8lE9lBOsl7iKTVKIUi, 13800000017, 1, null, 2026-06-23 06:40:41
<==        Row: 22, ristretto_lover, $2a$10$N.zmdr9k7uOCQb376NoUnuTJ8iAt6Z5EHsM8lE9lBOsl7iKTVKIUi, 13800000019, 1, null, 2026-06-23 06:40:41
<==        Row: 23, coffee_taster, $2a$10$N.zmdr9k7uOCQb376NoUnuTJ8iAt6Z5EHsM8lE9lBOsl7iKTVKIUi, 13800000020, 1, null, 2026-06-23 06:40:41
<==      Total: 12
Closing non transactional SqlSession [org.apache.ibatis.session.defaults.DefaultSqlSession@9031ce3]
Creating a new SqlSession
SqlSession [org.apache.ibatis.session.defaults.DefaultSqlSession@2abcd729] was not registered for synchronization because synchronization is not active
JDBC Connection [HikariProxyConnection@1045593496 wrapping com.mysql.cj.jdbc.ConnectionImpl@291610c4] will not be managed by Spring
==>  Preparing: SELECT id,username,password,phone,status,avatar,create_time FROM sys_user WHERE id IN ( ? , ? , ? , ? , ? , ? , ? , ? , ? , ? , ? , ? )
==> Parameters: 1(Long), 17(Long), 18(Long), 19(Long), 20(Long), 22(Long), 23(Long), 7(Long), 11(Long), 12(Long), 13(Long), 14(Long)
<==    Columns: id, username, password, phone, status, avatar, create_time
<==        Row: 1, lx, $2a$10$DY8p4Q7r/lnC2ax327OH/u439shvAv9lH895iyIYyLxfz9cRgKKgW, 19185939281, 1, http://localhost:8080/uploads/avatars/avatar_1_1782735664998.png, 2026-06-21 20:09:20
<==        Row: 7, espresso_queen, $2a$10$N.zmdr9k7uOCQb376NoUnuTJ8iAt6Z5EHsM8lE9lBOsl7iKTVKIUi, 13800000004, 1, null, 2026-06-23 06:40:41
<==        Row: 11, cold_brew_king, $2a$10$N.zmdr9k7uOCQb376NoUnuTJ8iAt6Z5EHsM8lE9lBOsl7iKTVKIUi, 13800000008, 1, null, 2026-06-23 06:40:41
<==        Row: 12, coffee_snob, $2a$10$N.zmdr9k7uOCQb376NoUnuTJ8iAt6Z5EHsM8lE9lBOsl7iKTVKIUi, 13800000009, 1, null, 2026-06-23 06:40:41
<==        Row: 13, matcha_latte, $2a$10$N.zmdr9k7uOCQb376NoUnuTJ8iAt6Z5EHsM8lE9lBOsl7iKTVKIUi, 13800000010, 1, null, 2026-06-23 06:40:41
<==        Row: 14, cafe_hunter, $2a$10$N.zmdr9k7uOCQb376NoUnuTJ8iAt6Z5EHsM8lE9lBOsl7iKTVKIUi, 13800000011, 1, null, 2026-06-23 06:40:41
<==        Row: 17, single_origin, $2a$10$N.zmdr9k7uOCQb376NoUnuTJ8iAt6Z5EHsM8lE9lBOsl7iKTVKIUi, 13800000014, 1, null, 2026-06-23 06:40:41
<==        Row: 18, flat_white_love, $2a$10$N.zmdr9k7uOCQb376NoUnuTJ8iAt6Z5EHsM8lE9lBOsl7iKTVKIUi, 13800000015, 1, null, 2026-06-23 06:40:41
<==        Row: 19, coffee_daily, $2a$10$N.zmdr9k7uOCQb376NoUnuTJ8iAt6Z5EHsM8lE9lBOsl7iKTVKIUi, 13800000016, 1, null, 2026-06-23 06:40:41
<==        Row: 20, bean_hunter, $2a$10$N.zmdr9k7uOCQb376NoUnuTJ8iAt6Z5EHsM8lE9lBOsl7iKTVKIUi, 13800000017, 1, null, 2026-06-23 06:40:41
<==        Row: 22, ristretto_lover, $2a$10$N.zmdr9k7uOCQb376NoUnuTJ8iAt6Z5EHsM8lE9lBOsl7iKTVKIUi, 13800000019, 1, null, 2026-06-23 06:40:41
<==        Row: 23, coffee_taster, $2a$10$N.zmdr9k7uOCQb376NoUnuTJ8iAt6Z5EHsM8lE9lBOsl7iKTVKIUi, 13800000020, 1, null, 2026-06-23 06:40:41
<==      Total: 12
Closing non transactional SqlSession [org.apache.ibatis.session.defaults.DefaultSqlSession@2abcd729]
Creating a new SqlSession
SqlSession [org.apache.ibatis.session.defaults.DefaultSqlSession@693f1449] was not registered for synchronization because synchronization is not active
JDBC Connection [HikariProxyConnection@1031551442 wrapping com.mysql.cj.jdbc.ConnectionImpl@291610c4] will not be managed by Spring
==>  Preparing: SELECT id,username,password,phone,status,avatar,create_time FROM sys_user WHERE id IN ( ? , ? , ? , ? , ? , ? , ? , ? , ? , ? , ? , ? )
==> Parameters: 1(Long), 17(Long), 18(Long), 19(Long), 20(Long), 22(Long), 23(Long), 7(Long), 11(Long), 12(Long), 13(Long), 14(Long)
<==    Columns: id, username, password, phone, status, avatar, create_time
<==        Row: 1, lx, $2a$10$DY8p4Q7r/lnC2ax327OH/u439shvAv9lH895iyIYyLxfz9cRgKKgW, 19185939281, 1, http://localhost:8080/uploads/avatars/avatar_1_1782735664998.png, 2026-06-21 20:09:20
<==        Row: 7, espresso_queen, $2a$10$N.zmdr9k7uOCQb376NoUnuTJ8iAt6Z5EHsM8lE9lBOsl7iKTVKIUi, 13800000004, 1, null, 2026-06-23 06:40:41
<==        Row: 11, cold_brew_king, $2a$10$N.zmdr9k7uOCQb376NoUnuTJ8iAt6Z5EHsM8lE9lBOsl7iKTVKIUi, 13800000008, 1, null, 2026-06-23 06:40:41
<==        Row: 12, coffee_snob, $2a$10$N.zmdr9k7uOCQb376NoUnuTJ8iAt6Z5EHsM8lE9lBOsl7iKTVKIUi, 13800000009, 1, null, 2026-06-23 06:40:41
<==        Row: 13, matcha_latte, $2a$10$N.zmdr9k7uOCQb376NoUnuTJ8iAt6Z5EHsM8lE9lBOsl7iKTVKIUi, 13800000010, 1, null, 2026-06-23 06:40:41
<==        Row: 14, cafe_hunter, $2a$10$N.zmdr9k7uOCQb376NoUnuTJ8iAt6Z5EHsM8lE9lBOsl7iKTVKIUi, 13800000011, 1, null, 2026-06-23 06:40:41
<==        Row: 17, single_origin, $2a$10$N.zmdr9k7uOCQb376NoUnuTJ8iAt6Z5EHsM8lE9lBOsl7iKTVKIUi, 13800000014, 1, null, 2026-06-23 06:40:41
<==        Row: 18, flat_white_love, $2a$10$N.zmdr9k7uOCQb376NoUnuTJ8iAt6Z5EHsM8lE9lBOsl7iKTVKIUi, 13800000015, 1, null, 2026-06-23 06:40:41
<==        Row: 19, coffee_daily, $2a$10$N.zmdr9k7uOCQb376NoUnuTJ8iAt6Z5EHsM8lE9lBOsl7iKTVKIUi, 13800000016, 1, null, 2026-06-23 06:40:41
<==        Row: 20, bean_hunter, $2a$10$N.zmdr9k7uOCQb376NoUnuTJ8iAt6Z5EHsM8lE9lBOsl7iKTVKIUi, 13800000017, 1, null, 2026-06-23 06:40:41
<==        Row: 22, ristretto_lover, $2a$10$N.zmdr9k7uOCQb376NoUnuTJ8iAt6Z5EHsM8lE9lBOsl7iKTVKIUi, 13800000019, 1, null, 2026-06-23 06:40:41
<==        Row: 23, coffee_taster, $2a$10$N.zmdr9k7uOCQb376NoUnuTJ8iAt6Z5EHsM8lE9lBOsl7iKTVKIUi, 13800000020, 1, null, 2026-06-23 06:40:41
<==      Total: 12
Closing non transactional SqlSession [org.apache.ibatis.session.defaults.DefaultSqlSession@693f1449]
Creating a new SqlSession
SqlSession [org.apache.ibatis.session.defaults.DefaultSqlSession@35e013df] was not registered for synchronization because synchronization is not active
JDBC Connection [HikariProxyConnection@1510124318 wrapping com.mysql.cj.jdbc.ConnectionImpl@291610c4] will not be managed by Spring
==>  Preparing: SELECT id,username,password,phone,status,avatar,create_time FROM sys_user WHERE id IN ( ? , ? , ? , ? , ? , ? , ? , ? , ? , ? , ? , ? )
==> Parameters: 1(Long), 17(Long), 18(Long), 19(Long), 20(Long), 22(Long), 23(Long), 7(Long), 11(Long), 12(Long), 13(Long), 14(Long)
<==    Columns: id, username, password, phone, status, avatar, create_time
<==        Row: 1, lx, $2a$10$DY8p4Q7r/lnC2ax327OH/u439shvAv9lH895iyIYyLxfz9cRgKKgW, 19185939281, 1, http://localhost:8080/uploads/avatars/avatar_1_1782735664998.png, 2026-06-21 20:09:20
<==        Row: 7, espresso_queen, $2a$10$N.zmdr9k7uOCQb376NoUnuTJ8iAt6Z5EHsM8lE9lBOsl7iKTVKIUi, 13800000004, 1, null, 2026-06-23 06:40:41
<==        Row: 11, cold_brew_king, $2a$10$N.zmdr9k7uOCQb376NoUnuTJ8iAt6Z5EHsM8lE9lBOsl7iKTVKIUi, 13800000008, 1, null, 2026-06-23 06:40:41
<==        Row: 12, coffee_snob, $2a$10$N.zmdr9k7uOCQb376NoUnuTJ8iAt6Z5EHsM8lE9lBOsl7iKTVKIUi, 13800000009, 1, null, 2026-06-23 06:40:41
<==        Row: 13, matcha_latte, $2a$10$N.zmdr9k7uOCQb376NoUnuTJ8iAt6Z5EHsM8lE9lBOsl7iKTVKIUi, 13800000010, 1, null, 2026-06-23 06:40:41
<==        Row: 14, cafe_hunter, $2a$10$N.zmdr9k7uOCQb376NoUnuTJ8iAt6Z5EHsM8lE9lBOsl7iKTVKIUi, 13800000011, 1, null, 2026-06-23 06:40:41
<==        Row: 17, single_origin, $2a$10$N.zmdr9k7uOCQb376NoUnuTJ8iAt6Z5EHsM8lE9lBOsl7iKTVKIUi, 13800000014, 1, null, 2026-06-23 06:40:41
<==        Row: 18, flat_white_love, $2a$10$N.zmdr9k7uOCQb376NoUnuTJ8iAt6Z5EHsM8lE9lBOsl7iKTVKIUi, 13800000015, 1, null, 2026-06-23 06:40:41
<==        Row: 19, coffee_daily, $2a$10$N.zmdr9k7uOCQb376NoUnuTJ8iAt6Z5EHsM8lE9lBOsl7iKTVKIUi, 13800000016, 1, null, 2026-06-23 06:40:41
<==        Row: 20, bean_hunter, $2a$10$N.zmdr9k7uOCQb376NoUnuTJ8iAt6Z5EHsM8lE9lBOsl7iKTVKIUi, 13800000017, 1, null, 2026-06-23 06:40:41
<==        Row: 22, ristretto_lover, $2a$10$N.zmdr9k7uOCQb376NoUnuTJ8iAt6Z5EHsM8lE9lBOsl7iKTVKIUi, 13800000019, 1, null, 2026-06-23 06:40:41
<==        Row: 23, coffee_taster, $2a$10$N.zmdr9k7uOCQb376NoUnuTJ8iAt6Z5EHsM8lE9lBOsl7iKTVKIUi, 13800000020, 1, null, 2026-06-23 06:40:41
<==      Total: 12
Closing non transactional SqlSession [org.apache.ibatis.session.defaults.DefaultSqlSession@35e013df]
Creating a new SqlSession
SqlSession [org.apache.ibatis.session.defaults.DefaultSqlSession@ee91014] was not registered for synchronization because synchronization is not active
JDBC Connection [HikariProxyConnection@1682373187 wrapping com.mysql.cj.jdbc.ConnectionImpl@291610c4] will not be managed by Spring
==>  Preparing: SELECT id,username,password,phone,status,avatar,create_time FROM sys_user WHERE id IN ( ? , ? , ? , ? , ? , ? , ? , ? , ? , ? , ? , ? )
==> Parameters: 1(Long), 17(Long), 18(Long), 19(Long), 20(Long), 22(Long), 23(Long), 7(Long), 11(Long), 12(Long), 13(Long), 14(Long)
<==    Columns: id, username, password, phone, status, avatar, create_time
<==        Row: 1, lx, $2a$10$DY8p4Q7r/lnC2ax327OH/u439shvAv9lH895iyIYyLxfz9cRgKKgW, 19185939281, 1, http://localhost:8080/uploads/avatars/avatar_1_1782735664998.png, 2026-06-21 20:09:20
<==        Row: 7, espresso_queen, $2a$10$N.zmdr9k7uOCQb376NoUnuTJ8iAt6Z5EHsM8lE9lBOsl7iKTVKIUi, 13800000004, 1, null, 2026-06-23 06:40:41
<==        Row: 11, cold_brew_king, $2a$10$N.zmdr9k7uOCQb376NoUnuTJ8iAt6Z5EHsM8lE9lBOsl7iKTVKIUi, 13800000008, 1, null, 2026-06-23 06:40:41
<==        Row: 12, coffee_snob, $2a$10$N.zmdr9k7uOCQb376NoUnuTJ8iAt6Z5EHsM8lE9lBOsl7iKTVKIUi, 13800000009, 1, null, 2026-06-23 06:40:41
<==        Row: 13, matcha_latte, $2a$10$N.zmdr9k7uOCQb376NoUnuTJ8iAt6Z5EHsM8lE9lBOsl7iKTVKIUi, 13800000010, 1, null, 2026-06-23 06:40:41
<==        Row: 14, cafe_hunter, $2a$10$N.zmdr9k7uOCQb376NoUnuTJ8iAt6Z5EHsM8lE9lBOsl7iKTVKIUi, 13800000011, 1, null, 2026-06-23 06:40:41
<==        Row: 17, single_origin, $2a$10$N.zmdr9k7uOCQb376NoUnuTJ8iAt6Z5EHsM8lE9lBOsl7iKTVKIUi, 13800000014, 1, null, 2026-06-23 06:40:41
<==        Row: 18, flat_white_love, $2a$10$N.zmdr9k7uOCQb376NoUnuTJ8iAt6Z5EHsM8lE9lBOsl7iKTVKIUi, 13800000015, 1, null, 2026-06-23 06:40:41
<==        Row: 19, coffee_daily, $2a$10$N.zmdr9k7uOCQb376NoUnuTJ8iAt6Z5EHsM8lE9lBOsl7iKTVKIUi, 13800000016, 1, null, 2026-06-23 06:40:41
<==        Row: 20, bean_hunter, $2a$10$N.zmdr9k7uOCQb376NoUnuTJ8iAt6Z5EHsM8lE9lBOsl7iKTVKIUi, 13800000017, 1, null, 2026-06-23 06:40:41
<==        Row: 22, ristretto_lover, $2a$10$N.zmdr9k7uOCQb376NoUnuTJ8iAt6Z5EHsM8lE9lBOsl7iKTVKIUi, 13800000019, 1, null, 2026-06-23 06:40:41
<==        Row: 23, coffee_taster, $2a$10$N.zmdr9k7uOCQb376NoUnuTJ8iAt6Z5EHsM8lE9lBOsl7iKTVKIUi, 13800000020, 1, null, 2026-06-23 06:40:41
<==      Total: 12
Closing non transactional SqlSession [org.apache.ibatis.session.defaults.DefaultSqlSession@ee91014]
Creating a new SqlSession
SqlSession [org.apache.ibatis.session.defaults.DefaultSqlSession@4d58164f] was not registered for synchronization because synchronization is not active
JDBC Connection [HikariProxyConnection@1931199120 wrapping com.mysql.cj.jdbc.ConnectionImpl@291610c4] will not be managed by Spring
==>  Preparing: SELECT id,username,password,phone,status,avatar,create_time FROM sys_user WHERE id IN ( ? , ? , ? , ? , ? , ? , ? , ? , ? , ? , ? , ? )
==> Parameters: 1(Long), 17(Long), 18(Long), 19(Long), 20(Long), 22(Long), 23(Long), 7(Long), 11(Long), 12(Long), 13(Long), 14(Long)
<==    Columns: id, username, password, phone, status, avatar, create_time
<==        Row: 1, lx, $2a$10$DY8p4Q7r/lnC2ax327OH/u439shvAv9lH895iyIYyLxfz9cRgKKgW, 19185939281, 1, http://localhost:8080/uploads/avatars/avatar_1_1782735664998.png, 2026-06-21 20:09:20
<==        Row: 7, espresso_queen, $2a$10$N.zmdr9k7uOCQb376NoUnuTJ8iAt6Z5EHsM8lE9lBOsl7iKTVKIUi, 13800000004, 1, null, 2026-06-23 06:40:41
<==        Row: 11, cold_brew_king, $2a$10$N.zmdr9k7uOCQb376NoUnuTJ8iAt6Z5EHsM8lE9lBOsl7iKTVKIUi, 13800000008, 1, null, 2026-06-23 06:40:41
<==        Row: 12, coffee_snob, $2a$10$N.zmdr9k7uOCQb376NoUnuTJ8iAt6Z5EHsM8lE9lBOsl7iKTVKIUi, 13800000009, 1, null, 2026-06-23 06:40:41
<==        Row: 13, matcha_latte, $2a$10$N.zmdr9k7uOCQb376NoUnuTJ8iAt6Z5EHsM8lE9lBOsl7iKTVKIUi, 13800000010, 1, null, 2026-06-23 06:40:41
<==        Row: 14, cafe_hunter, $2a$10$N.zmdr9k7uOCQb376NoUnuTJ8iAt6Z5EHsM8lE9lBOsl7iKTVKIUi, 13800000011, 1, null, 2026-06-23 06:40:41
<==        Row: 17, single_origin, $2a$10$N.zmdr9k7uOCQb376NoUnuTJ8iAt6Z5EHsM8lE9lBOsl7iKTVKIUi, 13800000014, 1, null, 2026-06-23 06:40:41
<==        Row: 18, flat_white_love, $2a$10$N.zmdr9k7uOCQb376NoUnuTJ8iAt6Z5EHsM8lE9lBOsl7iKTVKIUi, 13800000015, 1, null, 2026-06-23 06:40:41
<==        Row: 19, coffee_daily, $2a$10$N.zmdr9k7uOCQb376NoUnuTJ8iAt6Z5EHsM8lE9lBOsl7iKTVKIUi, 13800000016, 1, null, 2026-06-23 06:40:41
<==        Row: 20, bean_hunter, $2a$10$N.zmdr9k7uOCQb376NoUnuTJ8iAt6Z5EHsM8lE9lBOsl7iKTVKIUi, 13800000017, 1, null, 2026-06-23 06:40:41
<==        Row: 22, ristretto_lover, $2a$10$N.zmdr9k7uOCQb376NoUnuTJ8iAt6Z5EHsM8lE9lBOsl7iKTVKIUi, 13800000019, 1, null, 2026-06-23 06:40:41
<==        Row: 23, coffee_taster, $2a$10$N.zmdr9k7uOCQb376NoUnuTJ8iAt6Z5EHsM8lE9lBOsl7iKTVKIUi, 13800000020, 1, null, 2026-06-23 06:40:41
<==      Total: 12
Closing non transactional SqlSession [org.apache.ibatis.session.defaults.DefaultSqlSession@4d58164f]
Creating a new SqlSession
SqlSession [org.apache.ibatis.session.defaults.DefaultSqlSession@2128a7c] was not registered for synchronization because synchronization is not active
JDBC Connection [HikariProxyConnection@1407171774 wrapping com.mysql.cj.jdbc.ConnectionImpl@291610c4] will not be managed by Spring
==>  Preparing: SELECT id,username,password,phone,status,avatar,create_time FROM sys_user WHERE id IN ( ? , ? , ? , ? , ? , ? , ? , ? , ? , ? , ? , ? )
==> Parameters: 1(Long), 17(Long), 18(Long), 19(Long), 20(Long), 22(Long), 23(Long), 7(Long), 11(Long), 12(Long), 13(Long), 14(Long)
<==    Columns: id, username, password, phone, status, avatar, create_time
<==        Row: 1, lx, $2a$10$DY8p4Q7r/lnC2ax327OH/u439shvAv9lH895iyIYyLxfz9cRgKKgW, 19185939281, 1, http://localhost:8080/uploads/avatars/avatar_1_1782735664998.png, 2026-06-21 20:09:20
<==        Row: 7, espresso_queen, $2a$10$N.zmdr9k7uOCQb376NoUnuTJ8iAt6Z5EHsM8lE9lBOsl7iKTVKIUi, 13800000004, 1, null, 2026-06-23 06:40:41
<==        Row: 11, cold_brew_king, $2a$10$N.zmdr9k7uOCQb376NoUnuTJ8iAt6Z5EHsM8lE9lBOsl7iKTVKIUi, 13800000008, 1, null, 2026-06-23 06:40:41
<==        Row: 12, coffee_snob, $2a$10$N.zmdr9k7uOCQb376NoUnuTJ8iAt6Z5EHsM8lE9lBOsl7iKTVKIUi, 13800000009, 1, null, 2026-06-23 06:40:41
<==        Row: 13, matcha_latte, $2a$10$N.zmdr9k7uOCQb376NoUnuTJ8iAt6Z5EHsM8lE9lBOsl7iKTVKIUi, 13800000010, 1, null, 2026-06-23 06:40:41
<==        Row: 14, cafe_hunter, $2a$10$N.zmdr9k7uOCQb376NoUnuTJ8iAt6Z5EHsM8lE9lBOsl7iKTVKIUi, 13800000011, 1, null, 2026-06-23 06:40:41
<==        Row: 17, single_origin, $2a$10$N.zmdr9k7uOCQb376NoUnuTJ8iAt6Z5EHsM8lE9lBOsl7iKTVKIUi, 13800000014, 1, null, 2026-06-23 06:40:41
<==        Row: 18, flat_white_love, $2a$10$N.zmdr9k7uOCQb376NoUnuTJ8iAt6Z5EHsM8lE9lBOsl7iKTVKIUi, 13800000015, 1, null, 2026-06-23 06:40:41
<==        Row: 19, coffee_daily, $2a$10$N.zmdr9k7uOCQb376NoUnuTJ8iAt6Z5EHsM8lE9lBOsl7iKTVKIUi, 13800000016, 1, null, 2026-06-23 06:40:41
<==        Row: 20, bean_hunter, $2a$10$N.zmdr9k7uOCQb376NoUnuTJ8iAt6Z5EHsM8lE9lBOsl7iKTVKIUi, 13800000017, 1, null, 2026-06-23 06:40:41
<==        Row: 22, ristretto_lover, $2a$10$N.zmdr9k7uOCQb376NoUnuTJ8iAt6Z5EHsM8lE9lBOsl7iKTVKIUi, 13800000019, 1, null, 2026-06-23 06:40:41
<==        Row: 23, coffee_taster, $2a$10$N.zmdr9k7uOCQb376NoUnuTJ8iAt6Z5EHsM8lE9lBOsl7iKTVKIUi, 13800000020, 1, null, 2026-06-23 06:40:41
<==      Total: 12
Closing non transactional SqlSession [org.apache.ibatis.session.defaults.DefaultSqlSession@2128a7c]
Creating a new SqlSession
SqlSession [org.apache.ibatis.session.defaults.DefaultSqlSession@5531bf22] was not registered for synchronization because synchronization is not active
JDBC Connection [HikariProxyConnection@427310898 wrapping com.mysql.cj.jdbc.ConnectionImpl@291610c4] will not be managed by Spring
==>  Preparing: SELECT id,username,password,phone,status,avatar,create_time FROM sys_user WHERE id IN ( ? , ? , ? , ? , ? , ? , ? , ? , ? , ? , ? , ? )
==> Parameters: 1(Long), 17(Long), 18(Long), 19(Long), 20(Long), 22(Long), 23(Long), 7(Long), 11(Long), 12(Long), 13(Long), 14(Long)
<==    Columns: id, username, password, phone, status, avatar, create_time
<==        Row: 1, lx, $2a$10$DY8p4Q7r/lnC2ax327OH/u439shvAv9lH895iyIYyLxfz9cRgKKgW, 19185939281, 1, http://localhost:8080/uploads/avatars/avatar_1_1782735664998.png, 2026-06-21 20:09:20
<==        Row: 7, espresso_queen, $2a$10$N.zmdr9k7uOCQb376NoUnuTJ8iAt6Z5EHsM8lE9lBOsl7iKTVKIUi, 13800000004, 1, null, 2026-06-23 06:40:41
<==        Row: 11, cold_brew_king, $2a$10$N.zmdr9k7uOCQb376NoUnuTJ8iAt6Z5EHsM8lE9lBOsl7iKTVKIUi, 13800000008, 1, null, 2026-06-23 06:40:41
<==        Row: 12, coffee_snob, $2a$10$N.zmdr9k7uOCQb376NoUnuTJ8iAt6Z5EHsM8lE9lBOsl7iKTVKIUi, 13800000009, 1, null, 2026-06-23 06:40:41
<==        Row: 13, matcha_latte, $2a$10$N.zmdr9k7uOCQb376NoUnuTJ8iAt6Z5EHsM8lE9lBOsl7iKTVKIUi, 13800000010, 1, null, 2026-06-23 06:40:41
<==        Row: 14, cafe_hunter, $2a$10$N.zmdr9k7uOCQb376NoUnuTJ8iAt6Z5EHsM8lE9lBOsl7iKTVKIUi, 13800000011, 1, null, 2026-06-23 06:40:41
<==        Row: 17, single_origin, $2a$10$N.zmdr9k7uOCQb376NoUnuTJ8iAt6Z5EHsM8lE9lBOsl7iKTVKIUi, 13800000014, 1, null, 2026-06-23 06:40:41
<==        Row: 18, flat_white_love, $2a$10$N.zmdr9k7uOCQb376NoUnuTJ8iAt6Z5EHsM8lE9lBOsl7iKTVKIUi, 13800000015, 1, null, 2026-06-23 06:40:41
<==        Row: 19, coffee_daily, $2a$10$N.zmdr9k7uOCQb376NoUnuTJ8iAt6Z5EHsM8lE9lBOsl7iKTVKIUi, 13800000016, 1, null, 2026-06-23 06:40:41
<==        Row: 20, bean_hunter, $2a$10$N.zmdr9k7uOCQb376NoUnuTJ8iAt6Z5EHsM8lE9lBOsl7iKTVKIUi, 13800000017, 1, null, 2026-06-23 06:40:41
<==        Row: 22, ristretto_lover, $2a$10$N.zmdr9k7uOCQb376NoUnuTJ8iAt6Z5EHsM8lE9lBOsl7iKTVKIUi, 13800000019, 1, null, 2026-06-23 06:40:41
<==        Row: 23, coffee_taster, $2a$10$N.zmdr9k7uOCQb376NoUnuTJ8iAt6Z5EHsM8lE9lBOsl7iKTVKIUi, 13800000020, 1, null, 2026-06-23 06:40:41
<==      Total: 12
Closing non transactional SqlSession [org.apache.ibatis.session.defaults.DefaultSqlSession@5531bf22]
Creating a new SqlSession
SqlSession [org.apache.ibatis.session.defaults.DefaultSqlSession@60dfa286] was not registered for synchronization because synchronization is not active
JDBC Connection [HikariProxyConnection@1435773865 wrapping com.mysql.cj.jdbc.ConnectionImpl@1a81305e] will not be managed by Spring
==>  Preparing: SELECT id,username,password,phone,status,avatar,create_time FROM sys_user WHERE id IN ( ? , ? , ? , ? , ? , ? , ? , ? , ? , ? , ? , ? )
==> Parameters: 1(Long), 17(Long), 18(Long), 19(Long), 20(Long), 22(Long), 23(Long), 7(Long), 11(Long), 12(Long), 13(Long), 14(Long)
<==    Columns: id, username, password, phone, status, avatar, create_time
<==        Row: 1, lx, $2a$10$DY8p4Q7r/lnC2ax327OH/u439shvAv9lH895iyIYyLxfz9cRgKKgW, 19185939281, 1, http://localhost:8080/uploads/avatars/avatar_1_1782735664998.png, 2026-06-21 20:09:20
<==        Row: 7, espresso_queen, $2a$10$N.zmdr9k7uOCQb376NoUnuTJ8iAt6Z5EHsM8lE9lBOsl7iKTVKIUi, 13800000004, 1, null, 2026-06-23 06:40:41
<==        Row: 11, cold_brew_king, $2a$10$N.zmdr9k7uOCQb376NoUnuTJ8iAt6Z5EHsM8lE9lBOsl7iKTVKIUi, 13800000008, 1, null, 2026-06-23 06:40:41
<==        Row: 12, coffee_snob, $2a$10$N.zmdr9k7uOCQb376NoUnuTJ8iAt6Z5EHsM8lE9lBOsl7iKTVKIUi, 13800000009, 1, null, 2026-06-23 06:40:41
<==        Row: 13, matcha_latte, $2a$10$N.zmdr9k7uOCQb376NoUnuTJ8iAt6Z5EHsM8lE9lBOsl7iKTVKIUi, 13800000010, 1, null, 2026-06-23 06:40:41
<==        Row: 14, cafe_hunter, $2a$10$N.zmdr9k7uOCQb376NoUnuTJ8iAt6Z5EHsM8lE9lBOsl7iKTVKIUi, 13800000011, 1, null, 2026-06-23 06:40:41
<==        Row: 17, single_origin, $2a$10$N.zmdr9k7uOCQb376NoUnuTJ8iAt6Z5EHsM8lE9lBOsl7iKTVKIUi, 13800000014, 1, null, 2026-06-23 06:40:41
<==        Row: 18, flat_white_love, $2a$10$N.zmdr9k7uOCQb376NoUnuTJ8iAt6Z5EHsM8lE9lBOsl7iKTVKIUi, 13800000015, 1, null, 2026-06-23 06:40:41
<==        Row: 19, coffee_daily, $2a$10$N.zmdr9k7uOCQb376NoUnuTJ8iAt6Z5EHsM8lE9lBOsl7iKTVKIUi, 13800000016, 1, null, 2026-06-23 06:40:41
<==        Row: 20, bean_hunter, $2a$10$N.zmdr9k7uOCQb376NoUnuTJ8iAt6Z5EHsM8lE9lBOsl7iKTVKIUi, 13800000017, 1, null, 2026-06-23 06:40:41
<==        Row: 22, ristretto_lover, $2a$10$N.zmdr9k7uOCQb376NoUnuTJ8iAt6Z5EHsM8lE9lBOsl7iKTVKIUi, 13800000019, 1, null, 2026-06-23 06:40:41
<==        Row: 23, coffee_taster, $2a$10$N.zmdr9k7uOCQb376NoUnuTJ8iAt6Z5EHsM8lE9lBOsl7iKTVKIUi, 13800000020, 1, null, 2026-06-23 06:40:41
<==      Total: 12
Closing non transactional SqlSession [org.apache.ibatis.session.defaults.DefaultSqlSession@60dfa286]
Creating a new SqlSession
SqlSession [org.apache.ibatis.session.defaults.DefaultSqlSession@5e160779] was not registered for synchronization because synchronization is not active
JDBC Connection [HikariProxyConnection@1212233645 wrapping com.mysql.cj.jdbc.ConnectionImpl@1a81305e] will not be managed by Spring
==>  Preparing: SELECT id,username,password,phone,status,avatar,create_time FROM sys_user WHERE id IN ( ? )
==> Parameters: 24(Long)
<==    Columns: id, username, password, phone, status, avatar, create_time
<==        Row: 24, lll, $2a$10$sbWgOWeCZV5MW4u88F8CMuxgJ.Phw6clars6Z.Ch1f9wtSKQBwc5O, 19185999881, 1, /uploads/avatars/avatar_24_1782727101006.png, 2026-06-27 21:53:05
<==      Total: 1
Closing non transactional SqlSession [org.apache.ibatis.session.defaults.DefaultSqlSession@5e160779]
Creating a new SqlSession
SqlSession [org.apache.ibatis.session.defaults.DefaultSqlSession@17277863] was not registered for synchronization because synchronization is not active
JDBC Connection [HikariProxyConnection@1569807389 wrapping com.mysql.cj.jdbc.ConnectionImpl@1a81305e] will not be managed by Spring
==>  Preparing: SELECT id,username,password,phone,status,avatar,create_time FROM sys_user WHERE id IN ( ? )
==> Parameters: 24(Long)
<==    Columns: id, username, password, phone, status, avatar, create_time
<==        Row: 24, lll, $2a$10$sbWgOWeCZV5MW4u88F8CMuxgJ.Phw6clars6Z.Ch1f9wtSKQBwc5O, 19185999881, 1, /uploads/avatars/avatar_24_1782727101006.png, 2026-06-27 21:53:05
<==      Total: 1
Closing non transactional SqlSession [org.apache.ibatis.session.defaults.DefaultSqlSession@17277863]
Creating a new SqlSession
SqlSession [org.apache.ibatis.session.defaults.DefaultSqlSession@5aa20b5c] was not registered for synchronization because synchronization is not active
JDBC Connection [HikariProxyConnection@1911266746 wrapping com.mysql.cj.jdbc.ConnectionImpl@1a81305e] will not be managed by Spring
==>  Preparing: SELECT id,username,password,phone,status,avatar,create_time FROM sys_user WHERE id=?
==> Parameters: 1(Long)
<==    Columns: id, username, password, phone, status, avatar, create_time
<==        Row: 1, lx, $2a$10$DY8p4Q7r/lnC2ax327OH/u439shvAv9lH895iyIYyLxfz9cRgKKgW, 19185939281, 1, http://localhost:8080/uploads/avatars/avatar_1_1782735664998.png, 2026-06-21 20:09:20
<==      Total: 1
Closing non transactional SqlSession [org.apache.ibatis.session.defaults.DefaultSqlSession@5aa20b5c]
Creating a new SqlSession
SqlSession [org.apache.ibatis.session.defaults.DefaultSqlSession@3d0e8c3a] was not registered for synchronization because synchronization is not active
JDBC Connection [HikariProxyConnection@1381830618 wrapping com.mysql.cj.jdbc.ConnectionImpl@1a81305e] will not be managed by Spring
==>  Preparing: SELECT id,username,password,phone,status,avatar,create_time FROM sys_user WHERE id IN ( ? )
==> Parameters: 1(Long)
<==    Columns: id, username, password, phone, status, avatar, create_time
<==        Row: 1, lx, $2a$10$DY8p4Q7r/lnC2ax327OH/u439shvAv9lH895iyIYyLxfz9cRgKKgW, 19185939281, 1, http://localhost:8080/uploads/avatars/avatar_1_1782735664998.png, 2026-06-21 20:09:20
<==      Total: 1
Closing non transactional SqlSession [org.apache.ibatis.session.defaults.DefaultSqlSession@3d0e8c3a]
Creating a new SqlSession
SqlSession [org.apache.ibatis.session.defaults.DefaultSqlSession@5eade494] was not registered for synchronization because synchronization is not active
JDBC Connection [HikariProxyConnection@1724050026 wrapping com.mysql.cj.jdbc.ConnectionImpl@1a81305e] will not be managed by Spring
==>  Preparing: SELECT COUNT( * ) AS total FROM coffee_post WHERE (user_id = ? AND status = ?)
==> Parameters: 1(Long), 1(Integer)
<==    Columns: total
<==        Row: 4
<==      Total: 1
Closing non transactional SqlSession [org.apache.ibatis.session.defaults.DefaultSqlSession@5eade494]
Creating a new SqlSession
SqlSession [org.apache.ibatis.session.defaults.DefaultSqlSession@540e842] was not registered for synchronization because synchronization is not active
JDBC Connection [HikariProxyConnection@888681786 wrapping com.mysql.cj.jdbc.ConnectionImpl@1a81305e] will not be managed by Spring
==>  Preparing: SELECT id FROM coffee_post WHERE (user_id = ?)
==> Parameters: 1(Long)
<==    Columns: id
<==        Row: 23
<==        Row: 27
<==        Row: 30
<==        Row: 99999
<==        Row: 100000
<==      Total: 5
Closing non transactional SqlSession [org.apache.ibatis.session.defaults.DefaultSqlSession@540e842]
Creating a new SqlSession
SqlSession [org.apache.ibatis.session.defaults.DefaultSqlSession@555e70f1] was not registered for synchronization because synchronization is not active
JDBC Connection [HikariProxyConnection@1474203872 wrapping com.mysql.cj.jdbc.ConnectionImpl@1a81305e] will not be managed by Spring
==>  Preparing: SELECT COUNT( * ) AS total FROM coffee_like WHERE (post_id IN (?,?,?,?,?))
==> Parameters: 23(Long), 27(Long), 30(Long), 99999(Long), 100000(Long)
<==    Columns: total
<==        Row: 6
<==      Total: 1
Closing non transactional SqlSession [org.apache.ibatis.session.defaults.DefaultSqlSession@555e70f1]
Creating a new SqlSession
SqlSession [org.apache.ibatis.session.defaults.DefaultSqlSession@27a4514e] was not registered for synchronization because synchronization is not active
JDBC Connection [HikariProxyConnection@22766771 wrapping com.mysql.cj.jdbc.ConnectionImpl@1a81305e] will not be managed by Spring
==>  Preparing: SELECT COUNT( * ) AS total FROM coffee_favorite WHERE (post_id IN (?,?,?,?,?))
==> Parameters: 23(Long), 27(Long), 30(Long), 99999(Long), 100000(Long)
<==    Columns: total
<==        Row: 1
<==      Total: 1
Closing non transactional SqlSession [org.apache.ibatis.session.defaults.DefaultSqlSession@27a4514e]
Creating a new SqlSession
SqlSession [org.apache.ibatis.session.defaults.DefaultSqlSession@51de3b76] was not registered for synchronization because synchronization is not active
JDBC Connection [HikariProxyConnection@1416965666 wrapping com.mysql.cj.jdbc.ConnectionImpl@1a81305e] will not be managed by Spring
==>  Preparing: SELECT COUNT( * ) AS total FROM coffee_comment WHERE (post_id IN (?,?,?,?,?))
==> Parameters: 23(Long), 27(Long), 30(Long), 99999(Long), 100000(Long)
<==    Columns: total
<==        Row: 12
<==      Total: 1
Closing non transactional SqlSession [org.apache.ibatis.session.defaults.DefaultSqlSession@51de3b76]
Creating a new SqlSession
SqlSession [org.apache.ibatis.session.defaults.DefaultSqlSession@2130143c] was not registered for synchronization because synchronization is not active
JDBC Connection [HikariProxyConnection@18194151 wrapping com.mysql.cj.jdbc.ConnectionImpl@1a81305e] will not be managed by Spring
==>  Preparing: SELECT COUNT( * ) AS total FROM user_follow WHERE (follower_id = ?)
==> Parameters: 1(Long)
<==    Columns: total
<==        Row: 2
<==      Total: 1
Closing non transactional SqlSession [org.apache.ibatis.session.defaults.DefaultSqlSession@2130143c]
Creating a new SqlSession
SqlSession [org.apache.ibatis.session.defaults.DefaultSqlSession@7f096319] was not registered for synchronization because synchronization is not active
JDBC Connection [HikariProxyConnection@1580796208 wrapping com.mysql.cj.jdbc.ConnectionImpl@1a81305e] will not be managed by Spring
==>  Preparing: SELECT COUNT( * ) AS total FROM user_follow WHERE (followee_id = ?)
==> Parameters: 1(Long)
<==    Columns: total
<==        Row: 1
<==      Total: 1
Closing non transactional SqlSession [org.apache.ibatis.session.defaults.DefaultSqlSession@7f096319]
Creating a new SqlSession
SqlSession [org.apache.ibatis.session.defaults.DefaultSqlSession@7e28e4f8] was not registered for synchronization because synchronization is not active
JDBC Connection [HikariProxyConnection@1382055742 wrapping com.mysql.cj.jdbc.ConnectionImpl@1a81305e] will not be managed by Spring
==>  Preparing: SELECT id,username,password,phone,status,avatar,create_time FROM sys_user WHERE id=?
==> Parameters: 1(Long)
<==    Columns: id, username, password, phone, status, avatar, create_time
<==        Row: 1, lx, $2a$10$DY8p4Q7r/lnC2ax327OH/u439shvAv9lH895iyIYyLxfz9cRgKKgW, 19185939281, 1, http://localhost:8080/uploads/avatars/avatar_1_1782735664998.png, 2026-06-21 20:09:20
<==      Total: 1
Closing non transactional SqlSession [org.apache.ibatis.session.defaults.DefaultSqlSession@7e28e4f8]
Creating a new SqlSession
SqlSession [org.apache.ibatis.session.defaults.DefaultSqlSession@62c410bd] was not registered for synchronization because synchronization is not active
JDBC Connection [HikariProxyConnection@1941044226 wrapping com.mysql.cj.jdbc.ConnectionImpl@1a81305e] will not be managed by Spring
==>  Preparing: SELECT id,username,password,phone,status,avatar,create_time FROM sys_user WHERE id IN ( ? )
==> Parameters: 1(Long)
<==    Columns: id, username, password, phone, status, avatar, create_time
<==        Row: 1, lx, $2a$10$DY8p4Q7r/lnC2ax327OH/u439shvAv9lH895iyIYyLxfz9cRgKKgW, 19185939281, 1, http://localhost:8080/uploads/avatars/avatar_1_1782735664998.png, 2026-06-21 20:09:20
<==      Total: 1
Closing non transactional SqlSession [org.apache.ibatis.session.defaults.DefaultSqlSession@62c410bd]
Creating a new SqlSession
SqlSession [org.apache.ibatis.session.defaults.DefaultSqlSession@ccfdf56] was not registered for synchronization because synchronization is not active
JDBC Connection [HikariProxyConnection@1326078401 wrapping com.mysql.cj.jdbc.ConnectionImpl@1a81305e] will not be managed by Spring
==>  Preparing: SELECT COUNT( * ) AS total FROM coffee_post WHERE (user_id = ? AND status = ?)
==> Parameters: 1(Long), 1(Integer)
<==    Columns: total
<==        Row: 4
<==      Total: 1
Closing non transactional SqlSession [org.apache.ibatis.session.defaults.DefaultSqlSession@ccfdf56]
Creating a new SqlSession
SqlSession [org.apache.ibatis.session.defaults.DefaultSqlSession@18f2de4c] was not registered for synchronization because synchronization is not active
JDBC Connection [HikariProxyConnection@1781897067 wrapping com.mysql.cj.jdbc.ConnectionImpl@1a81305e] will not be managed by Spring
==>  Preparing: SELECT id FROM coffee_post WHERE (user_id = ?)
==> Parameters: 1(Long)
<==    Columns: id
<==        Row: 23
<==        Row: 27
<==        Row: 30
<==        Row: 99999
<==        Row: 100000
<==      Total: 5
Closing non transactional SqlSession [org.apache.ibatis.session.defaults.DefaultSqlSession@18f2de4c]
Creating a new SqlSession
SqlSession [org.apache.ibatis.session.defaults.DefaultSqlSession@6568bdfc] was not registered for synchronization because synchronization is not active
JDBC Connection [HikariProxyConnection@589357301 wrapping com.mysql.cj.jdbc.ConnectionImpl@1a81305e] will not be managed by Spring
==>  Preparing: SELECT COUNT( * ) AS total FROM coffee_like WHERE (post_id IN (?,?,?,?,?))
==> Parameters: 23(Long), 27(Long), 30(Long), 99999(Long), 100000(Long)
<==    Columns: total
<==        Row: 6
<==      Total: 1
Closing non transactional SqlSession [org.apache.ibatis.session.defaults.DefaultSqlSession@6568bdfc]
Creating a new SqlSession
SqlSession [org.apache.ibatis.session.defaults.DefaultSqlSession@6fe89f33] was not registered for synchronization because synchronization is not active
JDBC Connection [HikariProxyConnection@1338984559 wrapping com.mysql.cj.jdbc.ConnectionImpl@1a81305e] will not be managed by Spring
==>  Preparing: SELECT COUNT( * ) AS total FROM coffee_favorite WHERE (post_id IN (?,?,?,?,?))
==> Parameters: 23(Long), 27(Long), 30(Long), 99999(Long), 100000(Long)
<==    Columns: total
<==        Row: 1
<==      Total: 1
Closing non transactional SqlSession [org.apache.ibatis.session.defaults.DefaultSqlSession@6fe89f33]
Creating a new SqlSession
SqlSession [org.apache.ibatis.session.defaults.DefaultSqlSession@6f7859d3] was not registered for synchronization because synchronization is not active
JDBC Connection [HikariProxyConnection@1145192968 wrapping com.mysql.cj.jdbc.ConnectionImpl@1a81305e] will not be managed by Spring
==>  Preparing: SELECT COUNT( * ) AS total FROM coffee_comment WHERE (post_id IN (?,?,?,?,?))
==> Parameters: 23(Long), 27(Long), 30(Long), 99999(Long), 100000(Long)
<==    Columns: total
<==        Row: 12
<==      Total: 1
Closing non transactional SqlSession [org.apache.ibatis.session.defaults.DefaultSqlSession@6f7859d3]
Creating a new SqlSession
SqlSession [org.apache.ibatis.session.defaults.DefaultSqlSession@7bccb3bd] was not registered for synchronization because synchronization is not active
JDBC Connection [HikariProxyConnection@1456982998 wrapping com.mysql.cj.jdbc.ConnectionImpl@1a81305e] will not be managed by Spring
==>  Preparing: SELECT COUNT( * ) AS total FROM user_follow WHERE (follower_id = ?)
==> Parameters: 1(Long)
<==    Columns: total
<==        Row: 2
<==      Total: 1
Closing non transactional SqlSession [org.apache.ibatis.session.defaults.DefaultSqlSession@7bccb3bd]
Creating a new SqlSession
SqlSession [org.apache.ibatis.session.defaults.DefaultSqlSession@2e3052cd] was not registered for synchronization because synchronization is not active
JDBC Connection [HikariProxyConnection@813649389 wrapping com.mysql.cj.jdbc.ConnectionImpl@1a81305e] will not be managed by Spring
==>  Preparing: SELECT COUNT( * ) AS total FROM user_follow WHERE (followee_id = ?)
==> Parameters: 1(Long)
<==    Columns: total
<==        Row: 1
<==      Total: 1
Closing non transactional SqlSession [org.apache.ibatis.session.defaults.DefaultSqlSession@2e3052cd]
Creating a new SqlSession
SqlSession [org.apache.ibatis.session.defaults.DefaultSqlSession@4459d8eb] was not registered for synchronization because synchronization is not active
JDBC Connection [HikariProxyConnection@1758682263 wrapping com.mysql.cj.jdbc.ConnectionImpl@1a81305e] will not be managed by Spring
==>  Preparing: SELECT id,username,password,phone,status,avatar,create_time FROM sys_user WHERE id=?
==> Parameters: 1(Long)
<==    Columns: id, username, password, phone, status, avatar, create_time
<==        Row: 1, lx, $2a$10$DY8p4Q7r/lnC2ax327OH/u439shvAv9lH895iyIYyLxfz9cRgKKgW, 19185939281, 1, http://localhost:8080/uploads/avatars/avatar_1_1782735664998.png, 2026-06-21 20:09:20
<==      Total: 1
Closing non transactional SqlSession [org.apache.ibatis.session.defaults.DefaultSqlSession@4459d8eb]
Creating a new SqlSession
SqlSession [org.apache.ibatis.session.defaults.DefaultSqlSession@14278d56] was not registered for synchronization because synchronization is not active
JDBC Connection [HikariProxyConnection@2053406052 wrapping com.mysql.cj.jdbc.ConnectionImpl@1a81305e] will not be managed by Spring
==>  Preparing: SELECT id,username,password,phone,status,avatar,create_time FROM sys_user WHERE id IN ( ? )
==> Parameters: 1(Long)
<==    Columns: id, username, password, phone, status, avatar, create_time
<==        Row: 1, lx, $2a$10$DY8p4Q7r/lnC2ax327OH/u439shvAv9lH895iyIYyLxfz9cRgKKgW, 19185939281, 1, http://localhost:8080/uploads/avatars/avatar_1_1782735664998.png, 2026-06-21 20:09:20
<==      Total: 1
Closing non transactional SqlSession [org.apache.ibatis.session.defaults.DefaultSqlSession@14278d56]
Creating a new SqlSession
SqlSession [org.apache.ibatis.session.defaults.DefaultSqlSession@4251b114] was not registered for synchronization because synchronization is not active
JDBC Connection [HikariProxyConnection@5373979 wrapping com.mysql.cj.jdbc.ConnectionImpl@1a81305e] will not be managed by Spring
==>  Preparing: SELECT COUNT( * ) AS total FROM coffee_post WHERE (user_id = ? AND status = ?)
==> Parameters: 1(Long), 1(Integer)
<==    Columns: total
<==        Row: 4
<==      Total: 1
Closing non transactional SqlSession [org.apache.ibatis.session.defaults.DefaultSqlSession@4251b114]
Creating a new SqlSession
SqlSession [org.apache.ibatis.session.defaults.DefaultSqlSession@3f4b2f41] was not registered for synchronization because synchronization is not active
JDBC Connection [HikariProxyConnection@1885204653 wrapping com.mysql.cj.jdbc.ConnectionImpl@1a81305e] will not be managed by Spring
==>  Preparing: SELECT id FROM coffee_post WHERE (user_id = ?)
==> Parameters: 1(Long)
<==    Columns: id
<==        Row: 23
<==        Row: 27
<==        Row: 30
<==        Row: 99999
<==        Row: 100000
<==      Total: 5
Closing non transactional SqlSession [org.apache.ibatis.session.defaults.DefaultSqlSession@3f4b2f41]
Creating a new SqlSession
SqlSession [org.apache.ibatis.session.defaults.DefaultSqlSession@618ebdcc] was not registered for synchronization because synchronization is not active
JDBC Connection [HikariProxyConnection@123316123 wrapping com.mysql.cj.jdbc.ConnectionImpl@1a81305e] will not be managed by Spring
==>  Preparing: SELECT COUNT( * ) AS total FROM coffee_like WHERE (post_id IN (?,?,?,?,?))
==> Parameters: 23(Long), 27(Long), 30(Long), 99999(Long), 100000(Long)
<==    Columns: total
<==        Row: 6
<==      Total: 1
Closing non transactional SqlSession [org.apache.ibatis.session.defaults.DefaultSqlSession@618ebdcc]
Creating a new SqlSession
SqlSession [org.apache.ibatis.session.defaults.DefaultSqlSession@339947f] was not registered for synchronization because synchronization is not active
JDBC Connection [HikariProxyConnection@390932745 wrapping com.mysql.cj.jdbc.ConnectionImpl@1a81305e] will not be managed by Spring
==>  Preparing: SELECT COUNT( * ) AS total FROM coffee_favorite WHERE (post_id IN (?,?,?,?,?))
==> Parameters: 23(Long), 27(Long), 30(Long), 99999(Long), 100000(Long)
<==    Columns: total
<==        Row: 1
<==      Total: 1
Closing non transactional SqlSession [org.apache.ibatis.session.defaults.DefaultSqlSession@339947f]
Creating a new SqlSession
SqlSession [org.apache.ibatis.session.defaults.DefaultSqlSession@32294132] was not registered for synchronization because synchronization is not active
JDBC Connection [HikariProxyConnection@2105319780 wrapping com.mysql.cj.jdbc.ConnectionImpl@1a81305e] will not be managed by Spring
==>  Preparing: SELECT COUNT( * ) AS total FROM coffee_comment WHERE (post_id IN (?,?,?,?,?))
==> Parameters: 23(Long), 27(Long), 30(Long), 99999(Long), 100000(Long)
<==    Columns: total
<==        Row: 12
<==      Total: 1
Closing non transactional SqlSession [org.apache.ibatis.session.defaults.DefaultSqlSession@32294132]
Creating a new SqlSession
SqlSession [org.apache.ibatis.session.defaults.DefaultSqlSession@4fa131d6] was not registered for synchronization because synchronization is not active
JDBC Connection [HikariProxyConnection@930728385 wrapping com.mysql.cj.jdbc.ConnectionImpl@1a81305e] will not be managed by Spring
==>  Preparing: SELECT COUNT( * ) AS total FROM user_follow WHERE (follower_id = ?)
==> Parameters: 1(Long)
<==    Columns: total
<==        Row: 2
<==      Total: 1
Closing non transactional SqlSession [org.apache.ibatis.session.defaults.DefaultSqlSession@4fa131d6]
Creating a new SqlSession
SqlSession [org.apache.ibatis.session.defaults.DefaultSqlSession@12f9ac48] was not registered for synchronization because synchronization is not active
JDBC Connection [HikariProxyConnection@1418723392 wrapping com.mysql.cj.jdbc.ConnectionImpl@1a81305e] will not be managed by Spring
==>  Preparing: SELECT COUNT( * ) AS total FROM user_follow WHERE (followee_id = ?)
==> Parameters: 1(Long)
<==    Columns: total
<==        Row: 1
<==      Total: 1
Closing non transactional SqlSession [org.apache.ibatis.session.defaults.DefaultSqlSession@12f9ac48]
Creating a new SqlSession
SqlSession [org.apache.ibatis.session.defaults.DefaultSqlSession@4eff37e0] was not registered for synchronization because synchronization is not active
JDBC Connection [HikariProxyConnection@977437941 wrapping com.mysql.cj.jdbc.ConnectionImpl@1a81305e] will not be managed by Spring
==>  Preparing: SELECT id,username,password,phone,status,avatar,create_time FROM sys_user WHERE id IN ( ? , ? , ? , ? , ? , ? , ? , ? , ? , ? , ? , ? )
==> Parameters: 1(Long), 17(Long), 18(Long), 19(Long), 20(Long), 22(Long), 23(Long), 7(Long), 11(Long), 12(Long), 13(Long), 14(Long)
<==    Columns: id, username, password, phone, status, avatar, create_time
<==        Row: 1, lx, $2a$10$DY8p4Q7r/lnC2ax327OH/u439shvAv9lH895iyIYyLxfz9cRgKKgW, 19185939281, 1, http://localhost:8080/uploads/avatars/avatar_1_1782735664998.png, 2026-06-21 20:09:20
<==        Row: 7, espresso_queen, $2a$10$N.zmdr9k7uOCQb376NoUnuTJ8iAt6Z5EHsM8lE9lBOsl7iKTVKIUi, 13800000004, 1, null, 2026-06-23 06:40:41
<==        Row: 11, cold_brew_king, $2a$10$N.zmdr9k7uOCQb376NoUnuTJ8iAt6Z5EHsM8lE9lBOsl7iKTVKIUi, 13800000008, 1, null, 2026-06-23 06:40:41
<==        Row: 12, coffee_snob, $2a$10$N.zmdr9k7uOCQb376NoUnuTJ8iAt6Z5EHsM8lE9lBOsl7iKTVKIUi, 13800000009, 1, null, 2026-06-23 06:40:41
<==        Row: 13, matcha_latte, $2a$10$N.zmdr9k7uOCQb376NoUnuTJ8iAt6Z5EHsM8lE9lBOsl7iKTVKIUi, 13800000010, 1, null, 2026-06-23 06:40:41
<==        Row: 14, cafe_hunter, $2a$10$N.zmdr9k7uOCQb376NoUnuTJ8iAt6Z5EHsM8lE9lBOsl7iKTVKIUi, 13800000011, 1, null, 2026-06-23 06:40:41
<==        Row: 17, single_origin, $2a$10$N.zmdr9k7uOCQb376NoUnuTJ8iAt6Z5EHsM8lE9lBOsl7iKTVKIUi, 13800000014, 1, null, 2026-06-23 06:40:41
<==        Row: 18, flat_white_love, $2a$10$N.zmdr9k7uOCQb376NoUnuTJ8iAt6Z5EHsM8lE9lBOsl7iKTVKIUi, 13800000015, 1, null, 2026-06-23 06:40:41
<==        Row: 19, coffee_daily, $2a$10$N.zmdr9k7uOCQb376NoUnuTJ8iAt6Z5EHsM8lE9lBOsl7iKTVKIUi, 13800000016, 1, null, 2026-06-23 06:40:41
<==        Row: 20, bean_hunter, $2a$10$N.zmdr9k7uOCQb376NoUnuTJ8iAt6Z5EHsM8lE9lBOsl7iKTVKIUi, 13800000017, 1, null, 2026-06-23 06:40:41
<==        Row: 22, ristretto_lover, $2a$10$N.zmdr9k7uOCQb376NoUnuTJ8iAt6Z5EHsM8lE9lBOsl7iKTVKIUi, 13800000019, 1, null, 2026-06-23 06:40:41
<==        Row: 23, coffee_taster, $2a$10$N.zmdr9k7uOCQb376NoUnuTJ8iAt6Z5EHsM8lE9lBOsl7iKTVKIUi, 13800000020, 1, null, 2026-06-23 06:40:41
<==      Total: 12
Closing non transactional SqlSession [org.apache.ibatis.session.defaults.DefaultSqlSession@4eff37e0]
Creating a new SqlSession
SqlSession [org.apache.ibatis.session.defaults.DefaultSqlSession@f70658a] was not registered for synchronization because synchronization is not active
JDBC Connection [HikariProxyConnection@98855439 wrapping com.mysql.cj.jdbc.ConnectionImpl@1a81305e] will not be managed by Spring
==>  Preparing: SELECT id,username,password,phone,status,avatar,create_time FROM sys_user WHERE id IN ( ? )
==> Parameters: 24(Long)
<==    Columns: id, username, password, phone, status, avatar, create_time
<==        Row: 24, lll, $2a$10$sbWgOWeCZV5MW4u88F8CMuxgJ.Phw6clars6Z.Ch1f9wtSKQBwc5O, 19185999881, 1, /uploads/avatars/avatar_24_1782727101006.png, 2026-06-27 21:53:05
<==      Total: 1
Closing non transactional SqlSession [org.apache.ibatis.session.defaults.DefaultSqlSession@f70658a]
Creating a new SqlSession
SqlSession [org.apache.ibatis.session.defaults.DefaultSqlSession@2180b654] was not registered for synchronization because synchronization is not active
JDBC Connection [HikariProxyConnection@1731161024 wrapping com.mysql.cj.jdbc.ConnectionImpl@1a81305e] will not be managed by Spring
==>  Preparing: SELECT id,username,password,phone,status,avatar,create_time FROM sys_user WHERE id IN ( ? , ? )
==> Parameters: 24(Long), 21(Long)
<==    Columns: id, username, password, phone, status, avatar, create_time
<==        Row: 21, macchiato_fan, $2a$10$N.zmdr9k7uOCQb376NoUnuTJ8iAt6Z5EHsM8lE9lBOsl7iKTVKIUi, 13800000018, 1, null, 2026-06-23 06:40:41
<==        Row: 24, lll, $2a$10$sbWgOWeCZV5MW4u88F8CMuxgJ.Phw6clars6Z.Ch1f9wtSKQBwc5O, 19185999881, 1, /uploads/avatars/avatar_24_1782727101006.png, 2026-06-27 21:53:05
<==      Total: 2
Closing non transactional SqlSession [org.apache.ibatis.session.defaults.DefaultSqlSession@2180b654]
Creating a new SqlSession
SqlSession [org.apache.ibatis.session.defaults.DefaultSqlSession@339850d3] was not registered for synchronization because synchronization is not active
JDBC Connection [HikariProxyConnection@1826369796 wrapping com.mysql.cj.jdbc.ConnectionImpl@1a81305e] will not be managed by Spring
==>  Preparing: SELECT id,username,password,phone,status,avatar,create_time FROM sys_user WHERE id=?
==> Parameters: 1(Long)
<==    Columns: id, username, password, phone, status, avatar, create_time
<==        Row: 1, lx, $2a$10$DY8p4Q7r/lnC2ax327OH/u439shvAv9lH895iyIYyLxfz9cRgKKgW, 19185939281, 1, http://localhost:8080/uploads/avatars/avatar_1_1782735664998.png, 2026-06-21 20:09:20
<==      Total: 1
Closing non transactional SqlSession [org.apache.ibatis.session.defaults.DefaultSqlSession@339850d3]
Creating a new SqlSession
Creating a new SqlSession
SqlSession [org.apache.ibatis.session.defaults.DefaultSqlSession@6a25fe6d] was not registered for synchronization because synchronization is not active
SqlSession [org.apache.ibatis.session.defaults.DefaultSqlSession@31c72474] was not registered for synchronization because synchronization is not active
JDBC Connection [HikariProxyConnection@112215451 wrapping com.mysql.cj.jdbc.ConnectionImpl@1a81305e] will not be managed by Spring
==>  Preparing: SELECT id,username,password,phone,status,avatar,create_time FROM sys_user WHERE id IN ( ? )
==> Parameters: 1(Long)
JDBC Connection [HikariProxyConnection@1577081243 wrapping com.mysql.cj.jdbc.ConnectionImpl@4866bbe2] will not be managed by Spring
==>  Preparing: SELECT COUNT( * ) AS total FROM coffee_post WHERE (user_id = ? AND status = ?)
==> Parameters: 1(Long), 1(Integer)
<==    Columns: id, username, password, phone, status, avatar, create_time
<==        Row: 1, lx, $2a$10$DY8p4Q7r/lnC2ax327OH/u439shvAv9lH895iyIYyLxfz9cRgKKgW, 19185939281, 1, http://localhost:8080/uploads/avatars/avatar_1_1782735664998.png, 2026-06-21 20:09:20
<==      Total: 1
Closing non transactional SqlSession [org.apache.ibatis.session.defaults.DefaultSqlSession@31c72474]
<==    Columns: total
<==        Row: 4
<==      Total: 1
Closing non transactional SqlSession [org.apache.ibatis.session.defaults.DefaultSqlSession@6a25fe6d]
Creating a new SqlSession
SqlSession [org.apache.ibatis.session.defaults.DefaultSqlSession@4c77c669] was not registered for synchronization because synchronization is not active
JDBC Connection [HikariProxyConnection@275223293 wrapping com.mysql.cj.jdbc.ConnectionImpl@4866bbe2] will not be managed by Spring
==>  Preparing: SELECT id FROM coffee_post WHERE (user_id = ?)
==> Parameters: 1(Long)
<==    Columns: id
<==        Row: 23
<==        Row: 27
<==        Row: 30
<==        Row: 99999
<==        Row: 100000
<==      Total: 5
Closing non transactional SqlSession [org.apache.ibatis.session.defaults.DefaultSqlSession@4c77c669]
Creating a new SqlSession
SqlSession [org.apache.ibatis.session.defaults.DefaultSqlSession@4057b1d5] was not registered for synchronization because synchronization is not active
JDBC Connection [HikariProxyConnection@845243192 wrapping com.mysql.cj.jdbc.ConnectionImpl@4866bbe2] will not be managed by Spring
==>  Preparing: SELECT COUNT( * ) AS total FROM coffee_like WHERE (post_id IN (?,?,?,?,?))
==> Parameters: 23(Long), 27(Long), 30(Long), 99999(Long), 100000(Long)
<==    Columns: total
<==        Row: 6
<==      Total: 1
Closing non transactional SqlSession [org.apache.ibatis.session.defaults.DefaultSqlSession@4057b1d5]
Creating a new SqlSession
SqlSession [org.apache.ibatis.session.defaults.DefaultSqlSession@6f7a98de] was not registered for synchronization because synchronization is not active
JDBC Connection [HikariProxyConnection@316560893 wrapping com.mysql.cj.jdbc.ConnectionImpl@4866bbe2] will not be managed by Spring
==>  Preparing: SELECT COUNT( * ) AS total FROM coffee_favorite WHERE (post_id IN (?,?,?,?,?))
==> Parameters: 23(Long), 27(Long), 30(Long), 99999(Long), 100000(Long)
<==    Columns: total
<==        Row: 1
<==      Total: 1
Closing non transactional SqlSession [org.apache.ibatis.session.defaults.DefaultSqlSession@6f7a98de]
Creating a new SqlSession
SqlSession [org.apache.ibatis.session.defaults.DefaultSqlSession@5a2cbcca] was not registered for synchronization because synchronization is not active
JDBC Connection [HikariProxyConnection@1630237497 wrapping com.mysql.cj.jdbc.ConnectionImpl@4866bbe2] will not be managed by Spring
==>  Preparing: SELECT COUNT( * ) AS total FROM coffee_comment WHERE (post_id IN (?,?,?,?,?))
==> Parameters: 23(Long), 27(Long), 30(Long), 99999(Long), 100000(Long)
<==    Columns: total
<==        Row: 12
<==      Total: 1
Closing non transactional SqlSession [org.apache.ibatis.session.defaults.DefaultSqlSession@5a2cbcca]
Creating a new SqlSession
SqlSession [org.apache.ibatis.session.defaults.DefaultSqlSession@5693b932] was not registered for synchronization because synchronization is not active
JDBC Connection [HikariProxyConnection@1776715206 wrapping com.mysql.cj.jdbc.ConnectionImpl@4866bbe2] will not be managed by Spring
==>  Preparing: SELECT COUNT( * ) AS total FROM user_follow WHERE (follower_id = ?)
==> Parameters: 1(Long)
<==    Columns: total
<==        Row: 2
<==      Total: 1
Closing non transactional SqlSession [org.apache.ibatis.session.defaults.DefaultSqlSession@5693b932]
Creating a new SqlSession
SqlSession [org.apache.ibatis.session.defaults.DefaultSqlSession@71af81a] was not registered for synchronization because synchronization is not active
JDBC Connection [HikariProxyConnection@295632656 wrapping com.mysql.cj.jdbc.ConnectionImpl@4866bbe2] will not be managed by Spring
==>  Preparing: SELECT COUNT( * ) AS total FROM user_follow WHERE (followee_id = ?)
==> Parameters: 1(Long)
<==    Columns: total
<==        Row: 1
<==      Total: 1
Closing non transactional SqlSession [org.apache.ibatis.session.defaults.DefaultSqlSession@71af81a]
Creating a new SqlSession
SqlSession [org.apache.ibatis.session.defaults.DefaultSqlSession@4088b7ad] was not registered for synchronization because synchronization is not active
JDBC Connection [HikariProxyConnection@154049754 wrapping com.mysql.cj.jdbc.ConnectionImpl@1a81305e] will not be managed by Spring
==>  Preparing: SELECT id,username,password,phone,status,avatar,create_time FROM sys_user WHERE id IN ( ? , ? )
==> Parameters: 24(Long), 21(Long)
<==    Columns: id, username, password, phone, status, avatar, create_time
<==        Row: 21, macchiato_fan, $2a$10$N.zmdr9k7uOCQb376NoUnuTJ8iAt6Z5EHsM8lE9lBOsl7iKTVKIUi, 13800000018, 1, null, 2026-06-23 06:40:41
<==        Row: 24, lll, $2a$10$sbWgOWeCZV5MW4u88F8CMuxgJ.Phw6clars6Z.Ch1f9wtSKQBwc5O, 19185999881, 1, /uploads/avatars/avatar_24_1782727101006.png, 2026-06-27 21:53:05
<==      Total: 2
Closing non transactional SqlSession [org.apache.ibatis.session.defaults.DefaultSqlSession@4088b7ad]
Creating a new SqlSession
SqlSession [org.apache.ibatis.session.defaults.DefaultSqlSession@179c4f6b] was not registered for synchronization because synchronization is not active
JDBC Connection [HikariProxyConnection@1563315759 wrapping com.mysql.cj.jdbc.ConnectionImpl@1a81305e] will not be managed by Spring
==>  Preparing: SELECT id,username,password,phone,status,avatar,create_time FROM sys_user WHERE id IN ( ? , ? , ? , ? , ? , ? , ? , ? , ? , ? , ? , ? )
==> Parameters: 1(Long), 17(Long), 18(Long), 19(Long), 20(Long), 22(Long), 23(Long), 7(Long), 11(Long), 12(Long), 13(Long), 14(Long)
<==    Columns: id, username, password, phone, status, avatar, create_time
<==        Row: 1, lx, $2a$10$DY8p4Q7r/lnC2ax327OH/u439shvAv9lH895iyIYyLxfz9cRgKKgW, 19185939281, 1, http://localhost:8080/uploads/avatars/avatar_1_1782735664998.png, 2026-06-21 20:09:20
<==        Row: 7, espresso_queen, $2a$10$N.zmdr9k7uOCQb376NoUnuTJ8iAt6Z5EHsM8lE9lBOsl7iKTVKIUi, 13800000004, 1, null, 2026-06-23 06:40:41
<==        Row: 11, cold_brew_king, $2a$10$N.zmdr9k7uOCQb376NoUnuTJ8iAt6Z5EHsM8lE9lBOsl7iKTVKIUi, 13800000008, 1, null, 2026-06-23 06:40:41
<==        Row: 12, coffee_snob, $2a$10$N.zmdr9k7uOCQb376NoUnuTJ8iAt6Z5EHsM8lE9lBOsl7iKTVKIUi, 13800000009, 1, null, 2026-06-23 06:40:41
<==        Row: 13, matcha_latte, $2a$10$N.zmdr9k7uOCQb376NoUnuTJ8iAt6Z5EHsM8lE9lBOsl7iKTVKIUi, 13800000010, 1, null, 2026-06-23 06:40:41
<==        Row: 14, cafe_hunter, $2a$10$N.zmdr9k7uOCQb376NoUnuTJ8iAt6Z5EHsM8lE9lBOsl7iKTVKIUi, 13800000011, 1, null, 2026-06-23 06:40:41
<==        Row: 17, single_origin, $2a$10$N.zmdr9k7uOCQb376NoUnuTJ8iAt6Z5EHsM8lE9lBOsl7iKTVKIUi, 13800000014, 1, null, 2026-06-23 06:40:41
<==        Row: 18, flat_white_love, $2a$10$N.zmdr9k7uOCQb376NoUnuTJ8iAt6Z5EHsM8lE9lBOsl7iKTVKIUi, 13800000015, 1, null, 2026-06-23 06:40:41
<==        Row: 19, coffee_daily, $2a$10$N.zmdr9k7uOCQb376NoUnuTJ8iAt6Z5EHsM8lE9lBOsl7iKTVKIUi, 13800000016, 1, null, 2026-06-23 06:40:41
<==        Row: 20, bean_hunter, $2a$10$N.zmdr9k7uOCQb376NoUnuTJ8iAt6Z5EHsM8lE9lBOsl7iKTVKIUi, 13800000017, 1, null, 2026-06-23 06:40:41
<==        Row: 22, ristretto_lover, $2a$10$N.zmdr9k7uOCQb376NoUnuTJ8iAt6Z5EHsM8lE9lBOsl7iKTVKIUi, 13800000019, 1, null, 2026-06-23 06:40:41
<==        Row: 23, coffee_taster, $2a$10$N.zmdr9k7uOCQb376NoUnuTJ8iAt6Z5EHsM8lE9lBOsl7iKTVKIUi, 13800000020, 1, null, 2026-06-23 06:40:41
<==      Total: 12
Closing non transactional SqlSession [org.apache.ibatis.session.defaults.DefaultSqlSession@179c4f6b]
Creating a new SqlSession
SqlSession [org.apache.ibatis.session.defaults.DefaultSqlSession@1e63c02d] was not registered for synchronization because synchronization is not active
JDBC Connection [HikariProxyConnection@305375838 wrapping com.mysql.cj.jdbc.ConnectionImpl@1a81305e] will not be managed by Spring
==>  Preparing: SELECT id,username,password,phone,status,avatar,create_time FROM sys_user WHERE id IN ( ? , ? )
==> Parameters: 24(Long), 21(Long)
<==    Columns: id, username, password, phone, status, avatar, create_time
<==        Row: 21, macchiato_fan, $2a$10$N.zmdr9k7uOCQb376NoUnuTJ8iAt6Z5EHsM8lE9lBOsl7iKTVKIUi, 13800000018, 1, null, 2026-06-23 06:40:41
<==        Row: 24, lll, $2a$10$sbWgOWeCZV5MW4u88F8CMuxgJ.Phw6clars6Z.Ch1f9wtSKQBwc5O, 19185999881, 1, /uploads/avatars/avatar_24_1782727101006.png, 2026-06-27 21:53:05
<==      Total: 2
Closing non transactional SqlSession [org.apache.ibatis.session.defaults.DefaultSqlSession@1e63c02d]
2026-07-14 09:37:04.454 INFO  [wc-user] [traceId=none] [com.alibaba.nacos.client.remote.worker.1] c.alibaba.nacos.common.remote.client - [16d27f7c-583f-4dd3-926f-912ed8c376f5] Server healthy check fail, currentConnection = 1783973809425_172.17.0.1_59108
2026-07-14 09:37:09.949 INFO  [wc-user] [traceId=none] [com.alibaba.nacos.client.remote.worker.1] c.alibaba.nacos.common.remote.client - [16d27f7c-583f-4dd3-926f-912ed8c376f5] Server healthy check fail, currentConnection = 1783973809425_172.17.0.1_59108
2026-07-14 09:37:14.984 INFO  [wc-user] [traceId=none] [com.alibaba.nacos.client.remote.worker.1] c.alibaba.nacos.common.remote.client - [16d27f7c-583f-4dd3-926f-912ed8c376f5] Server healthy check fail, currentConnection = 1783973809425_172.17.0.1_59108
2026-07-14 09:37:20.191 INFO  [wc-user] [traceId=none] [com.alibaba.nacos.client.remote.worker.1] c.alibaba.nacos.common.remote.client - [16d27f7c-583f-4dd3-926f-912ed8c376f5] Server healthy check fail, currentConnection = 1783973809425_172.17.0.1_59108
2026-07-14 09:37:25.661 INFO  [wc-user] [traceId=none] [com.alibaba.nacos.client.remote.worker.1] c.alibaba.nacos.common.remote.client - [16d27f7c-583f-4dd3-926f-912ed8c376f5] Server healthy check fail, currentConnection = 1783973809425_172.17.0.1_59108
2026-07-14 09:37:30.903 INFO  [wc-user] [traceId=none] [com.alibaba.nacos.client.remote.worker.1] c.alibaba.nacos.common.remote.client - [16d27f7c-583f-4dd3-926f-912ed8c376f5] Server healthy check fail, currentConnection = 1783973809425_172.17.0.1_59108
2026-07-14 09:37:36.371 INFO  [wc-user] [traceId=none] [com.alibaba.nacos.client.remote.worker.1] c.alibaba.nacos.common.remote.client - [16d27f7c-583f-4dd3-926f-912ed8c376f5] Server healthy check fail, currentConnection = 1783973809425_172.17.0.1_59108
2026-07-14 09:37:41.728 INFO  [wc-user] [traceId=none] [com.alibaba.nacos.client.remote.worker.1] c.alibaba.nacos.common.remote.client - [16d27f7c-583f-4dd3-926f-912ed8c376f5] Server healthy check fail, currentConnection = 1783973809425_172.17.0.1_59108
2026-07-14 09:37:46.851 INFO  [wc-user] [traceId=none] [com.alibaba.nacos.client.remote.worker.1] c.alibaba.nacos.common.remote.client - [16d27f7c-583f-4dd3-926f-912ed8c376f5] Server healthy check fail, currentConnection = 1783973809425_172.17.0.1_59108
2026-07-14 09:37:52.112 INFO  [wc-user] [traceId=none] [com.alibaba.nacos.client.remote.worker.1] c.alibaba.nacos.common.remote.client - [16d27f7c-583f-4dd3-926f-912ed8c376f5] Server healthy check fail, currentConnection = 1783973809425_172.17.0.1_59108
2026-07-14 09:37:57.209 INFO  [wc-user] [traceId=none] [com.alibaba.nacos.client.remote.worker.1] c.alibaba.nacos.common.remote.client - [16d27f7c-583f-4dd3-926f-912ed8c376f5] Server healthy check fail, currentConnection = 1783973809425_172.17.0.1_59108
2026-07-14 09:38:02.462 INFO  [wc-user] [traceId=none] [com.alibaba.nacos.client.remote.worker.1] c.alibaba.nacos.common.remote.client - [16d27f7c-583f-4dd3-926f-912ed8c376f5] Server healthy check fail, currentConnection = 1783973809425_172.17.0.1_59108
2026-07-14 09:38:07.896 INFO  [wc-user] [traceId=none] [com.alibaba.nacos.client.remote.worker.1] c.alibaba.nacos.common.remote.client - [16d27f7c-583f-4dd3-926f-912ed8c376f5] Server healthy check fail, currentConnection = 1783973809425_172.17.0.1_59108
2026-07-14 09:38:12.975 INFO  [wc-user] [traceId=none] [com.alibaba.nacos.client.remote.worker.1] c.alibaba.nacos.common.remote.client - [16d27f7c-583f-4dd3-926f-912ed8c376f5] Server healthy check fail, currentConnection = 1783973809425_172.17.0.1_59108
2026-07-14 09:38:18.003 INFO  [wc-user] [traceId=none] [com.alibaba.nacos.client.remote.worker.1] c.alibaba.nacos.common.remote.client - [16d27f7c-583f-4dd3-926f-912ed8c376f5] Server healthy check fail, currentConnection = 1783973809425_172.17.0.1_59108
2026-07-14 09:38:23.235 INFO  [wc-user] [traceId=none] [com.alibaba.nacos.client.remote.worker.1] c.alibaba.nacos.common.remote.client - [16d27f7c-583f-4dd3-926f-912ed8c376f5] Server healthy check fail, currentConnection = 1783973809425_172.17.0.1_59108
2026-07-14 09:38:28.426 INFO  [wc-user] [traceId=none] [com.alibaba.nacos.client.remote.worker.1] c.alibaba.nacos.common.remote.client - [16d27f7c-583f-4dd3-926f-912ed8c376f5] Server healthy check fail, currentConnection = 1783973809425_172.17.0.1_59108
2026-07-14 09:38:33.896 INFO  [wc-user] [traceId=none] [com.alibaba.nacos.client.remote.worker.1] c.alibaba.nacos.common.remote.client - [16d27f7c-583f-4dd3-926f-912ed8c376f5] Server healthy check fail, currentConnection = 1783973809425_172.17.0.1_59108
2026-07-14 09:38:39.116 INFO  [wc-user] [traceId=none] [com.alibaba.nacos.client.remote.worker.1] c.alibaba.nacos.common.remote.client - [16d27f7c-583f-4dd3-926f-912ed8c376f5] Server healthy check fail, currentConnection = 1783973809425_172.17.0.1_59108
