2026-07-14 03:49:42.758 INFO  [wc-user] [traceId=none] [background-preinit] o.h.validator.internal.util.Version - HV000001: Hibernate Validator 8.0.1.Final
2026-07-14 03:49:42.862 INFO  [wc-user] [traceId=none] [main] c.l.worldcoffee.user.UserApplication - Starting UserApplication v0.0.1-SNAPSHOT using Java 21.0.10 with PID 30580 (D:\mycode\worldCoffee\worldCoffee\microservices\wc-user\target\wc-user-0.0.1-SNAPSHOT-exec.jar started by 李现 in D:\mycode\worldCoffee\worldCoffee\microservices)
2026-07-14 03:49:42.862 INFO  [wc-user] [traceId=none] [main] c.l.worldcoffee.user.UserApplication - No active profile set, falling back to 1 default profile: "default"
2026-07-14 03:49:44.507 INFO  [wc-user] [traceId=none] [main] o.s.d.r.c.RepositoryConfigurationDelegate - Multiple Spring Data modules found, entering strict repository configuration mode
2026-07-14 03:49:44.510 INFO  [wc-user] [traceId=none] [main] o.s.d.r.c.RepositoryConfigurationDelegate - Bootstrapping Spring Data Redis repositories in DEFAULT mode.
2026-07-14 03:49:44.552 INFO  [wc-user] [traceId=none] [main] o.s.d.r.c.RepositoryConfigurationDelegate - Finished Spring Data repository scanning in 18 ms. Found 0 Redis repository interfaces.
2026-07-14 03:49:44.852 INFO  [wc-user] [traceId=none] [main] o.s.cloud.context.scope.GenericScope - BeanFactory id=1e46841a-c6f1-36e9-9a48-ed49476b675a
2026-07-14 03:49:46.250 INFO  [wc-user] [traceId=none] [main] o.s.b.w.e.tomcat.TomcatWebServer - Tomcat initialized with port 8082 (http)
2026-07-14 03:49:46.270 INFO  [wc-user] [traceId=none] [main] o.a.coyote.http11.Http11NioProtocol - Initializing ProtocolHandler ["http-nio-8082"]
2026-07-14 03:49:46.274 INFO  [wc-user] [traceId=none] [main] o.a.catalina.core.StandardService - Starting service [Tomcat]
2026-07-14 03:49:46.276 INFO  [wc-user] [traceId=none] [main] o.a.catalina.core.StandardEngine - Starting Servlet engine: [Apache Tomcat/10.1.20]
2026-07-14 03:49:46.341 INFO  [wc-user] [traceId=none] [main] o.a.c.c.C.[Tomcat].[localhost].[/] - Initializing Spring embedded WebApplicationContext
2026-07-14 03:49:46.341 INFO  [wc-user] [traceId=none] [main] o.s.b.w.s.c.ServletWebServerApplicationContext - Root WebApplicationContext: initialization completed in 3366 ms
2026-07-14 03:49:48.082 INFO  [wc-user] [traceId=none] [main] org.redisson.Version - Redisson 3.27.0
2026-07-14 03:49:48.713 INFO  [wc-user] [traceId=none] [redisson-netty-1-5] o.r.connection.ConnectionsHolder - 1 connections initialized for localhost/127.0.0.1:6379
2026-07-14 03:49:48.876 INFO  [wc-user] [traceId=none] [redisson-netty-1-20] o.r.connection.ConnectionsHolder - 24 connections initialized for localhost/127.0.0.1:6379
2026-07-14 03:49:51.490 INFO  [wc-user] [traceId=none] [main] o.s.cloud.commons.util.InetUtils - Cannot determine local hostname
2026-07-14 03:49:53.869 INFO  [wc-user] [traceId=none] [main] o.s.cloud.commons.util.InetUtils - Cannot determine local hostname
2026-07-14 03:49:53.913 INFO  [wc-user] [traceId=none] [main] o.s.b.a.e.web.EndpointLinksResolver - Exposing 2 endpoint(s) beneath base path '/actuator'
2026-07-14 03:49:53.995 INFO  [wc-user] [traceId=none] [main] o.a.coyote.http11.Http11NioProtocol - Starting ProtocolHandler ["http-nio-8082"]
2026-07-14 03:49:54.007 INFO  [wc-user] [traceId=none] [main] o.s.b.w.e.tomcat.TomcatWebServer - Tomcat started on port 8082 (http) with context path ''
2026-07-14 03:49:54.017 INFO  [wc-user] [traceId=none] [main] com.alibaba.nacos.client.naming - initializer namespace from ans.namespace attribute : null
2026-07-14 03:49:54.021 INFO  [wc-user] [traceId=none] [main] com.alibaba.nacos.client.naming - initializer namespace from ALIBABA_ALIWARE_NAMESPACE attribute :null
2026-07-14 03:49:54.021 INFO  [wc-user] [traceId=none] [main] com.alibaba.nacos.client.naming - initializer namespace from namespace attribute :null
2026-07-14 03:49:54.021 INFO  [wc-user] [traceId=none] [Thread-3] c.a.n.c.a.r.i.CredentialWatcher - null No credential found
2026-07-14 03:49:54.035 INFO  [wc-user] [traceId=none] [main] com.alibaba.nacos.client.naming - FailoverDataSource type is class com.alibaba.nacos.client.naming.backups.datasource.DiskFailoverDataSource
2026-07-14 03:49:54.051 INFO  [wc-user] [traceId=none] [main] c.a.nacos.client.utils.ParamUtil - [settings] [req-serv] nacos-server port:8848
2026-07-14 03:49:54.052 INFO  [wc-user] [traceId=none] [main] c.a.nacos.client.utils.ParamUtil - [settings] [http-client] connect timeout:1000
2026-07-14 03:49:54.052 INFO  [wc-user] [traceId=none] [main] c.a.nacos.client.utils.ParamUtil - PER_TASK_CONFIG_SIZE: 3000.0
2026-07-14 03:49:54.058 INFO  [wc-user] [traceId=none] [main] c.a.n.p.a.s.c.ClientAuthPluginManager - [ClientAuthPluginManager] Load ClientAuthService com.alibaba.nacos.client.auth.impl.NacosClientAuthServiceImpl success.
2026-07-14 03:49:54.060 INFO  [wc-user] [traceId=none] [main] c.a.n.p.a.s.c.ClientAuthPluginManager - [ClientAuthPluginManager] Load ClientAuthService com.alibaba.nacos.client.auth.ram.RamClientAuthServiceImpl success.
2026-07-14 03:49:54.407 INFO  [wc-user] [traceId=none] [main] c.alibaba.nacos.common.remote.client - [RpcClientFactory] create a new rpc client of 5a02a44e-f4b6-49a4-a99b-b84a974c01cd
2026-07-14 03:49:54.432 INFO  [wc-user] [traceId=none] [main] com.alibaba.nacos.client.naming - Create naming rpc client for uuid->5a02a44e-f4b6-49a4-a99b-b84a974c01cd
2026-07-14 03:49:54.433 INFO  [wc-user] [traceId=none] [main] c.alibaba.nacos.common.remote.client - [5a02a44e-f4b6-49a4-a99b-b84a974c01cd] RpcClient init, ServerListFactory = com.alibaba.nacos.client.naming.core.ServerListManager
2026-07-14 03:49:54.433 INFO  [wc-user] [traceId=none] [main] c.alibaba.nacos.common.remote.client - [5a02a44e-f4b6-49a4-a99b-b84a974c01cd] Registry connection listener to current client:com.alibaba.nacos.client.naming.remote.gprc.redo.NamingGrpcRedoService
2026-07-14 03:49:54.434 INFO  [wc-user] [traceId=none] [main] c.alibaba.nacos.common.remote.client - [5a02a44e-f4b6-49a4-a99b-b84a974c01cd] Register server push request handler:com.alibaba.nacos.client.naming.remote.gprc.NamingPushRequestHandler
2026-07-14 03:49:54.437 INFO  [wc-user] [traceId=none] [main] c.alibaba.nacos.common.remote.client - [5a02a44e-f4b6-49a4-a99b-b84a974c01cd] Try to connect to server on start up, server: {serverIp = '127.0.0.1', server main port = 8848}
2026-07-14 03:49:54.462 INFO  [wc-user] [traceId=none] [main] c.a.n.c.r.client.grpc.GrpcClient - grpc client connection server:127.0.0.1 ip,serverPort:9848,grpcTslConfig:{"sslProvider":"","enableTls":false,"mutualAuthEnable":false,"trustAll":false}
2026-07-14 03:49:55.063 INFO  [wc-user] [traceId=none] [main] c.a.n.c.a.AbstractAbilityControlManager - Ready to get current node abilities...
2026-07-14 03:49:55.066 INFO  [wc-user] [traceId=none] [main] c.a.n.c.a.AbstractAbilityControlManager - Ready to initialize current node abilities, support modes: [SDK_CLIENT]
2026-07-14 03:49:55.067 INFO  [wc-user] [traceId=none] [main] c.a.n.c.a.AbstractAbilityControlManager - Initialize current abilities finish...
2026-07-14 03:49:55.068 INFO  [wc-user] [traceId=none] [main] c.a.n.c.a.d.NacosAbilityManagerHolder - [AbilityControlManager] Successfully initialize AbilityControlManager
2026-07-14 03:49:55.088 INFO  [wc-user] [traceId=none] [main] c.alibaba.nacos.common.remote.client - [5a02a44e-f4b6-49a4-a99b-b84a974c01cd] Success to connect to server [127.0.0.1:8848] on start up, connectionId = 1783972194982_172.17.0.1_37628
2026-07-14 03:49:55.089 INFO  [wc-user] [traceId=none] [com.alibaba.nacos.client.remote.worker.0] c.alibaba.nacos.common.remote.client - [5a02a44e-f4b6-49a4-a99b-b84a974c01cd] Notify connected event to listeners.
2026-07-14 03:49:55.090 INFO  [wc-user] [traceId=none] [main] c.alibaba.nacos.common.remote.client - [5a02a44e-f4b6-49a4-a99b-b84a974c01cd] Register server push request handler:com.alibaba.nacos.common.remote.client.RpcClient$ConnectResetRequestHandler
2026-07-14 03:49:55.090 INFO  [wc-user] [traceId=none] [com.alibaba.nacos.client.remote.worker.0] com.alibaba.nacos.client.naming - Grpc connection connect
2026-07-14 03:49:55.090 INFO  [wc-user] [traceId=none] [main] c.alibaba.nacos.common.remote.client - [5a02a44e-f4b6-49a4-a99b-b84a974c01cd] Register server push request handler:com.alibaba.nacos.common.remote.client.RpcClient$$Lambda/0x00000293e8ae1ac0
2026-07-14 03:49:55.090 INFO  [wc-user] [traceId=none] [main] com.alibaba.nacos.client.naming - [REGISTER-SERVICE] public registering service wc-user with instance Instance{instanceId='null', ip='192.168.88.1', port=8082, weight=1.0, healthy=true, enabled=true, ephemeral=true, clusterName='', serviceName='null', metadata={IPv6=null, preserved.register.source=SPRING_CLOUD}}
2026-07-14 03:49:55.110 INFO  [wc-user] [traceId=none] [main] c.a.c.n.r.NacosServiceRegistry - nacos registry, DEFAULT_GROUP wc-user 192.168.88.1:8082 register finished
2026-07-14 03:49:56.119 INFO  [wc-user] [traceId=none] [main] o.s.cloud.commons.util.InetUtils - Cannot determine local hostname
2026-07-14 03:49:56.133 INFO  [wc-user] [traceId=none] [main] c.l.worldcoffee.user.UserApplication - Started UserApplication in 14.86 seconds (process running for 15.478)
2026-07-14 03:49:58.033 INFO  [wc-user] [traceId=none] [http-nio-8082-exec-2] o.a.c.c.C.[Tomcat].[localhost].[/] - Initializing Spring DispatcherServlet 'dispatcherServlet'
2026-07-14 03:49:58.033 INFO  [wc-user] [traceId=none] [http-nio-8082-exec-2] o.s.web.servlet.DispatcherServlet - Initializing Servlet 'dispatcherServlet'
2026-07-14 03:49:58.037 INFO  [wc-user] [traceId=none] [http-nio-8082-exec-2] o.s.web.servlet.DispatcherServlet - Completed initialization in 1 ms
2026-07-14 03:49:58.089 INFO  [wc-user] [traceId=1c136df88928490b9612463faac79c9e] [http-nio-8082-exec-2] o.s.a.r.c.CachingConnectionFactory - Attempting to connect to: [localhost:5672]
2026-07-14 03:49:58.127 INFO  [wc-user] [traceId=1c136df88928490b9612463faac79c9e] [http-nio-8082-exec-2] o.s.a.r.c.CachingConnectionFactory - Created new connection: rabbitConnectionFactory#4c69b396:0/SimpleConnection@50c848e8 [delegate=amqp://guest@127.0.0.1:5672/, localPort=62898]
2026-07-14 03:49:58.176 INFO  [wc-user] [traceId=1c136df88928490b9612463faac79c9e] [http-nio-8082-exec-2] com.zaxxer.hikari.HikariDataSource - HikariPool-1 - Starting...
2026-07-14 03:49:58.449 INFO  [wc-user] [traceId=1c136df88928490b9612463faac79c9e] [http-nio-8082-exec-2] com.zaxxer.hikari.pool.HikariPool - HikariPool-1 - Added connection com.mysql.cj.jdbc.ConnectionImpl@738f7c1
2026-07-14 03:49:58.452 INFO  [wc-user] [traceId=1c136df88928490b9612463faac79c9e] [http-nio-8082-exec-2] com.zaxxer.hikari.HikariDataSource - HikariPool-1 - Start completed.
2026-07-14 03:52:06.661 INFO  [wc-user] [traceId=none] [background-preinit] o.h.validator.internal.util.Version - HV000001: Hibernate Validator 8.0.1.Final
2026-07-14 03:52:06.761 INFO  [wc-user] [traceId=none] [main] c.l.worldcoffee.user.UserApplication - Starting UserApplication v0.0.1-SNAPSHOT using Java 21.0.10 with PID 30764 (D:\mycode\worldCoffee\worldCoffee\microservices\wc-user\target\wc-user-0.0.1-SNAPSHOT-exec.jar started by 李现 in D:\mycode\worldCoffee\worldCoffee\microservices)
2026-07-14 03:52:06.762 INFO  [wc-user] [traceId=none] [main] c.l.worldcoffee.user.UserApplication - No active profile set, falling back to 1 default profile: "default"
2026-07-14 03:52:08.273 INFO  [wc-user] [traceId=none] [main] o.s.d.r.c.RepositoryConfigurationDelegate - Multiple Spring Data modules found, entering strict repository configuration mode
2026-07-14 03:52:08.277 INFO  [wc-user] [traceId=none] [main] o.s.d.r.c.RepositoryConfigurationDelegate - Bootstrapping Spring Data Redis repositories in DEFAULT mode.
2026-07-14 03:52:08.310 INFO  [wc-user] [traceId=none] [main] o.s.d.r.c.RepositoryConfigurationDelegate - Finished Spring Data repository scanning in 13 ms. Found 0 Redis repository interfaces.
2026-07-14 03:52:08.554 INFO  [wc-user] [traceId=none] [main] o.s.cloud.context.scope.GenericScope - BeanFactory id=1e46841a-c6f1-36e9-9a48-ed49476b675a
2026-07-14 03:52:09.923 INFO  [wc-user] [traceId=none] [main] o.s.b.w.e.tomcat.TomcatWebServer - Tomcat initialized with port 8082 (http)
2026-07-14 03:52:09.944 INFO  [wc-user] [traceId=none] [main] o.a.coyote.http11.Http11NioProtocol - Initializing ProtocolHandler ["http-nio-8082"]
2026-07-14 03:52:09.947 INFO  [wc-user] [traceId=none] [main] o.a.catalina.core.StandardService - Starting service [Tomcat]
2026-07-14 03:52:09.948 INFO  [wc-user] [traceId=none] [main] o.a.catalina.core.StandardEngine - Starting Servlet engine: [Apache Tomcat/10.1.20]
2026-07-14 03:52:10.003 INFO  [wc-user] [traceId=none] [main] o.a.c.c.C.[Tomcat].[localhost].[/] - Initializing Spring embedded WebApplicationContext
2026-07-14 03:52:10.004 INFO  [wc-user] [traceId=none] [main] o.s.b.w.s.c.ServletWebServerApplicationContext - Root WebApplicationContext: initialization completed in 3142 ms
2026-07-14 03:52:11.436 INFO  [wc-user] [traceId=none] [main] org.redisson.Version - Redisson 3.27.0
2026-07-14 03:52:12.125 INFO  [wc-user] [traceId=none] [redisson-netty-1-6] o.r.connection.ConnectionsHolder - 1 connections initialized for localhost/127.0.0.1:6379
2026-07-14 03:52:12.272 INFO  [wc-user] [traceId=none] [redisson-netty-1-20] o.r.connection.ConnectionsHolder - 24 connections initialized for localhost/127.0.0.1:6379
2026-07-14 03:52:14.823 INFO  [wc-user] [traceId=none] [main] o.s.cloud.commons.util.InetUtils - Cannot determine local hostname
2026-07-14 03:52:17.121 INFO  [wc-user] [traceId=none] [main] o.s.cloud.commons.util.InetUtils - Cannot determine local hostname
2026-07-14 03:52:17.200 INFO  [wc-user] [traceId=none] [main] o.s.b.a.e.web.EndpointLinksResolver - Exposing 2 endpoint(s) beneath base path '/actuator'
2026-07-14 03:52:17.322 INFO  [wc-user] [traceId=none] [main] o.a.coyote.http11.Http11NioProtocol - Starting ProtocolHandler ["http-nio-8082"]
2026-07-14 03:52:17.337 INFO  [wc-user] [traceId=none] [main] o.s.b.w.e.tomcat.TomcatWebServer - Tomcat started on port 8082 (http) with context path ''
2026-07-14 03:52:17.356 INFO  [wc-user] [traceId=none] [main] com.alibaba.nacos.client.naming - initializer namespace from ans.namespace attribute : null
2026-07-14 03:52:17.358 INFO  [wc-user] [traceId=none] [main] com.alibaba.nacos.client.naming - initializer namespace from ALIBABA_ALIWARE_NAMESPACE attribute :null
2026-07-14 03:52:17.359 INFO  [wc-user] [traceId=none] [main] com.alibaba.nacos.client.naming - initializer namespace from namespace attribute :null
2026-07-14 03:52:17.363 INFO  [wc-user] [traceId=none] [Thread-3] c.a.n.c.a.r.i.CredentialWatcher - null No credential found
2026-07-14 03:52:17.379 INFO  [wc-user] [traceId=none] [main] com.alibaba.nacos.client.naming - FailoverDataSource type is class com.alibaba.nacos.client.naming.backups.datasource.DiskFailoverDataSource
2026-07-14 03:52:17.399 INFO  [wc-user] [traceId=none] [main] c.a.nacos.client.utils.ParamUtil - [settings] [req-serv] nacos-server port:8848
2026-07-14 03:52:17.399 INFO  [wc-user] [traceId=none] [main] c.a.nacos.client.utils.ParamUtil - [settings] [http-client] connect timeout:1000
2026-07-14 03:52:17.401 INFO  [wc-user] [traceId=none] [main] c.a.nacos.client.utils.ParamUtil - PER_TASK_CONFIG_SIZE: 3000.0
2026-07-14 03:52:17.409 INFO  [wc-user] [traceId=none] [main] c.a.n.p.a.s.c.ClientAuthPluginManager - [ClientAuthPluginManager] Load ClientAuthService com.alibaba.nacos.client.auth.impl.NacosClientAuthServiceImpl success.
2026-07-14 03:52:17.410 INFO  [wc-user] [traceId=none] [main] c.a.n.p.a.s.c.ClientAuthPluginManager - [ClientAuthPluginManager] Load ClientAuthService com.alibaba.nacos.client.auth.ram.RamClientAuthServiceImpl success.
2026-07-14 03:52:17.586 INFO  [wc-user] [traceId=none] [main] c.alibaba.nacos.common.remote.client - [RpcClientFactory] create a new rpc client of d194ed6e-d24e-4c53-be44-e9209553a88a
2026-07-14 03:52:17.622 INFO  [wc-user] [traceId=none] [main] com.alibaba.nacos.client.naming - Create naming rpc client for uuid->d194ed6e-d24e-4c53-be44-e9209553a88a
2026-07-14 03:52:17.624 INFO  [wc-user] [traceId=none] [main] c.alibaba.nacos.common.remote.client - [d194ed6e-d24e-4c53-be44-e9209553a88a] RpcClient init, ServerListFactory = com.alibaba.nacos.client.naming.core.ServerListManager
2026-07-14 03:52:17.625 INFO  [wc-user] [traceId=none] [main] c.alibaba.nacos.common.remote.client - [d194ed6e-d24e-4c53-be44-e9209553a88a] Registry connection listener to current client:com.alibaba.nacos.client.naming.remote.gprc.redo.NamingGrpcRedoService
2026-07-14 03:52:17.625 INFO  [wc-user] [traceId=none] [main] c.alibaba.nacos.common.remote.client - [d194ed6e-d24e-4c53-be44-e9209553a88a] Register server push request handler:com.alibaba.nacos.client.naming.remote.gprc.NamingPushRequestHandler
2026-07-14 03:52:17.627 INFO  [wc-user] [traceId=none] [main] c.alibaba.nacos.common.remote.client - [d194ed6e-d24e-4c53-be44-e9209553a88a] Try to connect to server on start up, server: {serverIp = '127.0.0.1', server main port = 8848}
2026-07-14 03:52:17.659 INFO  [wc-user] [traceId=none] [main] c.a.n.c.r.client.grpc.GrpcClient - grpc client connection server:127.0.0.1 ip,serverPort:9848,grpcTslConfig:{"sslProvider":"","enableTls":false,"mutualAuthEnable":false,"trustAll":false}
2026-07-14 03:52:18.832 INFO  [wc-user] [traceId=none] [main] c.a.n.c.a.AbstractAbilityControlManager - Ready to get current node abilities...
2026-07-14 03:52:18.836 INFO  [wc-user] [traceId=none] [main] c.a.n.c.a.AbstractAbilityControlManager - Ready to initialize current node abilities, support modes: [SDK_CLIENT]
2026-07-14 03:52:18.838 INFO  [wc-user] [traceId=none] [main] c.a.n.c.a.AbstractAbilityControlManager - Initialize current abilities finish...
2026-07-14 03:52:18.840 INFO  [wc-user] [traceId=none] [main] c.a.n.c.a.d.NacosAbilityManagerHolder - [AbilityControlManager] Successfully initialize AbilityControlManager
2026-07-14 03:52:18.866 INFO  [wc-user] [traceId=none] [main] c.alibaba.nacos.common.remote.client - [d194ed6e-d24e-4c53-be44-e9209553a88a] Success to connect to server [127.0.0.1:8848] on start up, connectionId = 1783972338722_172.17.0.1_52556
2026-07-14 03:52:18.868 INFO  [wc-user] [traceId=none] [com.alibaba.nacos.client.remote.worker.0] c.alibaba.nacos.common.remote.client - [d194ed6e-d24e-4c53-be44-e9209553a88a] Notify connected event to listeners.
2026-07-14 03:52:18.868 INFO  [wc-user] [traceId=none] [main] c.alibaba.nacos.common.remote.client - [d194ed6e-d24e-4c53-be44-e9209553a88a] Register server push request handler:com.alibaba.nacos.common.remote.client.RpcClient$ConnectResetRequestHandler
2026-07-14 03:52:18.868 INFO  [wc-user] [traceId=none] [com.alibaba.nacos.client.remote.worker.0] com.alibaba.nacos.client.naming - Grpc connection connect
2026-07-14 03:52:18.868 INFO  [wc-user] [traceId=none] [main] c.alibaba.nacos.common.remote.client - [d194ed6e-d24e-4c53-be44-e9209553a88a] Register server push request handler:com.alibaba.nacos.common.remote.client.RpcClient$$Lambda/0x000002064fae20e0
2026-07-14 03:52:18.870 INFO  [wc-user] [traceId=none] [main] com.alibaba.nacos.client.naming - [REGISTER-SERVICE] public registering service wc-user with instance Instance{instanceId='null', ip='192.168.88.1', port=8082, weight=1.0, healthy=true, enabled=true, ephemeral=true, clusterName='', serviceName='null', metadata={IPv6=null, preserved.register.source=SPRING_CLOUD}}
2026-07-14 03:52:18.894 INFO  [wc-user] [traceId=none] [main] c.a.c.n.r.NacosServiceRegistry - nacos registry, DEFAULT_GROUP wc-user 192.168.88.1:8082 register finished
2026-07-14 03:52:19.928 INFO  [wc-user] [traceId=none] [main] o.s.cloud.commons.util.InetUtils - Cannot determine local hostname
2026-07-14 03:52:19.953 INFO  [wc-user] [traceId=none] [main] c.l.worldcoffee.user.UserApplication - Started UserApplication in 14.796 seconds (process running for 15.441)
2026-07-14 03:52:27.114 INFO  [wc-user] [traceId=none] [http-nio-8082-exec-3] o.a.c.c.C.[Tomcat].[localhost].[/] - Initializing Spring DispatcherServlet 'dispatcherServlet'
2026-07-14 03:52:27.114 INFO  [wc-user] [traceId=none] [http-nio-8082-exec-3] o.s.web.servlet.DispatcherServlet - Initializing Servlet 'dispatcherServlet'
2026-07-14 03:52:27.117 INFO  [wc-user] [traceId=none] [http-nio-8082-exec-3] o.s.web.servlet.DispatcherServlet - Completed initialization in 3 ms
2026-07-14 03:52:27.172 INFO  [wc-user] [traceId=47d3244c5702477c93f57ebd17193920] [http-nio-8082-exec-3] o.s.a.r.c.CachingConnectionFactory - Attempting to connect to: [localhost:5672]
2026-07-14 03:52:27.213 INFO  [wc-user] [traceId=47d3244c5702477c93f57ebd17193920] [http-nio-8082-exec-3] o.s.a.r.c.CachingConnectionFactory - Created new connection: rabbitConnectionFactory#60c33609:0/SimpleConnection@7257f727 [delegate=amqp://guest@127.0.0.1:5672/, localPort=50572]
2026-07-14 03:52:27.265 INFO  [wc-user] [traceId=47d3244c5702477c93f57ebd17193920] [http-nio-8082-exec-3] com.zaxxer.hikari.HikariDataSource - HikariPool-1 - Starting...
2026-07-14 03:52:27.566 INFO  [wc-user] [traceId=47d3244c5702477c93f57ebd17193920] [http-nio-8082-exec-3] com.zaxxer.hikari.pool.HikariPool - HikariPool-1 - Added connection com.mysql.cj.jdbc.ConnectionImpl@3b31f215
2026-07-14 03:52:27.569 INFO  [wc-user] [traceId=47d3244c5702477c93f57ebd17193920] [http-nio-8082-exec-3] com.zaxxer.hikari.HikariDataSource - HikariPool-1 - Start completed.
2026-07-14 03:54:38.947 ERROR [wc-user] [traceId=none] [nacos-grpc-client-executor-127.0.0.1-37] c.a.n.c.r.client.grpc.GrpcClient - [1783972338722_172.17.0.1_52556]Request stream error, switch server,error={}
com.alibaba.nacos.shaded.io.grpc.StatusRuntimeException: CANCELLED: RST_STREAM closed stream. HTTP/2 error code: CANCEL
	at com.alibaba.nacos.shaded.io.grpc.Status.asRuntimeException(Status.java:537)
	at com.alibaba.nacos.shaded.io.grpc.stub.ClientCalls$StreamObserverToCallListenerAdapter.onClose(ClientCalls.java:491)
	at com.alibaba.nacos.shaded.io.grpc.internal.ClientCallImpl.closeObserver(ClientCallImpl.java:567)
	at com.alibaba.nacos.shaded.io.grpc.internal.ClientCallImpl.access$300(ClientCallImpl.java:71)
	at com.alibaba.nacos.shaded.io.grpc.internal.ClientCallImpl$ClientStreamListenerImpl$1StreamClosed.runInternal(ClientCallImpl.java:735)
	at com.alibaba.nacos.shaded.io.grpc.internal.ClientCallImpl$ClientStreamListenerImpl$1StreamClosed.runInContext(ClientCallImpl.java:716)
	at com.alibaba.nacos.shaded.io.grpc.internal.ContextRunnable.run(ContextRunnable.java:37)
	at com.alibaba.nacos.shaded.io.grpc.internal.SerializingExecutor.run(SerializingExecutor.java:133)
	at java.base/java.util.concurrent.ThreadPoolExecutor.runWorker(ThreadPoolExecutor.java:1144)
	at java.base/java.util.concurrent.ThreadPoolExecutor$Worker.run(ThreadPoolExecutor.java:642)
	at java.base/java.lang.Thread.run(Thread.java:1583)
2026-07-14 03:54:38.951 INFO  [wc-user] [traceId=none] [com.alibaba.nacos.client.remote.worker.1] c.alibaba.nacos.common.remote.client - [d194ed6e-d24e-4c53-be44-e9209553a88a] Try to reconnect to a new server, server is  not appointed, will choose a random server.
2026-07-14 03:54:38.952 INFO  [wc-user] [traceId=none] [com.alibaba.nacos.client.remote.worker.1] c.a.n.c.r.client.grpc.GrpcClient - grpc client connection server:127.0.0.1 ip,serverPort:9848,grpcTslConfig:{"sslProvider":"","enableTls":false,"mutualAuthEnable":false,"trustAll":false}
2026-07-14 03:54:38.963 ERROR [wc-user] [traceId=none] [com.alibaba.nacos.client.remote.worker.1] c.a.n.c.r.client.grpc.GrpcClient - Server check fail, please check server 127.0.0.1 ,port 9848 is available , error ={}
java.util.concurrent.ExecutionException: com.alibaba.nacos.shaded.io.grpc.StatusRuntimeException: UNAVAILABLE: Network closed for unknown reason
	at com.alibaba.nacos.shaded.com.google.common.util.concurrent.AbstractFuture.getDoneValue(AbstractFuture.java:592)
	at com.alibaba.nacos.shaded.com.google.common.util.concurrent.AbstractFuture.get(AbstractFuture.java:467)
	at com.alibaba.nacos.common.remote.client.grpc.GrpcClient.serverCheck(GrpcClient.java:243)
	at com.alibaba.nacos.common.remote.client.grpc.GrpcClient.connectToServer(GrpcClient.java:367)
	at com.alibaba.nacos.common.remote.client.RpcClient.reconnect(RpcClient.java:502)
	at com.alibaba.nacos.common.remote.client.RpcClient.lambda$start$1(RpcClient.java:329)
	at java.base/java.util.concurrent.Executors$RunnableAdapter.call(Executors.java:572)
	at java.base/java.util.concurrent.FutureTask.run(FutureTask.java:317)
	at java.base/java.util.concurrent.ScheduledThreadPoolExecutor$ScheduledFutureTask.run(ScheduledThreadPoolExecutor.java:304)
	at java.base/java.util.concurrent.ThreadPoolExecutor.runWorker(ThreadPoolExecutor.java:1144)
	at java.base/java.util.concurrent.ThreadPoolExecutor$Worker.run(ThreadPoolExecutor.java:642)
	at java.base/java.lang.Thread.run(Thread.java:1583)
Caused by: com.alibaba.nacos.shaded.io.grpc.StatusRuntimeException: UNAVAILABLE: Network closed for unknown reason
	at com.alibaba.nacos.shaded.io.grpc.Status.asRuntimeException(Status.java:537)
	at com.alibaba.nacos.shaded.io.grpc.stub.ClientCalls$UnaryStreamToFuture.onClose(ClientCalls.java:548)
	at com.alibaba.nacos.shaded.io.grpc.internal.DelayedClientCall$DelayedListener$3.run(DelayedClientCall.java:489)
	at com.alibaba.nacos.shaded.io.grpc.internal.DelayedClientCall$DelayedListener.delayOrExecute(DelayedClientCall.java:453)
	at com.alibaba.nacos.shaded.io.grpc.internal.DelayedClientCall$DelayedListener.onClose(DelayedClientCall.java:486)
	at com.alibaba.nacos.shaded.io.grpc.internal.ClientCallImpl.closeObserver(ClientCallImpl.java:567)
	at com.alibaba.nacos.shaded.io.grpc.internal.ClientCallImpl.access$300(ClientCallImpl.java:71)
	at com.alibaba.nacos.shaded.io.grpc.internal.ClientCallImpl$ClientStreamListenerImpl$1StreamClosed.runInternal(ClientCallImpl.java:735)
	at com.alibaba.nacos.shaded.io.grpc.internal.ClientCallImpl$ClientStreamListenerImpl$1StreamClosed.runInContext(ClientCallImpl.java:716)
	at com.alibaba.nacos.shaded.io.grpc.internal.ContextRunnable.run(ContextRunnable.java:37)
	at com.alibaba.nacos.shaded.io.grpc.internal.SerializingExecutor.run(SerializingExecutor.java:133)
	... 3 common frames omitted
2026-07-14 03:54:39.075 INFO  [wc-user] [traceId=none] [com.alibaba.nacos.client.remote.worker.1] c.a.n.c.r.client.grpc.GrpcClient - grpc client connection server:127.0.0.1 ip,serverPort:9848,grpcTslConfig:{"sslProvider":"","enableTls":false,"mutualAuthEnable":false,"trustAll":false}
2026-07-14 03:54:39.082 ERROR [wc-user] [traceId=none] [com.alibaba.nacos.client.remote.worker.1] c.a.n.c.r.client.grpc.GrpcClient - Server check fail, please check server 127.0.0.1 ,port 9848 is available , error ={}
java.util.concurrent.ExecutionException: com.alibaba.nacos.shaded.io.grpc.StatusRuntimeException: UNAVAILABLE: Network closed for unknown reason
	at com.alibaba.nacos.shaded.com.google.common.util.concurrent.AbstractFuture.getDoneValue(AbstractFuture.java:592)
	at com.alibaba.nacos.shaded.com.google.common.util.concurrent.AbstractFuture.get(AbstractFuture.java:467)
	at com.alibaba.nacos.common.remote.client.grpc.GrpcClient.serverCheck(GrpcClient.java:243)
	at com.alibaba.nacos.common.remote.client.grpc.GrpcClient.connectToServer(GrpcClient.java:367)
	at com.alibaba.nacos.common.remote.client.RpcClient.reconnect(RpcClient.java:502)
	at com.alibaba.nacos.common.remote.client.RpcClient.lambda$start$1(RpcClient.java:329)
	at java.base/java.util.concurrent.Executors$RunnableAdapter.call(Executors.java:572)
	at java.base/java.util.concurrent.FutureTask.run(FutureTask.java:317)
	at java.base/java.util.concurrent.ScheduledThreadPoolExecutor$ScheduledFutureTask.run(ScheduledThreadPoolExecutor.java:304)
	at java.base/java.util.concurrent.ThreadPoolExecutor.runWorker(ThreadPoolExecutor.java:1144)
	at java.base/java.util.concurrent.ThreadPoolExecutor$Worker.run(ThreadPoolExecutor.java:642)
	at java.base/java.lang.Thread.run(Thread.java:1583)
Caused by: com.alibaba.nacos.shaded.io.grpc.StatusRuntimeException: UNAVAILABLE: Network closed for unknown reason
	at com.alibaba.nacos.shaded.io.grpc.Status.asRuntimeException(Status.java:537)
	at com.alibaba.nacos.shaded.io.grpc.stub.ClientCalls$UnaryStreamToFuture.onClose(ClientCalls.java:548)
	at com.alibaba.nacos.shaded.io.grpc.internal.DelayedClientCall$DelayedListener$3.run(DelayedClientCall.java:489)
	at com.alibaba.nacos.shaded.io.grpc.internal.DelayedClientCall$DelayedListener.delayOrExecute(DelayedClientCall.java:453)
	at com.alibaba.nacos.shaded.io.grpc.internal.DelayedClientCall$DelayedListener.onClose(DelayedClientCall.java:486)
	at com.alibaba.nacos.shaded.io.grpc.internal.ClientCallImpl.closeObserver(ClientCallImpl.java:567)
	at com.alibaba.nacos.shaded.io.grpc.internal.ClientCallImpl.access$300(ClientCallImpl.java:71)
	at com.alibaba.nacos.shaded.io.grpc.internal.ClientCallImpl$ClientStreamListenerImpl$1StreamClosed.runInternal(ClientCallImpl.java:735)
	at com.alibaba.nacos.shaded.io.grpc.internal.ClientCallImpl$ClientStreamListenerImpl$1StreamClosed.runInContext(ClientCallImpl.java:716)
	at com.alibaba.nacos.shaded.io.grpc.internal.ContextRunnable.run(ContextRunnable.java:37)
	at com.alibaba.nacos.shaded.io.grpc.internal.SerializingExecutor.run(SerializingExecutor.java:133)
	... 3 common frames omitted
2026-07-14 03:54:39.083 INFO  [wc-user] [traceId=none] [com.alibaba.nacos.client.remote.worker.1] c.alibaba.nacos.common.remote.client - [d194ed6e-d24e-4c53-be44-e9209553a88a] Fail to connect server, after trying 1 times, last try server is {serverIp = '127.0.0.1', server main port = 8848}, error = unknown
2026-07-14 03:54:39.290 INFO  [wc-user] [traceId=none] [com.alibaba.nacos.client.remote.worker.1] c.a.n.c.r.client.grpc.GrpcClient - grpc client connection server:127.0.0.1 ip,serverPort:9848,grpcTslConfig:{"sslProvider":"","enableTls":false,"mutualAuthEnable":false,"trustAll":false}
2026-07-14 03:54:39.301 ERROR [wc-user] [traceId=none] [com.alibaba.nacos.client.remote.worker.1] c.a.n.c.r.client.grpc.GrpcClient - Server check fail, please check server 127.0.0.1 ,port 9848 is available , error ={}
java.util.concurrent.ExecutionException: com.alibaba.nacos.shaded.io.grpc.StatusRuntimeException: UNAVAILABLE: Network closed for unknown reason
	at com.alibaba.nacos.shaded.com.google.common.util.concurrent.AbstractFuture.getDoneValue(AbstractFuture.java:592)
	at com.alibaba.nacos.shaded.com.google.common.util.concurrent.AbstractFuture.get(AbstractFuture.java:467)
	at com.alibaba.nacos.common.remote.client.grpc.GrpcClient.serverCheck(GrpcClient.java:243)
	at com.alibaba.nacos.common.remote.client.grpc.GrpcClient.connectToServer(GrpcClient.java:367)
	at com.alibaba.nacos.common.remote.client.RpcClient.reconnect(RpcClient.java:502)
	at com.alibaba.nacos.common.remote.client.RpcClient.lambda$start$1(RpcClient.java:329)
	at java.base/java.util.concurrent.Executors$RunnableAdapter.call(Executors.java:572)
	at java.base/java.util.concurrent.FutureTask.run(FutureTask.java:317)
	at java.base/java.util.concurrent.ScheduledThreadPoolExecutor$ScheduledFutureTask.run(ScheduledThreadPoolExecutor.java:304)
	at java.base/java.util.concurrent.ThreadPoolExecutor.runWorker(ThreadPoolExecutor.java:1144)
	at java.base/java.util.concurrent.ThreadPoolExecutor$Worker.run(ThreadPoolExecutor.java:642)
	at java.base/java.lang.Thread.run(Thread.java:1583)
Caused by: com.alibaba.nacos.shaded.io.grpc.StatusRuntimeException: UNAVAILABLE: Network closed for unknown reason
	at com.alibaba.nacos.shaded.io.grpc.Status.asRuntimeException(Status.java:537)
	at com.alibaba.nacos.shaded.io.grpc.stub.ClientCalls$UnaryStreamToFuture.onClose(ClientCalls.java:548)
	at com.alibaba.nacos.shaded.io.grpc.internal.DelayedClientCall$DelayedListener$3.run(DelayedClientCall.java:489)
	at com.alibaba.nacos.shaded.io.grpc.internal.DelayedClientCall$DelayedListener.delayOrExecute(DelayedClientCall.java:453)
	at com.alibaba.nacos.shaded.io.grpc.internal.DelayedClientCall$DelayedListener.onClose(DelayedClientCall.java:486)
	at com.alibaba.nacos.shaded.io.grpc.internal.ClientCallImpl.closeObserver(ClientCallImpl.java:567)
	at com.alibaba.nacos.shaded.io.grpc.internal.ClientCallImpl.access$300(ClientCallImpl.java:71)
	at com.alibaba.nacos.shaded.io.grpc.internal.ClientCallImpl$ClientStreamListenerImpl$1StreamClosed.runInternal(ClientCallImpl.java:735)
	at com.alibaba.nacos.shaded.io.grpc.internal.ClientCallImpl$ClientStreamListenerImpl$1StreamClosed.runInContext(ClientCallImpl.java:716)
	at com.alibaba.nacos.shaded.io.grpc.internal.ContextRunnable.run(ContextRunnable.java:37)
	at com.alibaba.nacos.shaded.io.grpc.internal.SerializingExecutor.run(SerializingExecutor.java:133)
	... 3 common frames omitted
2026-07-14 03:54:39.302 INFO  [wc-user] [traceId=none] [com.alibaba.nacos.client.remote.worker.1] c.alibaba.nacos.common.remote.client - [d194ed6e-d24e-4c53-be44-e9209553a88a] Fail to connect server, after trying 2 times, last try server is {serverIp = '127.0.0.1', server main port = 8848}, error = unknown
2026-07-14 03:54:39.617 INFO  [wc-user] [traceId=none] [com.alibaba.nacos.client.remote.worker.1] c.a.n.c.r.client.grpc.GrpcClient - grpc client connection server:127.0.0.1 ip,serverPort:9848,grpcTslConfig:{"sslProvider":"","enableTls":false,"mutualAuthEnable":false,"trustAll":false}
2026-07-14 03:54:39.624 ERROR [wc-user] [traceId=none] [com.alibaba.nacos.client.remote.worker.1] c.a.n.c.r.client.grpc.GrpcClient - Server check fail, please check server 127.0.0.1 ,port 9848 is available , error ={}
java.util.concurrent.ExecutionException: com.alibaba.nacos.shaded.io.grpc.StatusRuntimeException: UNAVAILABLE: Network closed for unknown reason
	at com.alibaba.nacos.shaded.com.google.common.util.concurrent.AbstractFuture.getDoneValue(AbstractFuture.java:592)
	at com.alibaba.nacos.shaded.com.google.common.util.concurrent.AbstractFuture.get(AbstractFuture.java:467)
	at com.alibaba.nacos.common.remote.client.grpc.GrpcClient.serverCheck(GrpcClient.java:243)
	at com.alibaba.nacos.common.remote.client.grpc.GrpcClient.connectToServer(GrpcClient.java:367)
	at com.alibaba.nacos.common.remote.client.RpcClient.reconnect(RpcClient.java:502)
	at com.alibaba.nacos.common.remote.client.RpcClient.lambda$start$1(RpcClient.java:329)
	at java.base/java.util.concurrent.Executors$RunnableAdapter.call(Executors.java:572)
	at java.base/java.util.concurrent.FutureTask.run(FutureTask.java:317)
	at java.base/java.util.concurrent.ScheduledThreadPoolExecutor$ScheduledFutureTask.run(ScheduledThreadPoolExecutor.java:304)
	at java.base/java.util.concurrent.ThreadPoolExecutor.runWorker(ThreadPoolExecutor.java:1144)
	at java.base/java.util.concurrent.ThreadPoolExecutor$Worker.run(ThreadPoolExecutor.java:642)
	at java.base/java.lang.Thread.run(Thread.java:1583)
Caused by: com.alibaba.nacos.shaded.io.grpc.StatusRuntimeException: UNAVAILABLE: Network closed for unknown reason
	at com.alibaba.nacos.shaded.io.grpc.Status.asRuntimeException(Status.java:537)
	at com.alibaba.nacos.shaded.io.grpc.stub.ClientCalls$UnaryStreamToFuture.onClose(ClientCalls.java:548)
	at com.alibaba.nacos.shaded.io.grpc.internal.DelayedClientCall$DelayedListener$3.run(DelayedClientCall.java:489)
	at com.alibaba.nacos.shaded.io.grpc.internal.DelayedClientCall$DelayedListener.delayOrExecute(DelayedClientCall.java:453)
	at com.alibaba.nacos.shaded.io.grpc.internal.DelayedClientCall$DelayedListener.onClose(DelayedClientCall.java:486)
	at com.alibaba.nacos.shaded.io.grpc.internal.ClientCallImpl.closeObserver(ClientCallImpl.java:567)
	at com.alibaba.nacos.shaded.io.grpc.internal.ClientCallImpl.access$300(ClientCallImpl.java:71)
	at com.alibaba.nacos.shaded.io.grpc.internal.ClientCallImpl$ClientStreamListenerImpl$1StreamClosed.runInternal(ClientCallImpl.java:735)
	at com.alibaba.nacos.shaded.io.grpc.internal.ClientCallImpl$ClientStreamListenerImpl$1StreamClosed.runInContext(ClientCallImpl.java:716)
	at com.alibaba.nacos.shaded.io.grpc.internal.ContextRunnable.run(ContextRunnable.java:37)
	at com.alibaba.nacos.shaded.io.grpc.internal.SerializingExecutor.run(SerializingExecutor.java:133)
	... 3 common frames omitted
2026-07-14 03:54:39.624 INFO  [wc-user] [traceId=none] [com.alibaba.nacos.client.remote.worker.1] c.alibaba.nacos.common.remote.client - [d194ed6e-d24e-4c53-be44-e9209553a88a] Fail to connect server, after trying 3 times, last try server is {serverIp = '127.0.0.1', server main port = 8848}, error = unknown
2026-07-14 03:54:40.028 INFO  [wc-user] [traceId=none] [com.alibaba.nacos.client.remote.worker.1] c.a.n.c.r.client.grpc.GrpcClient - grpc client connection server:127.0.0.1 ip,serverPort:9848,grpcTslConfig:{"sslProvider":"","enableTls":false,"mutualAuthEnable":false,"trustAll":false}
2026-07-14 03:54:40.030 ERROR [wc-user] [traceId=none] [com.alibaba.nacos.client.remote.worker.1] c.a.n.c.r.client.grpc.GrpcClient - Server check fail, please check server 127.0.0.1 ,port 9848 is available , error ={}
java.util.concurrent.ExecutionException: com.alibaba.nacos.shaded.io.grpc.StatusRuntimeException: UNAVAILABLE: Network closed for unknown reason
	at com.alibaba.nacos.shaded.com.google.common.util.concurrent.AbstractFuture.getDoneValue(AbstractFuture.java:592)
	at com.alibaba.nacos.shaded.com.google.common.util.concurrent.AbstractFuture.get(AbstractFuture.java:467)
	at com.alibaba.nacos.common.remote.client.grpc.GrpcClient.serverCheck(GrpcClient.java:243)
	at com.alibaba.nacos.common.remote.client.grpc.GrpcClient.connectToServer(GrpcClient.java:367)
	at com.alibaba.nacos.common.remote.client.RpcClient.reconnect(RpcClient.java:502)
	at com.alibaba.nacos.common.remote.client.RpcClient.lambda$start$1(RpcClient.java:329)
	at java.base/java.util.concurrent.Executors$RunnableAdapter.call(Executors.java:572)
	at java.base/java.util.concurrent.FutureTask.run(FutureTask.java:317)
	at java.base/java.util.concurrent.ScheduledThreadPoolExecutor$ScheduledFutureTask.run(ScheduledThreadPoolExecutor.java:304)
	at java.base/java.util.concurrent.ThreadPoolExecutor.runWorker(ThreadPoolExecutor.java:1144)
	at java.base/java.util.concurrent.ThreadPoolExecutor$Worker.run(ThreadPoolExecutor.java:642)
	at java.base/java.lang.Thread.run(Thread.java:1583)
Caused by: com.alibaba.nacos.shaded.io.grpc.StatusRuntimeException: UNAVAILABLE: Network closed for unknown reason
	at com.alibaba.nacos.shaded.io.grpc.Status.asRuntimeException(Status.java:537)
	at com.alibaba.nacos.shaded.io.grpc.stub.ClientCalls$UnaryStreamToFuture.onClose(ClientCalls.java:548)
	at com.alibaba.nacos.shaded.io.grpc.internal.DelayedClientCall$DelayedListener$3.run(DelayedClientCall.java:489)
	at com.alibaba.nacos.shaded.io.grpc.internal.DelayedClientCall$DelayedListener.delayOrExecute(DelayedClientCall.java:453)
	at com.alibaba.nacos.shaded.io.grpc.internal.DelayedClientCall$DelayedListener.onClose(DelayedClientCall.java:486)
	at com.alibaba.nacos.shaded.io.grpc.internal.ClientCallImpl.closeObserver(ClientCallImpl.java:567)
	at com.alibaba.nacos.shaded.io.grpc.internal.ClientCallImpl.access$300(ClientCallImpl.java:71)
	at com.alibaba.nacos.shaded.io.grpc.internal.ClientCallImpl$ClientStreamListenerImpl$1StreamClosed.runInternal(ClientCallImpl.java:735)
	at com.alibaba.nacos.shaded.io.grpc.internal.ClientCallImpl$ClientStreamListenerImpl$1StreamClosed.runInContext(ClientCallImpl.java:716)
	at com.alibaba.nacos.shaded.io.grpc.internal.ContextRunnable.run(ContextRunnable.java:37)
	at com.alibaba.nacos.shaded.io.grpc.internal.SerializingExecutor.run(SerializingExecutor.java:133)
	... 3 common frames omitted
2026-07-14 03:54:40.035 INFO  [wc-user] [traceId=none] [com.alibaba.nacos.client.remote.worker.1] c.alibaba.nacos.common.remote.client - [d194ed6e-d24e-4c53-be44-e9209553a88a] Fail to connect server, after trying 4 times, last try server is {serverIp = '127.0.0.1', server main port = 8848}, error = unknown
2026-07-14 03:54:40.550 INFO  [wc-user] [traceId=none] [com.alibaba.nacos.client.remote.worker.1] c.a.n.c.r.client.grpc.GrpcClient - grpc client connection server:127.0.0.1 ip,serverPort:9848,grpcTslConfig:{"sslProvider":"","enableTls":false,"mutualAuthEnable":false,"trustAll":false}
2026-07-14 03:54:40.557 ERROR [wc-user] [traceId=none] [com.alibaba.nacos.client.remote.worker.1] c.a.n.c.r.client.grpc.GrpcClient - Server check fail, please check server 127.0.0.1 ,port 9848 is available , error ={}
java.util.concurrent.ExecutionException: com.alibaba.nacos.shaded.io.grpc.StatusRuntimeException: UNAVAILABLE: io exception
	at com.alibaba.nacos.shaded.com.google.common.util.concurrent.AbstractFuture.getDoneValue(AbstractFuture.java:592)
	at com.alibaba.nacos.shaded.com.google.common.util.concurrent.AbstractFuture.get(AbstractFuture.java:467)
	at com.alibaba.nacos.common.remote.client.grpc.GrpcClient.serverCheck(GrpcClient.java:243)
	at com.alibaba.nacos.common.remote.client.grpc.GrpcClient.connectToServer(GrpcClient.java:367)
	at com.alibaba.nacos.common.remote.client.RpcClient.reconnect(RpcClient.java:502)
	at com.alibaba.nacos.common.remote.client.RpcClient.lambda$start$1(RpcClient.java:329)
	at java.base/java.util.concurrent.Executors$RunnableAdapter.call(Executors.java:572)
	at java.base/java.util.concurrent.FutureTask.run(FutureTask.java:317)
	at java.base/java.util.concurrent.ScheduledThreadPoolExecutor$ScheduledFutureTask.run(ScheduledThreadPoolExecutor.java:304)
	at java.base/java.util.concurrent.ThreadPoolExecutor.runWorker(ThreadPoolExecutor.java:1144)
	at java.base/java.util.concurrent.ThreadPoolExecutor$Worker.run(ThreadPoolExecutor.java:642)
	at java.base/java.lang.Thread.run(Thread.java:1583)
Caused by: com.alibaba.nacos.shaded.io.grpc.StatusRuntimeException: UNAVAILABLE: io exception
	at com.alibaba.nacos.shaded.io.grpc.Status.asRuntimeException(Status.java:537)
	at com.alibaba.nacos.shaded.io.grpc.stub.ClientCalls$UnaryStreamToFuture.onClose(ClientCalls.java:548)
	at com.alibaba.nacos.shaded.io.grpc.internal.DelayedClientCall$DelayedListener$3.run(DelayedClientCall.java:489)
	at com.alibaba.nacos.shaded.io.grpc.internal.DelayedClientCall$DelayedListener.delayOrExecute(DelayedClientCall.java:453)
	at com.alibaba.nacos.shaded.io.grpc.internal.DelayedClientCall$DelayedListener.onClose(DelayedClientCall.java:486)
	at com.alibaba.nacos.shaded.io.grpc.internal.ClientCallImpl.closeObserver(ClientCallImpl.java:567)
	at com.alibaba.nacos.shaded.io.grpc.internal.ClientCallImpl.access$300(ClientCallImpl.java:71)
	at com.alibaba.nacos.shaded.io.grpc.internal.ClientCallImpl$ClientStreamListenerImpl$1StreamClosed.runInternal(ClientCallImpl.java:735)
	at com.alibaba.nacos.shaded.io.grpc.internal.ClientCallImpl$ClientStreamListenerImpl$1StreamClosed.runInContext(ClientCallImpl.java:716)
	at com.alibaba.nacos.shaded.io.grpc.internal.ContextRunnable.run(ContextRunnable.java:37)
	at com.alibaba.nacos.shaded.io.grpc.internal.SerializingExecutor.run(SerializingExecutor.java:133)
	... 3 common frames omitted
Caused by: com.alibaba.nacos.shaded.io.grpc.netty.shaded.io.netty.channel.AbstractChannel$AnnotatedConnectException: Connection refused: getsockopt: /127.0.0.1:9848
Caused by: java.net.ConnectException: Connection refused: getsockopt
	at java.base/sun.nio.ch.Net.pollConnect(Native Method)
	at java.base/sun.nio.ch.Net.pollConnectNow(Net.java:690)
	at java.base/sun.nio.ch.SocketChannelImpl.finishConnect(SocketChannelImpl.java:973)
	at com.alibaba.nacos.shaded.io.grpc.netty.shaded.io.netty.channel.socket.nio.NioSocketChannel.doFinishConnect(NioSocketChannel.java:337)
	at com.alibaba.nacos.shaded.io.grpc.netty.shaded.io.netty.channel.nio.AbstractNioChannel$AbstractNioUnsafe.finishConnect(AbstractNioChannel.java:334)
	at com.alibaba.nacos.shaded.io.grpc.netty.shaded.io.netty.channel.nio.NioEventLoop.processSelectedKey(NioEventLoop.java:776)
	at com.alibaba.nacos.shaded.io.grpc.netty.shaded.io.netty.channel.nio.NioEventLoop.processSelectedKeysOptimized(NioEventLoop.java:724)
	at com.alibaba.nacos.shaded.io.grpc.netty.shaded.io.netty.channel.nio.NioEventLoop.processSelectedKeys(NioEventLoop.java:650)
	at com.alibaba.nacos.shaded.io.grpc.netty.shaded.io.netty.channel.nio.NioEventLoop.run(NioEventLoop.java:562)
	at com.alibaba.nacos.shaded.io.grpc.netty.shaded.io.netty.util.concurrent.SingleThreadEventExecutor$4.run(SingleThreadEventExecutor.java:997)
	at com.alibaba.nacos.shaded.io.grpc.netty.shaded.io.netty.util.internal.ThreadExecutorMap$2.run(ThreadExecutorMap.java:74)
	at com.alibaba.nacos.shaded.io.grpc.netty.shaded.io.netty.util.concurrent.FastThreadLocalRunnable.run(FastThreadLocalRunnable.java:30)
	at java.base/java.lang.Thread.run(Thread.java:1583)
2026-07-14 03:54:40.558 INFO  [wc-user] [traceId=none] [com.alibaba.nacos.client.remote.worker.1] c.alibaba.nacos.common.remote.client - [d194ed6e-d24e-4c53-be44-e9209553a88a] Fail to connect server, after trying 5 times, last try server is {serverIp = '127.0.0.1', server main port = 8848}, error = unknown
2026-07-14 03:54:41.164 INFO  [wc-user] [traceId=none] [com.alibaba.nacos.client.remote.worker.1] c.a.n.c.r.client.grpc.GrpcClient - grpc client connection server:127.0.0.1 ip,serverPort:9848,grpcTslConfig:{"sslProvider":"","enableTls":false,"mutualAuthEnable":false,"trustAll":false}
2026-07-14 03:54:41.173 ERROR [wc-user] [traceId=none] [com.alibaba.nacos.client.remote.worker.1] c.a.n.c.r.client.grpc.GrpcClient - Server check fail, please check server 127.0.0.1 ,port 9848 is available , error ={}
java.util.concurrent.ExecutionException: com.alibaba.nacos.shaded.io.grpc.StatusRuntimeException: UNAVAILABLE: io exception
	at com.alibaba.nacos.shaded.com.google.common.util.concurrent.AbstractFuture.getDoneValue(AbstractFuture.java:592)
	at com.alibaba.nacos.shaded.com.google.common.util.concurrent.AbstractFuture.get(AbstractFuture.java:467)
	at com.alibaba.nacos.common.remote.client.grpc.GrpcClient.serverCheck(GrpcClient.java:243)
	at com.alibaba.nacos.common.remote.client.grpc.GrpcClient.connectToServer(GrpcClient.java:367)
	at com.alibaba.nacos.common.remote.client.RpcClient.reconnect(RpcClient.java:502)
	at com.alibaba.nacos.common.remote.client.RpcClient.lambda$start$1(RpcClient.java:329)
	at java.base/java.util.concurrent.Executors$RunnableAdapter.call(Executors.java:572)
	at java.base/java.util.concurrent.FutureTask.run(FutureTask.java:317)
	at java.base/java.util.concurrent.ScheduledThreadPoolExecutor$ScheduledFutureTask.run(ScheduledThreadPoolExecutor.java:304)
	at java.base/java.util.concurrent.ThreadPoolExecutor.runWorker(ThreadPoolExecutor.java:1144)
	at java.base/java.util.concurrent.ThreadPoolExecutor$Worker.run(ThreadPoolExecutor.java:642)
	at java.base/java.lang.Thread.run(Thread.java:1583)
Caused by: com.alibaba.nacos.shaded.io.grpc.StatusRuntimeException: UNAVAILABLE: io exception
	at com.alibaba.nacos.shaded.io.grpc.Status.asRuntimeException(Status.java:537)
	at com.alibaba.nacos.shaded.io.grpc.stub.ClientCalls$UnaryStreamToFuture.onClose(ClientCalls.java:548)
	at com.alibaba.nacos.shaded.io.grpc.internal.DelayedClientCall$DelayedListener$3.run(DelayedClientCall.java:489)
	at com.alibaba.nacos.shaded.io.grpc.internal.DelayedClientCall$DelayedListener.delayOrExecute(DelayedClientCall.java:453)
	at com.alibaba.nacos.shaded.io.grpc.internal.DelayedClientCall$DelayedListener.onClose(DelayedClientCall.java:486)
	at com.alibaba.nacos.shaded.io.grpc.internal.ClientCallImpl.closeObserver(ClientCallImpl.java:567)
	at com.alibaba.nacos.shaded.io.grpc.internal.ClientCallImpl.access$300(ClientCallImpl.java:71)
	at com.alibaba.nacos.shaded.io.grpc.internal.ClientCallImpl$ClientStreamListenerImpl$1StreamClosed.runInternal(ClientCallImpl.java:735)
	at com.alibaba.nacos.shaded.io.grpc.internal.ClientCallImpl$ClientStreamListenerImpl$1StreamClosed.runInContext(ClientCallImpl.java:716)
	at com.alibaba.nacos.shaded.io.grpc.internal.ContextRunnable.run(ContextRunnable.java:37)
	at com.alibaba.nacos.shaded.io.grpc.internal.SerializingExecutor.run(SerializingExecutor.java:133)
	... 3 common frames omitted
Caused by: com.alibaba.nacos.shaded.io.grpc.netty.shaded.io.netty.channel.AbstractChannel$AnnotatedConnectException: Connection refused: getsockopt: /127.0.0.1:9848
Caused by: java.net.ConnectException: Connection refused: getsockopt
	at java.base/sun.nio.ch.Net.pollConnect(Native Method)
	at java.base/sun.nio.ch.Net.pollConnectNow(Net.java:690)
	at java.base/sun.nio.ch.SocketChannelImpl.finishConnect(SocketChannelImpl.java:973)
	at com.alibaba.nacos.shaded.io.grpc.netty.shaded.io.netty.channel.socket.nio.NioSocketChannel.doFinishConnect(NioSocketChannel.java:337)
	at com.alibaba.nacos.shaded.io.grpc.netty.shaded.io.netty.channel.nio.AbstractNioChannel$AbstractNioUnsafe.finishConnect(AbstractNioChannel.java:334)
	at com.alibaba.nacos.shaded.io.grpc.netty.shaded.io.netty.channel.nio.NioEventLoop.processSelectedKey(NioEventLoop.java:776)
	at com.alibaba.nacos.shaded.io.grpc.netty.shaded.io.netty.channel.nio.NioEventLoop.processSelectedKeysOptimized(NioEventLoop.java:724)
	at com.alibaba.nacos.shaded.io.grpc.netty.shaded.io.netty.channel.nio.NioEventLoop.processSelectedKeys(NioEventLoop.java:650)
	at com.alibaba.nacos.shaded.io.grpc.netty.shaded.io.netty.channel.nio.NioEventLoop.run(NioEventLoop.java:562)
	at com.alibaba.nacos.shaded.io.grpc.netty.shaded.io.netty.util.concurrent.SingleThreadEventExecutor$4.run(SingleThreadEventExecutor.java:997)
	at com.alibaba.nacos.shaded.io.grpc.netty.shaded.io.netty.util.internal.ThreadExecutorMap$2.run(ThreadExecutorMap.java:74)
	at com.alibaba.nacos.shaded.io.grpc.netty.shaded.io.netty.util.concurrent.FastThreadLocalRunnable.run(FastThreadLocalRunnable.java:30)
	at java.base/java.lang.Thread.run(Thread.java:1583)
2026-07-14 03:54:41.173 INFO  [wc-user] [traceId=none] [com.alibaba.nacos.client.remote.worker.1] c.alibaba.nacos.common.remote.client - [d194ed6e-d24e-4c53-be44-e9209553a88a] Fail to connect server, after trying 6 times, last try server is {serverIp = '127.0.0.1', server main port = 8848}, error = unknown
2026-07-14 03:54:41.880 INFO  [wc-user] [traceId=none] [com.alibaba.nacos.client.remote.worker.1] c.a.n.c.r.client.grpc.GrpcClient - grpc client connection server:127.0.0.1 ip,serverPort:9848,grpcTslConfig:{"sslProvider":"","enableTls":false,"mutualAuthEnable":false,"trustAll":false}
2026-07-14 03:54:41.884 ERROR [wc-user] [traceId=none] [com.alibaba.nacos.client.remote.worker.1] c.a.n.c.r.client.grpc.GrpcClient - Server check fail, please check server 127.0.0.1 ,port 9848 is available , error ={}
java.util.concurrent.ExecutionException: com.alibaba.nacos.shaded.io.grpc.StatusRuntimeException: UNAVAILABLE: io exception
	at com.alibaba.nacos.shaded.com.google.common.util.concurrent.AbstractFuture.getDoneValue(AbstractFuture.java:592)
	at com.alibaba.nacos.shaded.com.google.common.util.concurrent.AbstractFuture.get(AbstractFuture.java:467)
	at com.alibaba.nacos.common.remote.client.grpc.GrpcClient.serverCheck(GrpcClient.java:243)
	at com.alibaba.nacos.common.remote.client.grpc.GrpcClient.connectToServer(GrpcClient.java:367)
	at com.alibaba.nacos.common.remote.client.RpcClient.reconnect(RpcClient.java:502)
	at com.alibaba.nacos.common.remote.client.RpcClient.lambda$start$1(RpcClient.java:329)
	at java.base/java.util.concurrent.Executors$RunnableAdapter.call(Executors.java:572)
	at java.base/java.util.concurrent.FutureTask.run(FutureTask.java:317)
	at java.base/java.util.concurrent.ScheduledThreadPoolExecutor$ScheduledFutureTask.run(ScheduledThreadPoolExecutor.java:304)
	at java.base/java.util.concurrent.ThreadPoolExecutor.runWorker(ThreadPoolExecutor.java:1144)
	at java.base/java.util.concurrent.ThreadPoolExecutor$Worker.run(ThreadPoolExecutor.java:642)
	at java.base/java.lang.Thread.run(Thread.java:1583)
Caused by: com.alibaba.nacos.shaded.io.grpc.StatusRuntimeException: UNAVAILABLE: io exception
	at com.alibaba.nacos.shaded.io.grpc.Status.asRuntimeException(Status.java:537)
	at com.alibaba.nacos.shaded.io.grpc.stub.ClientCalls$UnaryStreamToFuture.onClose(ClientCalls.java:548)
	at com.alibaba.nacos.shaded.io.grpc.internal.DelayedClientCall$DelayedListener$3.run(DelayedClientCall.java:489)
	at com.alibaba.nacos.shaded.io.grpc.internal.DelayedClientCall$DelayedListener.delayOrExecute(DelayedClientCall.java:453)
	at com.alibaba.nacos.shaded.io.grpc.internal.DelayedClientCall$DelayedListener.onClose(DelayedClientCall.java:486)
	at com.alibaba.nacos.shaded.io.grpc.internal.ClientCallImpl.closeObserver(ClientCallImpl.java:567)
	at com.alibaba.nacos.shaded.io.grpc.internal.ClientCallImpl.access$300(ClientCallImpl.java:71)
	at com.alibaba.nacos.shaded.io.grpc.internal.ClientCallImpl$ClientStreamListenerImpl$1StreamClosed.runInternal(ClientCallImpl.java:735)
	at com.alibaba.nacos.shaded.io.grpc.internal.ClientCallImpl$ClientStreamListenerImpl$1StreamClosed.runInContext(ClientCallImpl.java:716)
	at com.alibaba.nacos.shaded.io.grpc.internal.ContextRunnable.run(ContextRunnable.java:37)
	at com.alibaba.nacos.shaded.io.grpc.internal.SerializingExecutor.run(SerializingExecutor.java:133)
	... 3 common frames omitted
Caused by: com.alibaba.nacos.shaded.io.grpc.netty.shaded.io.netty.channel.AbstractChannel$AnnotatedConnectException: Connection refused: getsockopt: /127.0.0.1:9848
Caused by: java.net.ConnectException: Connection refused: getsockopt
	at java.base/sun.nio.ch.Net.pollConnect(Native Method)
	at java.base/sun.nio.ch.Net.pollConnectNow(Net.java:690)
	at java.base/sun.nio.ch.SocketChannelImpl.finishConnect(SocketChannelImpl.java:973)
	at com.alibaba.nacos.shaded.io.grpc.netty.shaded.io.netty.channel.socket.nio.NioSocketChannel.doFinishConnect(NioSocketChannel.java:337)
	at com.alibaba.nacos.shaded.io.grpc.netty.shaded.io.netty.channel.nio.AbstractNioChannel$AbstractNioUnsafe.finishConnect(AbstractNioChannel.java:334)
	at com.alibaba.nacos.shaded.io.grpc.netty.shaded.io.netty.channel.nio.NioEventLoop.processSelectedKey(NioEventLoop.java:776)
	at com.alibaba.nacos.shaded.io.grpc.netty.shaded.io.netty.channel.nio.NioEventLoop.processSelectedKeysOptimized(NioEventLoop.java:724)
	at com.alibaba.nacos.shaded.io.grpc.netty.shaded.io.netty.channel.nio.NioEventLoop.processSelectedKeys(NioEventLoop.java:650)
	at com.alibaba.nacos.shaded.io.grpc.netty.shaded.io.netty.channel.nio.NioEventLoop.run(NioEventLoop.java:562)
	at com.alibaba.nacos.shaded.io.grpc.netty.shaded.io.netty.util.concurrent.SingleThreadEventExecutor$4.run(SingleThreadEventExecutor.java:997)
	at com.alibaba.nacos.shaded.io.grpc.netty.shaded.io.netty.util.internal.ThreadExecutorMap$2.run(ThreadExecutorMap.java:74)
	at com.alibaba.nacos.shaded.io.grpc.netty.shaded.io.netty.util.concurrent.FastThreadLocalRunnable.run(FastThreadLocalRunnable.java:30)
	at java.base/java.lang.Thread.run(Thread.java:1583)
2026-07-14 03:54:41.885 INFO  [wc-user] [traceId=none] [com.alibaba.nacos.client.remote.worker.1] c.alibaba.nacos.common.remote.client - [d194ed6e-d24e-4c53-be44-e9209553a88a] Fail to connect server, after trying 7 times, last try server is {serverIp = '127.0.0.1', server main port = 8848}, error = unknown
2026-07-14 03:54:42.687 INFO  [wc-user] [traceId=none] [com.alibaba.nacos.client.remote.worker.1] c.a.n.c.r.client.grpc.GrpcClient - grpc client connection server:127.0.0.1 ip,serverPort:9848,grpcTslConfig:{"sslProvider":"","enableTls":false,"mutualAuthEnable":false,"trustAll":false}
2026-07-14 03:54:42.691 ERROR [wc-user] [traceId=none] [com.alibaba.nacos.client.remote.worker.1] c.a.n.c.r.client.grpc.GrpcClient - Server check fail, please check server 127.0.0.1 ,port 9848 is available , error ={}
java.util.concurrent.ExecutionException: com.alibaba.nacos.shaded.io.grpc.StatusRuntimeException: UNAVAILABLE: io exception
	at com.alibaba.nacos.shaded.com.google.common.util.concurrent.AbstractFuture.getDoneValue(AbstractFuture.java:592)
	at com.alibaba.nacos.shaded.com.google.common.util.concurrent.AbstractFuture.get(AbstractFuture.java:467)
	at com.alibaba.nacos.common.remote.client.grpc.GrpcClient.serverCheck(GrpcClient.java:243)
	at com.alibaba.nacos.common.remote.client.grpc.GrpcClient.connectToServer(GrpcClient.java:367)
	at com.alibaba.nacos.common.remote.client.RpcClient.reconnect(RpcClient.java:502)
	at com.alibaba.nacos.common.remote.client.RpcClient.lambda$start$1(RpcClient.java:329)
	at java.base/java.util.concurrent.Executors$RunnableAdapter.call(Executors.java:572)
	at java.base/java.util.concurrent.FutureTask.run(FutureTask.java:317)
	at java.base/java.util.concurrent.ScheduledThreadPoolExecutor$ScheduledFutureTask.run(ScheduledThreadPoolExecutor.java:304)
	at java.base/java.util.concurrent.ThreadPoolExecutor.runWorker(ThreadPoolExecutor.java:1144)
	at java.base/java.util.concurrent.ThreadPoolExecutor$Worker.run(ThreadPoolExecutor.java:642)
	at java.base/java.lang.Thread.run(Thread.java:1583)
Caused by: com.alibaba.nacos.shaded.io.grpc.StatusRuntimeException: UNAVAILABLE: io exception
	at com.alibaba.nacos.shaded.io.grpc.Status.asRuntimeException(Status.java:537)
	at com.alibaba.nacos.shaded.io.grpc.stub.ClientCalls$UnaryStreamToFuture.onClose(ClientCalls.java:548)
	at com.alibaba.nacos.shaded.io.grpc.internal.DelayedClientCall$DelayedListener$3.run(DelayedClientCall.java:489)
	at com.alibaba.nacos.shaded.io.grpc.internal.DelayedClientCall$DelayedListener.delayOrExecute(DelayedClientCall.java:453)
	at com.alibaba.nacos.shaded.io.grpc.internal.DelayedClientCall$DelayedListener.onClose(DelayedClientCall.java:486)
	at com.alibaba.nacos.shaded.io.grpc.internal.ClientCallImpl.closeObserver(ClientCallImpl.java:567)
	at com.alibaba.nacos.shaded.io.grpc.internal.ClientCallImpl.access$300(ClientCallImpl.java:71)
	at com.alibaba.nacos.shaded.io.grpc.internal.ClientCallImpl$ClientStreamListenerImpl$1StreamClosed.runInternal(ClientCallImpl.java:735)
	at com.alibaba.nacos.shaded.io.grpc.internal.ClientCallImpl$ClientStreamListenerImpl$1StreamClosed.runInContext(ClientCallImpl.java:716)
	at com.alibaba.nacos.shaded.io.grpc.internal.ContextRunnable.run(ContextRunnable.java:37)
	at com.alibaba.nacos.shaded.io.grpc.internal.SerializingExecutor.run(SerializingExecutor.java:133)
	... 3 common frames omitted
Caused by: com.alibaba.nacos.shaded.io.grpc.netty.shaded.io.netty.channel.AbstractChannel$AnnotatedConnectException: Connection refused: getsockopt: /127.0.0.1:9848
Caused by: java.net.ConnectException: Connection refused: getsockopt
	at java.base/sun.nio.ch.Net.pollConnect(Native Method)
	at java.base/sun.nio.ch.Net.pollConnectNow(Net.java:690)
	at java.base/sun.nio.ch.SocketChannelImpl.finishConnect(SocketChannelImpl.java:973)
	at com.alibaba.nacos.shaded.io.grpc.netty.shaded.io.netty.channel.socket.nio.NioSocketChannel.doFinishConnect(NioSocketChannel.java:337)
	at com.alibaba.nacos.shaded.io.grpc.netty.shaded.io.netty.channel.nio.AbstractNioChannel$AbstractNioUnsafe.finishConnect(AbstractNioChannel.java:334)
	at com.alibaba.nacos.shaded.io.grpc.netty.shaded.io.netty.channel.nio.NioEventLoop.processSelectedKey(NioEventLoop.java:776)
	at com.alibaba.nacos.shaded.io.grpc.netty.shaded.io.netty.channel.nio.NioEventLoop.processSelectedKeysOptimized(NioEventLoop.java:724)
	at com.alibaba.nacos.shaded.io.grpc.netty.shaded.io.netty.channel.nio.NioEventLoop.processSelectedKeys(NioEventLoop.java:650)
	at com.alibaba.nacos.shaded.io.grpc.netty.shaded.io.netty.channel.nio.NioEventLoop.run(NioEventLoop.java:562)
	at com.alibaba.nacos.shaded.io.grpc.netty.shaded.io.netty.util.concurrent.SingleThreadEventExecutor$4.run(SingleThreadEventExecutor.java:997)
	at com.alibaba.nacos.shaded.io.grpc.netty.shaded.io.netty.util.internal.ThreadExecutorMap$2.run(ThreadExecutorMap.java:74)
	at com.alibaba.nacos.shaded.io.grpc.netty.shaded.io.netty.util.concurrent.FastThreadLocalRunnable.run(FastThreadLocalRunnable.java:30)
	at java.base/java.lang.Thread.run(Thread.java:1583)
2026-07-14 03:54:42.691 INFO  [wc-user] [traceId=none] [com.alibaba.nacos.client.remote.worker.1] c.alibaba.nacos.common.remote.client - [d194ed6e-d24e-4c53-be44-e9209553a88a] Fail to connect server, after trying 8 times, last try server is {serverIp = '127.0.0.1', server main port = 8848}, error = unknown
2026-07-14 03:54:43.593 INFO  [wc-user] [traceId=none] [com.alibaba.nacos.client.remote.worker.1] c.a.n.c.r.client.grpc.GrpcClient - grpc client connection server:127.0.0.1 ip,serverPort:9848,grpcTslConfig:{"sslProvider":"","enableTls":false,"mutualAuthEnable":false,"trustAll":false}
2026-07-14 03:54:43.597 ERROR [wc-user] [traceId=none] [com.alibaba.nacos.client.remote.worker.1] c.a.n.c.r.client.grpc.GrpcClient - Server check fail, please check server 127.0.0.1 ,port 9848 is available , error ={}
java.util.concurrent.ExecutionException: com.alibaba.nacos.shaded.io.grpc.StatusRuntimeException: UNAVAILABLE: io exception
	at com.alibaba.nacos.shaded.com.google.common.util.concurrent.AbstractFuture.getDoneValue(AbstractFuture.java:592)
	at com.alibaba.nacos.shaded.com.google.common.util.concurrent.AbstractFuture.get(AbstractFuture.java:467)
	at com.alibaba.nacos.common.remote.client.grpc.GrpcClient.serverCheck(GrpcClient.java:243)
	at com.alibaba.nacos.common.remote.client.grpc.GrpcClient.connectToServer(GrpcClient.java:367)
	at com.alibaba.nacos.common.remote.client.RpcClient.reconnect(RpcClient.java:502)
	at com.alibaba.nacos.common.remote.client.RpcClient.lambda$start$1(RpcClient.java:329)
	at java.base/java.util.concurrent.Executors$RunnableAdapter.call(Executors.java:572)
	at java.base/java.util.concurrent.FutureTask.run(FutureTask.java:317)
	at java.base/java.util.concurrent.ScheduledThreadPoolExecutor$ScheduledFutureTask.run(ScheduledThreadPoolExecutor.java:304)
	at java.base/java.util.concurrent.ThreadPoolExecutor.runWorker(ThreadPoolExecutor.java:1144)
	at java.base/java.util.concurrent.ThreadPoolExecutor$Worker.run(ThreadPoolExecutor.java:642)
	at java.base/java.lang.Thread.run(Thread.java:1583)
Caused by: com.alibaba.nacos.shaded.io.grpc.StatusRuntimeException: UNAVAILABLE: io exception
	at com.alibaba.nacos.shaded.io.grpc.Status.asRuntimeException(Status.java:537)
	at com.alibaba.nacos.shaded.io.grpc.stub.ClientCalls$UnaryStreamToFuture.onClose(ClientCalls.java:548)
	at com.alibaba.nacos.shaded.io.grpc.internal.DelayedClientCall$DelayedListener$3.run(DelayedClientCall.java:489)
	at com.alibaba.nacos.shaded.io.grpc.internal.DelayedClientCall$DelayedListener.delayOrExecute(DelayedClientCall.java:453)
	at com.alibaba.nacos.shaded.io.grpc.internal.DelayedClientCall$DelayedListener.onClose(DelayedClientCall.java:486)
	at com.alibaba.nacos.shaded.io.grpc.internal.ClientCallImpl.closeObserver(ClientCallImpl.java:567)
	at com.alibaba.nacos.shaded.io.grpc.internal.ClientCallImpl.access$300(ClientCallImpl.java:71)
	at com.alibaba.nacos.shaded.io.grpc.internal.ClientCallImpl$ClientStreamListenerImpl$1StreamClosed.runInternal(ClientCallImpl.java:735)
	at com.alibaba.nacos.shaded.io.grpc.internal.ClientCallImpl$ClientStreamListenerImpl$1StreamClosed.runInContext(ClientCallImpl.java:716)
	at com.alibaba.nacos.shaded.io.grpc.internal.ContextRunnable.run(ContextRunnable.java:37)
	at com.alibaba.nacos.shaded.io.grpc.internal.SerializingExecutor.run(SerializingExecutor.java:133)
	... 3 common frames omitted
Caused by: com.alibaba.nacos.shaded.io.grpc.netty.shaded.io.netty.channel.AbstractChannel$AnnotatedConnectException: Connection refused: getsockopt: /127.0.0.1:9848
Caused by: java.net.ConnectException: Connection refused: getsockopt
	at java.base/sun.nio.ch.Net.pollConnect(Native Method)
	at java.base/sun.nio.ch.Net.pollConnectNow(Net.java:690)
	at java.base/sun.nio.ch.SocketChannelImpl.finishConnect(SocketChannelImpl.java:973)
	at com.alibaba.nacos.shaded.io.grpc.netty.shaded.io.netty.channel.socket.nio.NioSocketChannel.doFinishConnect(NioSocketChannel.java:337)
	at com.alibaba.nacos.shaded.io.grpc.netty.shaded.io.netty.channel.nio.AbstractNioChannel$AbstractNioUnsafe.finishConnect(AbstractNioChannel.java:334)
	at com.alibaba.nacos.shaded.io.grpc.netty.shaded.io.netty.channel.nio.NioEventLoop.processSelectedKey(NioEventLoop.java:776)
	at com.alibaba.nacos.shaded.io.grpc.netty.shaded.io.netty.channel.nio.NioEventLoop.processSelectedKeysOptimized(NioEventLoop.java:724)
	at com.alibaba.nacos.shaded.io.grpc.netty.shaded.io.netty.channel.nio.NioEventLoop.processSelectedKeys(NioEventLoop.java:650)
	at com.alibaba.nacos.shaded.io.grpc.netty.shaded.io.netty.channel.nio.NioEventLoop.run(NioEventLoop.java:562)
	at com.alibaba.nacos.shaded.io.grpc.netty.shaded.io.netty.util.concurrent.SingleThreadEventExecutor$4.run(SingleThreadEventExecutor.java:997)
	at com.alibaba.nacos.shaded.io.grpc.netty.shaded.io.netty.util.internal.ThreadExecutorMap$2.run(ThreadExecutorMap.java:74)
	at com.alibaba.nacos.shaded.io.grpc.netty.shaded.io.netty.util.concurrent.FastThreadLocalRunnable.run(FastThreadLocalRunnable.java:30)
	at java.base/java.lang.Thread.run(Thread.java:1583)
2026-07-14 03:54:43.598 INFO  [wc-user] [traceId=none] [com.alibaba.nacos.client.remote.worker.1] c.alibaba.nacos.common.remote.client - [d194ed6e-d24e-4c53-be44-e9209553a88a] Fail to connect server, after trying 9 times, last try server is {serverIp = '127.0.0.1', server main port = 8848}, error = unknown
2026-07-14 03:54:44.601 INFO  [wc-user] [traceId=none] [com.alibaba.nacos.client.remote.worker.1] c.a.n.c.r.client.grpc.GrpcClient - grpc client connection server:127.0.0.1 ip,serverPort:9848,grpcTslConfig:{"sslProvider":"","enableTls":false,"mutualAuthEnable":false,"trustAll":false}
2026-07-14 03:54:44.605 ERROR [wc-user] [traceId=none] [com.alibaba.nacos.client.remote.worker.1] c.a.n.c.r.client.grpc.GrpcClient - Server check fail, please check server 127.0.0.1 ,port 9848 is available , error ={}
java.util.concurrent.ExecutionException: com.alibaba.nacos.shaded.io.grpc.StatusRuntimeException: UNAVAILABLE: io exception
	at com.alibaba.nacos.shaded.com.google.common.util.concurrent.AbstractFuture.getDoneValue(AbstractFuture.java:592)
	at com.alibaba.nacos.shaded.com.google.common.util.concurrent.AbstractFuture.get(AbstractFuture.java:467)
	at com.alibaba.nacos.common.remote.client.grpc.GrpcClient.serverCheck(GrpcClient.java:243)
	at com.alibaba.nacos.common.remote.client.grpc.GrpcClient.connectToServer(GrpcClient.java:367)
	at com.alibaba.nacos.common.remote.client.RpcClient.reconnect(RpcClient.java:502)
	at com.alibaba.nacos.common.remote.client.RpcClient.lambda$start$1(RpcClient.java:329)
	at java.base/java.util.concurrent.Executors$RunnableAdapter.call(Executors.java:572)
	at java.base/java.util.concurrent.FutureTask.run(FutureTask.java:317)
	at java.base/java.util.concurrent.ScheduledThreadPoolExecutor$ScheduledFutureTask.run(ScheduledThreadPoolExecutor.java:304)
	at java.base/java.util.concurrent.ThreadPoolExecutor.runWorker(ThreadPoolExecutor.java:1144)
	at java.base/java.util.concurrent.ThreadPoolExecutor$Worker.run(ThreadPoolExecutor.java:642)
	at java.base/java.lang.Thread.run(Thread.java:1583)
Caused by: com.alibaba.nacos.shaded.io.grpc.StatusRuntimeException: UNAVAILABLE: io exception
	at com.alibaba.nacos.shaded.io.grpc.Status.asRuntimeException(Status.java:537)
	at com.alibaba.nacos.shaded.io.grpc.stub.ClientCalls$UnaryStreamToFuture.onClose(ClientCalls.java:548)
	at com.alibaba.nacos.shaded.io.grpc.internal.DelayedClientCall$DelayedListener$3.run(DelayedClientCall.java:489)
	at com.alibaba.nacos.shaded.io.grpc.internal.DelayedClientCall$DelayedListener.delayOrExecute(DelayedClientCall.java:453)
	at com.alibaba.nacos.shaded.io.grpc.internal.DelayedClientCall$DelayedListener.onClose(DelayedClientCall.java:486)
	at com.alibaba.nacos.shaded.io.grpc.internal.ClientCallImpl.closeObserver(ClientCallImpl.java:567)
	at com.alibaba.nacos.shaded.io.grpc.internal.ClientCallImpl.access$300(ClientCallImpl.java:71)
	at com.alibaba.nacos.shaded.io.grpc.internal.ClientCallImpl$ClientStreamListenerImpl$1StreamClosed.runInternal(ClientCallImpl.java:735)
	at com.alibaba.nacos.shaded.io.grpc.internal.ClientCallImpl$ClientStreamListenerImpl$1StreamClosed.runInContext(ClientCallImpl.java:716)
	at com.alibaba.nacos.shaded.io.grpc.internal.ContextRunnable.run(ContextRunnable.java:37)
	at com.alibaba.nacos.shaded.io.grpc.internal.SerializingExecutor.run(SerializingExecutor.java:133)
	... 3 common frames omitted
Caused by: com.alibaba.nacos.shaded.io.grpc.netty.shaded.io.netty.channel.AbstractChannel$AnnotatedConnectException: Connection refused: getsockopt: /127.0.0.1:9848
Caused by: java.net.ConnectException: Connection refused: getsockopt
	at java.base/sun.nio.ch.Net.pollConnect(Native Method)
	at java.base/sun.nio.ch.Net.pollConnectNow(Net.java:690)
	at java.base/sun.nio.ch.SocketChannelImpl.finishConnect(SocketChannelImpl.java:973)
	at com.alibaba.nacos.shaded.io.grpc.netty.shaded.io.netty.channel.socket.nio.NioSocketChannel.doFinishConnect(NioSocketChannel.java:337)
	at com.alibaba.nacos.shaded.io.grpc.netty.shaded.io.netty.channel.nio.AbstractNioChannel$AbstractNioUnsafe.finishConnect(AbstractNioChannel.java:334)
	at com.alibaba.nacos.shaded.io.grpc.netty.shaded.io.netty.channel.nio.NioEventLoop.processSelectedKey(NioEventLoop.java:776)
	at com.alibaba.nacos.shaded.io.grpc.netty.shaded.io.netty.channel.nio.NioEventLoop.processSelectedKeysOptimized(NioEventLoop.java:724)
	at com.alibaba.nacos.shaded.io.grpc.netty.shaded.io.netty.channel.nio.NioEventLoop.processSelectedKeys(NioEventLoop.java:650)
	at com.alibaba.nacos.shaded.io.grpc.netty.shaded.io.netty.channel.nio.NioEventLoop.run(NioEventLoop.java:562)
	at com.alibaba.nacos.shaded.io.grpc.netty.shaded.io.netty.util.concurrent.SingleThreadEventExecutor$4.run(SingleThreadEventExecutor.java:997)
	at com.alibaba.nacos.shaded.io.grpc.netty.shaded.io.netty.util.internal.ThreadExecutorMap$2.run(ThreadExecutorMap.java:74)
	at com.alibaba.nacos.shaded.io.grpc.netty.shaded.io.netty.util.concurrent.FastThreadLocalRunnable.run(FastThreadLocalRunnable.java:30)
	at java.base/java.lang.Thread.run(Thread.java:1583)
2026-07-14 03:54:44.606 INFO  [wc-user] [traceId=none] [com.alibaba.nacos.client.remote.worker.1] c.alibaba.nacos.common.remote.client - [d194ed6e-d24e-4c53-be44-e9209553a88a] Fail to connect server, after trying 10 times, last try server is {serverIp = '127.0.0.1', server main port = 8848}, error = unknown
2026-07-14 03:54:45.711 INFO  [wc-user] [traceId=none] [com.alibaba.nacos.client.remote.worker.1] c.a.n.c.r.client.grpc.GrpcClient - grpc client connection server:127.0.0.1 ip,serverPort:9848,grpcTslConfig:{"sslProvider":"","enableTls":false,"mutualAuthEnable":false,"trustAll":false}
2026-07-14 03:54:45.715 ERROR [wc-user] [traceId=none] [com.alibaba.nacos.client.remote.worker.1] c.a.n.c.r.client.grpc.GrpcClient - Server check fail, please check server 127.0.0.1 ,port 9848 is available , error ={}
java.util.concurrent.ExecutionException: com.alibaba.nacos.shaded.io.grpc.StatusRuntimeException: UNAVAILABLE: io exception
	at com.alibaba.nacos.shaded.com.google.common.util.concurrent.AbstractFuture.getDoneValue(AbstractFuture.java:592)
	at com.alibaba.nacos.shaded.com.google.common.util.concurrent.AbstractFuture.get(AbstractFuture.java:467)
	at com.alibaba.nacos.common.remote.client.grpc.GrpcClient.serverCheck(GrpcClient.java:243)
	at com.alibaba.nacos.common.remote.client.grpc.GrpcClient.connectToServer(GrpcClient.java:367)
	at com.alibaba.nacos.common.remote.client.RpcClient.reconnect(RpcClient.java:502)
	at com.alibaba.nacos.common.remote.client.RpcClient.lambda$start$1(RpcClient.java:329)
	at java.base/java.util.concurrent.Executors$RunnableAdapter.call(Executors.java:572)
	at java.base/java.util.concurrent.FutureTask.run(FutureTask.java:317)
	at java.base/java.util.concurrent.ScheduledThreadPoolExecutor$ScheduledFutureTask.run(ScheduledThreadPoolExecutor.java:304)
	at java.base/java.util.concurrent.ThreadPoolExecutor.runWorker(ThreadPoolExecutor.java:1144)
	at java.base/java.util.concurrent.ThreadPoolExecutor$Worker.run(ThreadPoolExecutor.java:642)
	at java.base/java.lang.Thread.run(Thread.java:1583)
Caused by: com.alibaba.nacos.shaded.io.grpc.StatusRuntimeException: UNAVAILABLE: io exception
	at com.alibaba.nacos.shaded.io.grpc.Status.asRuntimeException(Status.java:537)
	at com.alibaba.nacos.shaded.io.grpc.stub.ClientCalls$UnaryStreamToFuture.onClose(ClientCalls.java:548)
	at com.alibaba.nacos.shaded.io.grpc.internal.DelayedClientCall$DelayedListener$3.run(DelayedClientCall.java:489)
	at com.alibaba.nacos.shaded.io.grpc.internal.DelayedClientCall$DelayedListener.delayOrExecute(DelayedClientCall.java:453)
	at com.alibaba.nacos.shaded.io.grpc.internal.DelayedClientCall$DelayedListener.onClose(DelayedClientCall.java:486)
	at com.alibaba.nacos.shaded.io.grpc.internal.ClientCallImpl.closeObserver(ClientCallImpl.java:567)
	at com.alibaba.nacos.shaded.io.grpc.internal.ClientCallImpl.access$300(ClientCallImpl.java:71)
	at com.alibaba.nacos.shaded.io.grpc.internal.ClientCallImpl$ClientStreamListenerImpl$1StreamClosed.runInternal(ClientCallImpl.java:735)
	at com.alibaba.nacos.shaded.io.grpc.internal.ClientCallImpl$ClientStreamListenerImpl$1StreamClosed.runInContext(ClientCallImpl.java:716)
	at com.alibaba.nacos.shaded.io.grpc.internal.ContextRunnable.run(ContextRunnable.java:37)
	at com.alibaba.nacos.shaded.io.grpc.internal.SerializingExecutor.run(SerializingExecutor.java:133)
	... 3 common frames omitted
Caused by: com.alibaba.nacos.shaded.io.grpc.netty.shaded.io.netty.channel.AbstractChannel$AnnotatedConnectException: Connection refused: getsockopt: /127.0.0.1:9848
Caused by: java.net.ConnectException: Connection refused: getsockopt
	at java.base/sun.nio.ch.Net.pollConnect(Native Method)
	at java.base/sun.nio.ch.Net.pollConnectNow(Net.java:690)
	at java.base/sun.nio.ch.SocketChannelImpl.finishConnect(SocketChannelImpl.java:973)
	at com.alibaba.nacos.shaded.io.grpc.netty.shaded.io.netty.channel.socket.nio.NioSocketChannel.doFinishConnect(NioSocketChannel.java:337)
	at com.alibaba.nacos.shaded.io.grpc.netty.shaded.io.netty.channel.nio.AbstractNioChannel$AbstractNioUnsafe.finishConnect(AbstractNioChannel.java:334)
	at com.alibaba.nacos.shaded.io.grpc.netty.shaded.io.netty.channel.nio.NioEventLoop.processSelectedKey(NioEventLoop.java:776)
	at com.alibaba.nacos.shaded.io.grpc.netty.shaded.io.netty.channel.nio.NioEventLoop.processSelectedKeysOptimized(NioEventLoop.java:724)
	at com.alibaba.nacos.shaded.io.grpc.netty.shaded.io.netty.channel.nio.NioEventLoop.processSelectedKeys(NioEventLoop.java:650)
	at com.alibaba.nacos.shaded.io.grpc.netty.shaded.io.netty.channel.nio.NioEventLoop.run(NioEventLoop.java:562)
	at com.alibaba.nacos.shaded.io.grpc.netty.shaded.io.netty.util.concurrent.SingleThreadEventExecutor$4.run(SingleThreadEventExecutor.java:997)
	at com.alibaba.nacos.shaded.io.grpc.netty.shaded.io.netty.util.internal.ThreadExecutorMap$2.run(ThreadExecutorMap.java:74)
	at com.alibaba.nacos.shaded.io.grpc.netty.shaded.io.netty.util.concurrent.FastThreadLocalRunnable.run(FastThreadLocalRunnable.java:30)
	at java.base/java.lang.Thread.run(Thread.java:1583)
2026-07-14 03:54:45.715 INFO  [wc-user] [traceId=none] [com.alibaba.nacos.client.remote.worker.1] c.alibaba.nacos.common.remote.client - [d194ed6e-d24e-4c53-be44-e9209553a88a] Fail to connect server, after trying 11 times, last try server is {serverIp = '127.0.0.1', server main port = 8848}, error = unknown
2026-07-14 03:54:46.930 INFO  [wc-user] [traceId=none] [com.alibaba.nacos.client.remote.worker.1] c.a.n.c.r.client.grpc.GrpcClient - grpc client connection server:127.0.0.1 ip,serverPort:9848,grpcTslConfig:{"sslProvider":"","enableTls":false,"mutualAuthEnable":false,"trustAll":false}
2026-07-14 03:54:46.934 ERROR [wc-user] [traceId=none] [com.alibaba.nacos.client.remote.worker.1] c.a.n.c.r.client.grpc.GrpcClient - Server check fail, please check server 127.0.0.1 ,port 9848 is available , error ={}
java.util.concurrent.ExecutionException: com.alibaba.nacos.shaded.io.grpc.StatusRuntimeException: UNAVAILABLE: io exception
	at com.alibaba.nacos.shaded.com.google.common.util.concurrent.AbstractFuture.getDoneValue(AbstractFuture.java:592)
	at com.alibaba.nacos.shaded.com.google.common.util.concurrent.AbstractFuture.get(AbstractFuture.java:467)
	at com.alibaba.nacos.common.remote.client.grpc.GrpcClient.serverCheck(GrpcClient.java:243)
	at com.alibaba.nacos.common.remote.client.grpc.GrpcClient.connectToServer(GrpcClient.java:367)
	at com.alibaba.nacos.common.remote.client.RpcClient.reconnect(RpcClient.java:502)
	at com.alibaba.nacos.common.remote.client.RpcClient.lambda$start$1(RpcClient.java:329)
	at java.base/java.util.concurrent.Executors$RunnableAdapter.call(Executors.java:572)
	at java.base/java.util.concurrent.FutureTask.run(FutureTask.java:317)
	at java.base/java.util.concurrent.ScheduledThreadPoolExecutor$ScheduledFutureTask.run(ScheduledThreadPoolExecutor.java:304)
	at java.base/java.util.concurrent.ThreadPoolExecutor.runWorker(ThreadPoolExecutor.java:1144)
	at java.base/java.util.concurrent.ThreadPoolExecutor$Worker.run(ThreadPoolExecutor.java:642)
	at java.base/java.lang.Thread.run(Thread.java:1583)
Caused by: com.alibaba.nacos.shaded.io.grpc.StatusRuntimeException: UNAVAILABLE: io exception
	at com.alibaba.nacos.shaded.io.grpc.Status.asRuntimeException(Status.java:537)
	at com.alibaba.nacos.shaded.io.grpc.stub.ClientCalls$UnaryStreamToFuture.onClose(ClientCalls.java:548)
	at com.alibaba.nacos.shaded.io.grpc.internal.DelayedClientCall$DelayedListener$3.run(DelayedClientCall.java:489)
	at com.alibaba.nacos.shaded.io.grpc.internal.DelayedClientCall$DelayedListener.delayOrExecute(DelayedClientCall.java:453)
	at com.alibaba.nacos.shaded.io.grpc.internal.DelayedClientCall$DelayedListener.onClose(DelayedClientCall.java:486)
	at com.alibaba.nacos.shaded.io.grpc.internal.ClientCallImpl.closeObserver(ClientCallImpl.java:567)
	at com.alibaba.nacos.shaded.io.grpc.internal.ClientCallImpl.access$300(ClientCallImpl.java:71)
	at com.alibaba.nacos.shaded.io.grpc.internal.ClientCallImpl$ClientStreamListenerImpl$1StreamClosed.runInternal(ClientCallImpl.java:735)
	at com.alibaba.nacos.shaded.io.grpc.internal.ClientCallImpl$ClientStreamListenerImpl$1StreamClosed.runInContext(ClientCallImpl.java:716)
	at com.alibaba.nacos.shaded.io.grpc.internal.ContextRunnable.run(ContextRunnable.java:37)
	at com.alibaba.nacos.shaded.io.grpc.internal.SerializingExecutor.run(SerializingExecutor.java:133)
	... 3 common frames omitted
Caused by: com.alibaba.nacos.shaded.io.grpc.netty.shaded.io.netty.channel.AbstractChannel$AnnotatedConnectException: Connection refused: getsockopt: /127.0.0.1:9848
Caused by: java.net.ConnectException: Connection refused: getsockopt
	at java.base/sun.nio.ch.Net.pollConnect(Native Method)
	at java.base/sun.nio.ch.Net.pollConnectNow(Net.java:690)
	at java.base/sun.nio.ch.SocketChannelImpl.finishConnect(SocketChannelImpl.java:973)
	at com.alibaba.nacos.shaded.io.grpc.netty.shaded.io.netty.channel.socket.nio.NioSocketChannel.doFinishConnect(NioSocketChannel.java:337)
	at com.alibaba.nacos.shaded.io.grpc.netty.shaded.io.netty.channel.nio.AbstractNioChannel$AbstractNioUnsafe.finishConnect(AbstractNioChannel.java:334)
	at com.alibaba.nacos.shaded.io.grpc.netty.shaded.io.netty.channel.nio.NioEventLoop.processSelectedKey(NioEventLoop.java:776)
	at com.alibaba.nacos.shaded.io.grpc.netty.shaded.io.netty.channel.nio.NioEventLoop.processSelectedKeysOptimized(NioEventLoop.java:724)
	at com.alibaba.nacos.shaded.io.grpc.netty.shaded.io.netty.channel.nio.NioEventLoop.processSelectedKeys(NioEventLoop.java:650)
	at com.alibaba.nacos.shaded.io.grpc.netty.shaded.io.netty.channel.nio.NioEventLoop.run(NioEventLoop.java:562)
	at com.alibaba.nacos.shaded.io.grpc.netty.shaded.io.netty.util.concurrent.SingleThreadEventExecutor$4.run(SingleThreadEventExecutor.java:997)
	at com.alibaba.nacos.shaded.io.grpc.netty.shaded.io.netty.util.internal.ThreadExecutorMap$2.run(ThreadExecutorMap.java:74)
	at com.alibaba.nacos.shaded.io.grpc.netty.shaded.io.netty.util.concurrent.FastThreadLocalRunnable.run(FastThreadLocalRunnable.java:30)
	at java.base/java.lang.Thread.run(Thread.java:1583)
2026-07-14 03:54:46.934 INFO  [wc-user] [traceId=none] [com.alibaba.nacos.client.remote.worker.1] c.alibaba.nacos.common.remote.client - [d194ed6e-d24e-4c53-be44-e9209553a88a] Fail to connect server, after trying 12 times, last try server is {serverIp = '127.0.0.1', server main port = 8848}, error = unknown
2026-07-14 03:54:48.236 INFO  [wc-user] [traceId=none] [com.alibaba.nacos.client.remote.worker.1] c.a.n.c.r.client.grpc.GrpcClient - grpc client connection server:127.0.0.1 ip,serverPort:9848,grpcTslConfig:{"sslProvider":"","enableTls":false,"mutualAuthEnable":false,"trustAll":false}
2026-07-14 03:54:48.239 ERROR [wc-user] [traceId=none] [com.alibaba.nacos.client.remote.worker.1] c.a.n.c.r.client.grpc.GrpcClient - Server check fail, please check server 127.0.0.1 ,port 9848 is available , error ={}
java.util.concurrent.ExecutionException: com.alibaba.nacos.shaded.io.grpc.StatusRuntimeException: UNAVAILABLE: io exception
	at com.alibaba.nacos.shaded.com.google.common.util.concurrent.AbstractFuture.getDoneValue(AbstractFuture.java:592)
	at com.alibaba.nacos.shaded.com.google.common.util.concurrent.AbstractFuture.get(AbstractFuture.java:467)
	at com.alibaba.nacos.common.remote.client.grpc.GrpcClient.serverCheck(GrpcClient.java:243)
	at com.alibaba.nacos.common.remote.client.grpc.GrpcClient.connectToServer(GrpcClient.java:367)
	at com.alibaba.nacos.common.remote.client.RpcClient.reconnect(RpcClient.java:502)
	at com.alibaba.nacos.common.remote.client.RpcClient.lambda$start$1(RpcClient.java:329)
	at java.base/java.util.concurrent.Executors$RunnableAdapter.call(Executors.java:572)
	at java.base/java.util.concurrent.FutureTask.run(FutureTask.java:317)
	at java.base/java.util.concurrent.ScheduledThreadPoolExecutor$ScheduledFutureTask.run(ScheduledThreadPoolExecutor.java:304)
	at java.base/java.util.concurrent.ThreadPoolExecutor.runWorker(ThreadPoolExecutor.java:1144)
	at java.base/java.util.concurrent.ThreadPoolExecutor$Worker.run(ThreadPoolExecutor.java:642)
	at java.base/java.lang.Thread.run(Thread.java:1583)
Caused by: com.alibaba.nacos.shaded.io.grpc.StatusRuntimeException: UNAVAILABLE: io exception
	at com.alibaba.nacos.shaded.io.grpc.Status.asRuntimeException(Status.java:537)
	at com.alibaba.nacos.shaded.io.grpc.stub.ClientCalls$UnaryStreamToFuture.onClose(ClientCalls.java:548)
	at com.alibaba.nacos.shaded.io.grpc.internal.DelayedClientCall$DelayedListener$3.run(DelayedClientCall.java:489)
	at com.alibaba.nacos.shaded.io.grpc.internal.DelayedClientCall$DelayedListener.delayOrExecute(DelayedClientCall.java:453)
	at com.alibaba.nacos.shaded.io.grpc.internal.DelayedClientCall$DelayedListener.onClose(DelayedClientCall.java:486)
	at com.alibaba.nacos.shaded.io.grpc.internal.ClientCallImpl.closeObserver(ClientCallImpl.java:567)
	at com.alibaba.nacos.shaded.io.grpc.internal.ClientCallImpl.access$300(ClientCallImpl.java:71)
	at com.alibaba.nacos.shaded.io.grpc.internal.ClientCallImpl$ClientStreamListenerImpl$1StreamClosed.runInternal(ClientCallImpl.java:735)
	at com.alibaba.nacos.shaded.io.grpc.internal.ClientCallImpl$ClientStreamListenerImpl$1StreamClosed.runInContext(ClientCallImpl.java:716)
	at com.alibaba.nacos.shaded.io.grpc.internal.ContextRunnable.run(ContextRunnable.java:37)
	at com.alibaba.nacos.shaded.io.grpc.internal.SerializingExecutor.run(SerializingExecutor.java:133)
	... 3 common frames omitted
Caused by: com.alibaba.nacos.shaded.io.grpc.netty.shaded.io.netty.channel.AbstractChannel$AnnotatedConnectException: Connection refused: getsockopt: /127.0.0.1:9848
Caused by: java.net.ConnectException: Connection refused: getsockopt
	at java.base/sun.nio.ch.Net.pollConnect(Native Method)
	at java.base/sun.nio.ch.Net.pollConnectNow(Net.java:690)
	at java.base/sun.nio.ch.SocketChannelImpl.finishConnect(SocketChannelImpl.java:973)
	at com.alibaba.nacos.shaded.io.grpc.netty.shaded.io.netty.channel.socket.nio.NioSocketChannel.doFinishConnect(NioSocketChannel.java:337)
	at com.alibaba.nacos.shaded.io.grpc.netty.shaded.io.netty.channel.nio.AbstractNioChannel$AbstractNioUnsafe.finishConnect(AbstractNioChannel.java:334)
	at com.alibaba.nacos.shaded.io.grpc.netty.shaded.io.netty.channel.nio.NioEventLoop.processSelectedKey(NioEventLoop.java:776)
	at com.alibaba.nacos.shaded.io.grpc.netty.shaded.io.netty.channel.nio.NioEventLoop.processSelectedKeysOptimized(NioEventLoop.java:724)
	at com.alibaba.nacos.shaded.io.grpc.netty.shaded.io.netty.channel.nio.NioEventLoop.processSelectedKeys(NioEventLoop.java:650)
	at com.alibaba.nacos.shaded.io.grpc.netty.shaded.io.netty.channel.nio.NioEventLoop.run(NioEventLoop.java:562)
	at com.alibaba.nacos.shaded.io.grpc.netty.shaded.io.netty.util.concurrent.SingleThreadEventExecutor$4.run(SingleThreadEventExecutor.java:997)
	at com.alibaba.nacos.shaded.io.grpc.netty.shaded.io.netty.util.internal.ThreadExecutorMap$2.run(ThreadExecutorMap.java:74)
	at com.alibaba.nacos.shaded.io.grpc.netty.shaded.io.netty.util.concurrent.FastThreadLocalRunnable.run(FastThreadLocalRunnable.java:30)
	at java.base/java.lang.Thread.run(Thread.java:1583)
2026-07-14 03:54:48.240 INFO  [wc-user] [traceId=none] [com.alibaba.nacos.client.remote.worker.1] c.alibaba.nacos.common.remote.client - [d194ed6e-d24e-4c53-be44-e9209553a88a] Fail to connect server, after trying 13 times, last try server is {serverIp = '127.0.0.1', server main port = 8848}, error = unknown
2026-07-14 03:54:49.653 INFO  [wc-user] [traceId=none] [com.alibaba.nacos.client.remote.worker.1] c.a.n.c.r.client.grpc.GrpcClient - grpc client connection server:127.0.0.1 ip,serverPort:9848,grpcTslConfig:{"sslProvider":"","enableTls":false,"mutualAuthEnable":false,"trustAll":false}
2026-07-14 03:54:49.656 ERROR [wc-user] [traceId=none] [com.alibaba.nacos.client.remote.worker.1] c.a.n.c.r.client.grpc.GrpcClient - Server check fail, please check server 127.0.0.1 ,port 9848 is available , error ={}
java.util.concurrent.ExecutionException: com.alibaba.nacos.shaded.io.grpc.StatusRuntimeException: UNAVAILABLE: io exception
	at com.alibaba.nacos.shaded.com.google.common.util.concurrent.AbstractFuture.getDoneValue(AbstractFuture.java:592)
	at com.alibaba.nacos.shaded.com.google.common.util.concurrent.AbstractFuture.get(AbstractFuture.java:467)
	at com.alibaba.nacos.common.remote.client.grpc.GrpcClient.serverCheck(GrpcClient.java:243)
	at com.alibaba.nacos.common.remote.client.grpc.GrpcClient.connectToServer(GrpcClient.java:367)
	at com.alibaba.nacos.common.remote.client.RpcClient.reconnect(RpcClient.java:502)
	at com.alibaba.nacos.common.remote.client.RpcClient.lambda$start$1(RpcClient.java:329)
	at java.base/java.util.concurrent.Executors$RunnableAdapter.call(Executors.java:572)
	at java.base/java.util.concurrent.FutureTask.run(FutureTask.java:317)
	at java.base/java.util.concurrent.ScheduledThreadPoolExecutor$ScheduledFutureTask.run(ScheduledThreadPoolExecutor.java:304)
	at java.base/java.util.concurrent.ThreadPoolExecutor.runWorker(ThreadPoolExecutor.java:1144)
	at java.base/java.util.concurrent.ThreadPoolExecutor$Worker.run(ThreadPoolExecutor.java:642)
	at java.base/java.lang.Thread.run(Thread.java:1583)
Caused by: com.alibaba.nacos.shaded.io.grpc.StatusRuntimeException: UNAVAILABLE: io exception
	at com.alibaba.nacos.shaded.io.grpc.Status.asRuntimeException(Status.java:537)
	at com.alibaba.nacos.shaded.io.grpc.stub.ClientCalls$UnaryStreamToFuture.onClose(ClientCalls.java:548)
	at com.alibaba.nacos.shaded.io.grpc.internal.DelayedClientCall$DelayedListener$3.run(DelayedClientCall.java:489)
	at com.alibaba.nacos.shaded.io.grpc.internal.DelayedClientCall$DelayedListener.delayOrExecute(DelayedClientCall.java:453)
	at com.alibaba.nacos.shaded.io.grpc.internal.DelayedClientCall$DelayedListener.onClose(DelayedClientCall.java:486)
	at com.alibaba.nacos.shaded.io.grpc.internal.ClientCallImpl.closeObserver(ClientCallImpl.java:567)
	at com.alibaba.nacos.shaded.io.grpc.internal.ClientCallImpl.access$300(ClientCallImpl.java:71)
	at com.alibaba.nacos.shaded.io.grpc.internal.ClientCallImpl$ClientStreamListenerImpl$1StreamClosed.runInternal(ClientCallImpl.java:735)
	at com.alibaba.nacos.shaded.io.grpc.internal.ClientCallImpl$ClientStreamListenerImpl$1StreamClosed.runInContext(ClientCallImpl.java:716)
	at com.alibaba.nacos.shaded.io.grpc.internal.ContextRunnable.run(ContextRunnable.java:37)
	at com.alibaba.nacos.shaded.io.grpc.internal.SerializingExecutor.run(SerializingExecutor.java:133)
	... 3 common frames omitted
Caused by: com.alibaba.nacos.shaded.io.grpc.netty.shaded.io.netty.channel.AbstractChannel$AnnotatedConnectException: Connection refused: getsockopt: /127.0.0.1:9848
Caused by: java.net.ConnectException: Connection refused: getsockopt
	at java.base/sun.nio.ch.Net.pollConnect(Native Method)
	at java.base/sun.nio.ch.Net.pollConnectNow(Net.java:690)
	at java.base/sun.nio.ch.SocketChannelImpl.finishConnect(SocketChannelImpl.java:973)
	at com.alibaba.nacos.shaded.io.grpc.netty.shaded.io.netty.channel.socket.nio.NioSocketChannel.doFinishConnect(NioSocketChannel.java:337)
	at com.alibaba.nacos.shaded.io.grpc.netty.shaded.io.netty.channel.nio.AbstractNioChannel$AbstractNioUnsafe.finishConnect(AbstractNioChannel.java:334)
	at com.alibaba.nacos.shaded.io.grpc.netty.shaded.io.netty.channel.nio.NioEventLoop.processSelectedKey(NioEventLoop.java:776)
	at com.alibaba.nacos.shaded.io.grpc.netty.shaded.io.netty.channel.nio.NioEventLoop.processSelectedKeysOptimized(NioEventLoop.java:724)
	at com.alibaba.nacos.shaded.io.grpc.netty.shaded.io.netty.channel.nio.NioEventLoop.processSelectedKeys(NioEventLoop.java:650)
	at com.alibaba.nacos.shaded.io.grpc.netty.shaded.io.netty.channel.nio.NioEventLoop.run(NioEventLoop.java:562)
	at com.alibaba.nacos.shaded.io.grpc.netty.shaded.io.netty.util.concurrent.SingleThreadEventExecutor$4.run(SingleThreadEventExecutor.java:997)
	at com.alibaba.nacos.shaded.io.grpc.netty.shaded.io.netty.util.internal.ThreadExecutorMap$2.run(ThreadExecutorMap.java:74)
	at com.alibaba.nacos.shaded.io.grpc.netty.shaded.io.netty.util.concurrent.FastThreadLocalRunnable.run(FastThreadLocalRunnable.java:30)
	at java.base/java.lang.Thread.run(Thread.java:1583)
2026-07-14 03:54:49.657 INFO  [wc-user] [traceId=none] [com.alibaba.nacos.client.remote.worker.1] c.alibaba.nacos.common.remote.client - [d194ed6e-d24e-4c53-be44-e9209553a88a] Fail to connect server, after trying 14 times, last try server is {serverIp = '127.0.0.1', server main port = 8848}, error = unknown
2026-07-14 03:54:51.164 INFO  [wc-user] [traceId=none] [com.alibaba.nacos.client.remote.worker.1] c.a.n.c.r.client.grpc.GrpcClient - grpc client connection server:127.0.0.1 ip,serverPort:9848,grpcTslConfig:{"sslProvider":"","enableTls":false,"mutualAuthEnable":false,"trustAll":false}
2026-07-14 03:54:51.167 ERROR [wc-user] [traceId=none] [com.alibaba.nacos.client.remote.worker.1] c.a.n.c.r.client.grpc.GrpcClient - Server check fail, please check server 127.0.0.1 ,port 9848 is available , error ={}
java.util.concurrent.ExecutionException: com.alibaba.nacos.shaded.io.grpc.StatusRuntimeException: UNAVAILABLE: io exception
	at com.alibaba.nacos.shaded.com.google.common.util.concurrent.AbstractFuture.getDoneValue(AbstractFuture.java:592)
	at com.alibaba.nacos.shaded.com.google.common.util.concurrent.AbstractFuture.get(AbstractFuture.java:467)
	at com.alibaba.nacos.common.remote.client.grpc.GrpcClient.serverCheck(GrpcClient.java:243)
	at com.alibaba.nacos.common.remote.client.grpc.GrpcClient.connectToServer(GrpcClient.java:367)
	at com.alibaba.nacos.common.remote.client.RpcClient.reconnect(RpcClient.java:502)
	at com.alibaba.nacos.common.remote.client.RpcClient.lambda$start$1(RpcClient.java:329)
	at java.base/java.util.concurrent.Executors$RunnableAdapter.call(Executors.java:572)
	at java.base/java.util.concurrent.FutureTask.run(FutureTask.java:317)
	at java.base/java.util.concurrent.ScheduledThreadPoolExecutor$ScheduledFutureTask.run(ScheduledThreadPoolExecutor.java:304)
	at java.base/java.util.concurrent.ThreadPoolExecutor.runWorker(ThreadPoolExecutor.java:1144)
	at java.base/java.util.concurrent.ThreadPoolExecutor$Worker.run(ThreadPoolExecutor.java:642)
	at java.base/java.lang.Thread.run(Thread.java:1583)
Caused by: com.alibaba.nacos.shaded.io.grpc.StatusRuntimeException: UNAVAILABLE: io exception
	at com.alibaba.nacos.shaded.io.grpc.Status.asRuntimeException(Status.java:537)
	at com.alibaba.nacos.shaded.io.grpc.stub.ClientCalls$UnaryStreamToFuture.onClose(ClientCalls.java:548)
	at com.alibaba.nacos.shaded.io.grpc.internal.DelayedClientCall$DelayedListener$3.run(DelayedClientCall.java:489)
	at com.alibaba.nacos.shaded.io.grpc.internal.DelayedClientCall$DelayedListener.delayOrExecute(DelayedClientCall.java:453)
	at com.alibaba.nacos.shaded.io.grpc.internal.DelayedClientCall$DelayedListener.onClose(DelayedClientCall.java:486)
	at com.alibaba.nacos.shaded.io.grpc.internal.ClientCallImpl.closeObserver(ClientCallImpl.java:567)
	at com.alibaba.nacos.shaded.io.grpc.internal.ClientCallImpl.access$300(ClientCallImpl.java:71)
	at com.alibaba.nacos.shaded.io.grpc.internal.ClientCallImpl$ClientStreamListenerImpl$1StreamClosed.runInternal(ClientCallImpl.java:735)
	at com.alibaba.nacos.shaded.io.grpc.internal.ClientCallImpl$ClientStreamListenerImpl$1StreamClosed.runInContext(ClientCallImpl.java:716)
	at com.alibaba.nacos.shaded.io.grpc.internal.ContextRunnable.run(ContextRunnable.java:37)
	at com.alibaba.nacos.shaded.io.grpc.internal.SerializingExecutor.run(SerializingExecutor.java:133)
	... 3 common frames omitted
Caused by: com.alibaba.nacos.shaded.io.grpc.netty.shaded.io.netty.channel.AbstractChannel$AnnotatedConnectException: Connection refused: getsockopt: /127.0.0.1:9848
Caused by: java.net.ConnectException: Connection refused: getsockopt
	at java.base/sun.nio.ch.Net.pollConnect(Native Method)
	at java.base/sun.nio.ch.Net.pollConnectNow(Net.java:690)
	at java.base/sun.nio.ch.SocketChannelImpl.finishConnect(SocketChannelImpl.java:973)
	at com.alibaba.nacos.shaded.io.grpc.netty.shaded.io.netty.channel.socket.nio.NioSocketChannel.doFinishConnect(NioSocketChannel.java:337)
	at com.alibaba.nacos.shaded.io.grpc.netty.shaded.io.netty.channel.nio.AbstractNioChannel$AbstractNioUnsafe.finishConnect(AbstractNioChannel.java:334)
	at com.alibaba.nacos.shaded.io.grpc.netty.shaded.io.netty.channel.nio.NioEventLoop.processSelectedKey(NioEventLoop.java:776)
	at com.alibaba.nacos.shaded.io.grpc.netty.shaded.io.netty.channel.nio.NioEventLoop.processSelectedKeysOptimized(NioEventLoop.java:724)
	at com.alibaba.nacos.shaded.io.grpc.netty.shaded.io.netty.channel.nio.NioEventLoop.processSelectedKeys(NioEventLoop.java:650)
	at com.alibaba.nacos.shaded.io.grpc.netty.shaded.io.netty.channel.nio.NioEventLoop.run(NioEventLoop.java:562)
	at com.alibaba.nacos.shaded.io.grpc.netty.shaded.io.netty.util.concurrent.SingleThreadEventExecutor$4.run(SingleThreadEventExecutor.java:997)
	at com.alibaba.nacos.shaded.io.grpc.netty.shaded.io.netty.util.internal.ThreadExecutorMap$2.run(ThreadExecutorMap.java:74)
	at com.alibaba.nacos.shaded.io.grpc.netty.shaded.io.netty.util.concurrent.FastThreadLocalRunnable.run(FastThreadLocalRunnable.java:30)
	at java.base/java.lang.Thread.run(Thread.java:1583)
2026-07-14 03:54:51.168 INFO  [wc-user] [traceId=none] [com.alibaba.nacos.client.remote.worker.1] c.alibaba.nacos.common.remote.client - [d194ed6e-d24e-4c53-be44-e9209553a88a] Fail to connect server, after trying 15 times, last try server is {serverIp = '127.0.0.1', server main port = 8848}, error = unknown
2026-07-14 03:54:52.780 INFO  [wc-user] [traceId=none] [com.alibaba.nacos.client.remote.worker.1] c.a.n.c.r.client.grpc.GrpcClient - grpc client connection server:127.0.0.1 ip,serverPort:9848,grpcTslConfig:{"sslProvider":"","enableTls":false,"mutualAuthEnable":false,"trustAll":false}
2026-07-14 03:54:52.783 ERROR [wc-user] [traceId=none] [com.alibaba.nacos.client.remote.worker.1] c.a.n.c.r.client.grpc.GrpcClient - Server check fail, please check server 127.0.0.1 ,port 9848 is available , error ={}
java.util.concurrent.ExecutionException: com.alibaba.nacos.shaded.io.grpc.StatusRuntimeException: UNAVAILABLE: io exception
	at com.alibaba.nacos.shaded.com.google.common.util.concurrent.AbstractFuture.getDoneValue(AbstractFuture.java:592)
	at com.alibaba.nacos.shaded.com.google.common.util.concurrent.AbstractFuture.get(AbstractFuture.java:467)
	at com.alibaba.nacos.common.remote.client.grpc.GrpcClient.serverCheck(GrpcClient.java:243)
	at com.alibaba.nacos.common.remote.client.grpc.GrpcClient.connectToServer(GrpcClient.java:367)
	at com.alibaba.nacos.common.remote.client.RpcClient.reconnect(RpcClient.java:502)
	at com.alibaba.nacos.common.remote.client.RpcClient.lambda$start$1(RpcClient.java:329)
	at java.base/java.util.concurrent.Executors$RunnableAdapter.call(Executors.java:572)
	at java.base/java.util.concurrent.FutureTask.run(FutureTask.java:317)
	at java.base/java.util.concurrent.ScheduledThreadPoolExecutor$ScheduledFutureTask.run(ScheduledThreadPoolExecutor.java:304)
	at java.base/java.util.concurrent.ThreadPoolExecutor.runWorker(ThreadPoolExecutor.java:1144)
	at java.base/java.util.concurrent.ThreadPoolExecutor$Worker.run(ThreadPoolExecutor.java:642)
	at java.base/java.lang.Thread.run(Thread.java:1583)
Caused by: com.alibaba.nacos.shaded.io.grpc.StatusRuntimeException: UNAVAILABLE: io exception
	at com.alibaba.nacos.shaded.io.grpc.Status.asRuntimeException(Status.java:537)
	at com.alibaba.nacos.shaded.io.grpc.stub.ClientCalls$UnaryStreamToFuture.onClose(ClientCalls.java:548)
	at com.alibaba.nacos.shaded.io.grpc.internal.DelayedClientCall$DelayedListener$3.run(DelayedClientCall.java:489)
	at com.alibaba.nacos.shaded.io.grpc.internal.DelayedClientCall$DelayedListener.delayOrExecute(DelayedClientCall.java:453)
	at com.alibaba.nacos.shaded.io.grpc.internal.DelayedClientCall$DelayedListener.onClose(DelayedClientCall.java:486)
	at com.alibaba.nacos.shaded.io.grpc.internal.ClientCallImpl.closeObserver(ClientCallImpl.java:567)
	at com.alibaba.nacos.shaded.io.grpc.internal.ClientCallImpl.access$300(ClientCallImpl.java:71)
	at com.alibaba.nacos.shaded.io.grpc.internal.ClientCallImpl$ClientStreamListenerImpl$1StreamClosed.runInternal(ClientCallImpl.java:735)
	at com.alibaba.nacos.shaded.io.grpc.internal.ClientCallImpl$ClientStreamListenerImpl$1StreamClosed.runInContext(ClientCallImpl.java:716)
	at com.alibaba.nacos.shaded.io.grpc.internal.ContextRunnable.run(ContextRunnable.java:37)
	at com.alibaba.nacos.shaded.io.grpc.internal.SerializingExecutor.run(SerializingExecutor.java:133)
	... 3 common frames omitted
Caused by: com.alibaba.nacos.shaded.io.grpc.netty.shaded.io.netty.channel.AbstractChannel$AnnotatedConnectException: Connection refused: getsockopt: /127.0.0.1:9848
Caused by: java.net.ConnectException: Connection refused: getsockopt
	at java.base/sun.nio.ch.Net.pollConnect(Native Method)
	at java.base/sun.nio.ch.Net.pollConnectNow(Net.java:690)
	at java.base/sun.nio.ch.SocketChannelImpl.finishConnect(SocketChannelImpl.java:973)
	at com.alibaba.nacos.shaded.io.grpc.netty.shaded.io.netty.channel.socket.nio.NioSocketChannel.doFinishConnect(NioSocketChannel.java:337)
	at com.alibaba.nacos.shaded.io.grpc.netty.shaded.io.netty.channel.nio.AbstractNioChannel$AbstractNioUnsafe.finishConnect(AbstractNioChannel.java:334)
	at com.alibaba.nacos.shaded.io.grpc.netty.shaded.io.netty.channel.nio.NioEventLoop.processSelectedKey(NioEventLoop.java:776)
	at com.alibaba.nacos.shaded.io.grpc.netty.shaded.io.netty.channel.nio.NioEventLoop.processSelectedKeysOptimized(NioEventLoop.java:724)
	at com.alibaba.nacos.shaded.io.grpc.netty.shaded.io.netty.channel.nio.NioEventLoop.processSelectedKeys(NioEventLoop.java:650)
	at com.alibaba.nacos.shaded.io.grpc.netty.shaded.io.netty.channel.nio.NioEventLoop.run(NioEventLoop.java:562)
	at com.alibaba.nacos.shaded.io.grpc.netty.shaded.io.netty.util.concurrent.SingleThreadEventExecutor$4.run(SingleThreadEventExecutor.java:997)
	at com.alibaba.nacos.shaded.io.grpc.netty.shaded.io.netty.util.internal.ThreadExecutorMap$2.run(ThreadExecutorMap.java:74)
	at com.alibaba.nacos.shaded.io.grpc.netty.shaded.io.netty.util.concurrent.FastThreadLocalRunnable.run(FastThreadLocalRunnable.java:30)
	at java.base/java.lang.Thread.run(Thread.java:1583)
2026-07-14 03:54:52.783 INFO  [wc-user] [traceId=none] [com.alibaba.nacos.client.remote.worker.1] c.alibaba.nacos.common.remote.client - [d194ed6e-d24e-4c53-be44-e9209553a88a] Fail to connect server, after trying 16 times, last try server is {serverIp = '127.0.0.1', server main port = 8848}, error = unknown
2026-07-14 03:54:54.485 INFO  [wc-user] [traceId=none] [com.alibaba.nacos.client.remote.worker.1] c.a.n.c.r.client.grpc.GrpcClient - grpc client connection server:127.0.0.1 ip,serverPort:9848,grpcTslConfig:{"sslProvider":"","enableTls":false,"mutualAuthEnable":false,"trustAll":false}
2026-07-14 03:54:54.489 ERROR [wc-user] [traceId=none] [com.alibaba.nacos.client.remote.worker.1] c.a.n.c.r.client.grpc.GrpcClient - Server check fail, please check server 127.0.0.1 ,port 9848 is available , error ={}
java.util.concurrent.ExecutionException: com.alibaba.nacos.shaded.io.grpc.StatusRuntimeException: UNAVAILABLE: io exception
	at com.alibaba.nacos.shaded.com.google.common.util.concurrent.AbstractFuture.getDoneValue(AbstractFuture.java:592)
	at com.alibaba.nacos.shaded.com.google.common.util.concurrent.AbstractFuture.get(AbstractFuture.java:467)
	at com.alibaba.nacos.common.remote.client.grpc.GrpcClient.serverCheck(GrpcClient.java:243)
	at com.alibaba.nacos.common.remote.client.grpc.GrpcClient.connectToServer(GrpcClient.java:367)
	at com.alibaba.nacos.common.remote.client.RpcClient.reconnect(RpcClient.java:502)
	at com.alibaba.nacos.common.remote.client.RpcClient.lambda$start$1(RpcClient.java:329)
	at java.base/java.util.concurrent.Executors$RunnableAdapter.call(Executors.java:572)
	at java.base/java.util.concurrent.FutureTask.run(FutureTask.java:317)
	at java.base/java.util.concurrent.ScheduledThreadPoolExecutor$ScheduledFutureTask.run(ScheduledThreadPoolExecutor.java:304)
	at java.base/java.util.concurrent.ThreadPoolExecutor.runWorker(ThreadPoolExecutor.java:1144)
	at java.base/java.util.concurrent.ThreadPoolExecutor$Worker.run(ThreadPoolExecutor.java:642)
	at java.base/java.lang.Thread.run(Thread.java:1583)
Caused by: com.alibaba.nacos.shaded.io.grpc.StatusRuntimeException: UNAVAILABLE: io exception
	at com.alibaba.nacos.shaded.io.grpc.Status.asRuntimeException(Status.java:537)
	at com.alibaba.nacos.shaded.io.grpc.stub.ClientCalls$UnaryStreamToFuture.onClose(ClientCalls.java:548)
	at com.alibaba.nacos.shaded.io.grpc.internal.DelayedClientCall$DelayedListener$3.run(DelayedClientCall.java:489)
	at com.alibaba.nacos.shaded.io.grpc.internal.DelayedClientCall$DelayedListener.delayOrExecute(DelayedClientCall.java:453)
	at com.alibaba.nacos.shaded.io.grpc.internal.DelayedClientCall$DelayedListener.onClose(DelayedClientCall.java:486)
	at com.alibaba.nacos.shaded.io.grpc.internal.ClientCallImpl.closeObserver(ClientCallImpl.java:567)
	at com.alibaba.nacos.shaded.io.grpc.internal.ClientCallImpl.access$300(ClientCallImpl.java:71)
	at com.alibaba.nacos.shaded.io.grpc.internal.ClientCallImpl$ClientStreamListenerImpl$1StreamClosed.runInternal(ClientCallImpl.java:735)
	at com.alibaba.nacos.shaded.io.grpc.internal.ClientCallImpl$ClientStreamListenerImpl$1StreamClosed.runInContext(ClientCallImpl.java:716)
	at com.alibaba.nacos.shaded.io.grpc.internal.ContextRunnable.run(ContextRunnable.java:37)
	at com.alibaba.nacos.shaded.io.grpc.internal.SerializingExecutor.run(SerializingExecutor.java:133)
	... 3 common frames omitted
Caused by: com.alibaba.nacos.shaded.io.grpc.netty.shaded.io.netty.channel.AbstractChannel$AnnotatedConnectException: Connection refused: getsockopt: /127.0.0.1:9848
Caused by: java.net.ConnectException: Connection refused: getsockopt
	at java.base/sun.nio.ch.Net.pollConnect(Native Method)
	at java.base/sun.nio.ch.Net.pollConnectNow(Net.java:690)
	at java.base/sun.nio.ch.SocketChannelImpl.finishConnect(SocketChannelImpl.java:973)
	at com.alibaba.nacos.shaded.io.grpc.netty.shaded.io.netty.channel.socket.nio.NioSocketChannel.doFinishConnect(NioSocketChannel.java:337)
	at com.alibaba.nacos.shaded.io.grpc.netty.shaded.io.netty.channel.nio.AbstractNioChannel$AbstractNioUnsafe.finishConnect(AbstractNioChannel.java:334)
	at com.alibaba.nacos.shaded.io.grpc.netty.shaded.io.netty.channel.nio.NioEventLoop.processSelectedKey(NioEventLoop.java:776)
	at com.alibaba.nacos.shaded.io.grpc.netty.shaded.io.netty.channel.nio.NioEventLoop.processSelectedKeysOptimized(NioEventLoop.java:724)
	at com.alibaba.nacos.shaded.io.grpc.netty.shaded.io.netty.channel.nio.NioEventLoop.processSelectedKeys(NioEventLoop.java:650)
	at com.alibaba.nacos.shaded.io.grpc.netty.shaded.io.netty.channel.nio.NioEventLoop.run(NioEventLoop.java:562)
	at com.alibaba.nacos.shaded.io.grpc.netty.shaded.io.netty.util.concurrent.SingleThreadEventExecutor$4.run(SingleThreadEventExecutor.java:997)
	at com.alibaba.nacos.shaded.io.grpc.netty.shaded.io.netty.util.internal.ThreadExecutorMap$2.run(ThreadExecutorMap.java:74)
	at com.alibaba.nacos.shaded.io.grpc.netty.shaded.io.netty.util.concurrent.FastThreadLocalRunnable.run(FastThreadLocalRunnable.java:30)
	at java.base/java.lang.Thread.run(Thread.java:1583)
2026-07-14 03:54:54.489 INFO  [wc-user] [traceId=none] [com.alibaba.nacos.client.remote.worker.1] c.alibaba.nacos.common.remote.client - [d194ed6e-d24e-4c53-be44-e9209553a88a] Fail to connect server, after trying 17 times, last try server is {serverIp = '127.0.0.1', server main port = 8848}, error = unknown
2026-07-14 03:54:56.290 INFO  [wc-user] [traceId=none] [com.alibaba.nacos.client.remote.worker.1] c.a.n.c.r.client.grpc.GrpcClient - grpc client connection server:127.0.0.1 ip,serverPort:9848,grpcTslConfig:{"sslProvider":"","enableTls":false,"mutualAuthEnable":false,"trustAll":false}
2026-07-14 03:54:56.294 ERROR [wc-user] [traceId=none] [com.alibaba.nacos.client.remote.worker.1] c.a.n.c.r.client.grpc.GrpcClient - Server check fail, please check server 127.0.0.1 ,port 9848 is available , error ={}
java.util.concurrent.ExecutionException: com.alibaba.nacos.shaded.io.grpc.StatusRuntimeException: UNAVAILABLE: io exception
	at com.alibaba.nacos.shaded.com.google.common.util.concurrent.AbstractFuture.getDoneValue(AbstractFuture.java:592)
	at com.alibaba.nacos.shaded.com.google.common.util.concurrent.AbstractFuture.get(AbstractFuture.java:467)
	at com.alibaba.nacos.common.remote.client.grpc.GrpcClient.serverCheck(GrpcClient.java:243)
	at com.alibaba.nacos.common.remote.client.grpc.GrpcClient.connectToServer(GrpcClient.java:367)
	at com.alibaba.nacos.common.remote.client.RpcClient.reconnect(RpcClient.java:502)
	at com.alibaba.nacos.common.remote.client.RpcClient.lambda$start$1(RpcClient.java:329)
	at java.base/java.util.concurrent.Executors$RunnableAdapter.call(Executors.java:572)
	at java.base/java.util.concurrent.FutureTask.run(FutureTask.java:317)
	at java.base/java.util.concurrent.ScheduledThreadPoolExecutor$ScheduledFutureTask.run(ScheduledThreadPoolExecutor.java:304)
	at java.base/java.util.concurrent.ThreadPoolExecutor.runWorker(ThreadPoolExecutor.java:1144)
	at java.base/java.util.concurrent.ThreadPoolExecutor$Worker.run(ThreadPoolExecutor.java:642)
	at java.base/java.lang.Thread.run(Thread.java:1583)
Caused by: com.alibaba.nacos.shaded.io.grpc.StatusRuntimeException: UNAVAILABLE: io exception
	at com.alibaba.nacos.shaded.io.grpc.Status.asRuntimeException(Status.java:537)
	at com.alibaba.nacos.shaded.io.grpc.stub.ClientCalls$UnaryStreamToFuture.onClose(ClientCalls.java:548)
	at com.alibaba.nacos.shaded.io.grpc.internal.DelayedClientCall$DelayedListener$3.run(DelayedClientCall.java:489)
	at com.alibaba.nacos.shaded.io.grpc.internal.DelayedClientCall$DelayedListener.delayOrExecute(DelayedClientCall.java:453)
	at com.alibaba.nacos.shaded.io.grpc.internal.DelayedClientCall$DelayedListener.onClose(DelayedClientCall.java:486)
	at com.alibaba.nacos.shaded.io.grpc.internal.ClientCallImpl.closeObserver(ClientCallImpl.java:567)
	at com.alibaba.nacos.shaded.io.grpc.internal.ClientCallImpl.access$300(ClientCallImpl.java:71)
	at com.alibaba.nacos.shaded.io.grpc.internal.ClientCallImpl$ClientStreamListenerImpl$1StreamClosed.runInternal(ClientCallImpl.java:735)
	at com.alibaba.nacos.shaded.io.grpc.internal.ClientCallImpl$ClientStreamListenerImpl$1StreamClosed.runInContext(ClientCallImpl.java:716)
	at com.alibaba.nacos.shaded.io.grpc.internal.ContextRunnable.run(ContextRunnable.java:37)
	at com.alibaba.nacos.shaded.io.grpc.internal.SerializingExecutor.run(SerializingExecutor.java:133)
	... 3 common frames omitted
Caused by: com.alibaba.nacos.shaded.io.grpc.netty.shaded.io.netty.channel.AbstractChannel$AnnotatedConnectException: Connection refused: getsockopt: /127.0.0.1:9848
Caused by: java.net.ConnectException: Connection refused: getsockopt
	at java.base/sun.nio.ch.Net.pollConnect(Native Method)
	at java.base/sun.nio.ch.Net.pollConnectNow(Net.java:690)
	at java.base/sun.nio.ch.SocketChannelImpl.finishConnect(SocketChannelImpl.java:973)
	at com.alibaba.nacos.shaded.io.grpc.netty.shaded.io.netty.channel.socket.nio.NioSocketChannel.doFinishConnect(NioSocketChannel.java:337)
	at com.alibaba.nacos.shaded.io.grpc.netty.shaded.io.netty.channel.nio.AbstractNioChannel$AbstractNioUnsafe.finishConnect(AbstractNioChannel.java:334)
	at com.alibaba.nacos.shaded.io.grpc.netty.shaded.io.netty.channel.nio.NioEventLoop.processSelectedKey(NioEventLoop.java:776)
	at com.alibaba.nacos.shaded.io.grpc.netty.shaded.io.netty.channel.nio.NioEventLoop.processSelectedKeysOptimized(NioEventLoop.java:724)
	at com.alibaba.nacos.shaded.io.grpc.netty.shaded.io.netty.channel.nio.NioEventLoop.processSelectedKeys(NioEventLoop.java:650)
	at com.alibaba.nacos.shaded.io.grpc.netty.shaded.io.netty.channel.nio.NioEventLoop.run(NioEventLoop.java:562)
	at com.alibaba.nacos.shaded.io.grpc.netty.shaded.io.netty.util.concurrent.SingleThreadEventExecutor$4.run(SingleThreadEventExecutor.java:997)
	at com.alibaba.nacos.shaded.io.grpc.netty.shaded.io.netty.util.internal.ThreadExecutorMap$2.run(ThreadExecutorMap.java:74)
	at com.alibaba.nacos.shaded.io.grpc.netty.shaded.io.netty.util.concurrent.FastThreadLocalRunnable.run(FastThreadLocalRunnable.java:30)
	at java.base/java.lang.Thread.run(Thread.java:1583)
2026-07-14 03:54:56.294 INFO  [wc-user] [traceId=none] [com.alibaba.nacos.client.remote.worker.1] c.alibaba.nacos.common.remote.client - [d194ed6e-d24e-4c53-be44-e9209553a88a] Fail to connect server, after trying 18 times, last try server is {serverIp = '127.0.0.1', server main port = 8848}, error = unknown
2026-07-14 03:54:58.201 INFO  [wc-user] [traceId=none] [com.alibaba.nacos.client.remote.worker.1] c.a.n.c.r.client.grpc.GrpcClient - grpc client connection server:127.0.0.1 ip,serverPort:9848,grpcTslConfig:{"sslProvider":"","enableTls":false,"mutualAuthEnable":false,"trustAll":false}
2026-07-14 03:54:58.204 ERROR [wc-user] [traceId=none] [com.alibaba.nacos.client.remote.worker.1] c.a.n.c.r.client.grpc.GrpcClient - Server check fail, please check server 127.0.0.1 ,port 9848 is available , error ={}
java.util.concurrent.ExecutionException: com.alibaba.nacos.shaded.io.grpc.StatusRuntimeException: UNAVAILABLE: io exception
	at com.alibaba.nacos.shaded.com.google.common.util.concurrent.AbstractFuture.getDoneValue(AbstractFuture.java:592)
	at com.alibaba.nacos.shaded.com.google.common.util.concurrent.AbstractFuture.get(AbstractFuture.java:467)
	at com.alibaba.nacos.common.remote.client.grpc.GrpcClient.serverCheck(GrpcClient.java:243)
	at com.alibaba.nacos.common.remote.client.grpc.GrpcClient.connectToServer(GrpcClient.java:367)
	at com.alibaba.nacos.common.remote.client.RpcClient.reconnect(RpcClient.java:502)
	at com.alibaba.nacos.common.remote.client.RpcClient.lambda$start$1(RpcClient.java:329)
	at java.base/java.util.concurrent.Executors$RunnableAdapter.call(Executors.java:572)
	at java.base/java.util.concurrent.FutureTask.run(FutureTask.java:317)
	at java.base/java.util.concurrent.ScheduledThreadPoolExecutor$ScheduledFutureTask.run(ScheduledThreadPoolExecutor.java:304)
	at java.base/java.util.concurrent.ThreadPoolExecutor.runWorker(ThreadPoolExecutor.java:1144)
	at java.base/java.util.concurrent.ThreadPoolExecutor$Worker.run(ThreadPoolExecutor.java:642)
	at java.base/java.lang.Thread.run(Thread.java:1583)
Caused by: com.alibaba.nacos.shaded.io.grpc.StatusRuntimeException: UNAVAILABLE: io exception
	at com.alibaba.nacos.shaded.io.grpc.Status.asRuntimeException(Status.java:537)
	at com.alibaba.nacos.shaded.io.grpc.stub.ClientCalls$UnaryStreamToFuture.onClose(ClientCalls.java:548)
	at com.alibaba.nacos.shaded.io.grpc.internal.DelayedClientCall$DelayedListener$3.run(DelayedClientCall.java:489)
	at com.alibaba.nacos.shaded.io.grpc.internal.DelayedClientCall$DelayedListener.delayOrExecute(DelayedClientCall.java:453)
	at com.alibaba.nacos.shaded.io.grpc.internal.DelayedClientCall$DelayedListener.onClose(DelayedClientCall.java:486)
	at com.alibaba.nacos.shaded.io.grpc.internal.ClientCallImpl.closeObserver(ClientCallImpl.java:567)
	at com.alibaba.nacos.shaded.io.grpc.internal.ClientCallImpl.access$300(ClientCallImpl.java:71)
	at com.alibaba.nacos.shaded.io.grpc.internal.ClientCallImpl$ClientStreamListenerImpl$1StreamClosed.runInternal(ClientCallImpl.java:735)
	at com.alibaba.nacos.shaded.io.grpc.internal.ClientCallImpl$ClientStreamListenerImpl$1StreamClosed.runInContext(ClientCallImpl.java:716)
	at com.alibaba.nacos.shaded.io.grpc.internal.ContextRunnable.run(ContextRunnable.java:37)
	at com.alibaba.nacos.shaded.io.grpc.internal.SerializingExecutor.run(SerializingExecutor.java:133)
	... 3 common frames omitted
Caused by: com.alibaba.nacos.shaded.io.grpc.netty.shaded.io.netty.channel.AbstractChannel$AnnotatedConnectException: Connection refused: getsockopt: /127.0.0.1:9848
Caused by: java.net.ConnectException: Connection refused: getsockopt
	at java.base/sun.nio.ch.Net.pollConnect(Native Method)
	at java.base/sun.nio.ch.Net.pollConnectNow(Net.java:690)
	at java.base/sun.nio.ch.SocketChannelImpl.finishConnect(SocketChannelImpl.java:973)
	at com.alibaba.nacos.shaded.io.grpc.netty.shaded.io.netty.channel.socket.nio.NioSocketChannel.doFinishConnect(NioSocketChannel.java:337)
	at com.alibaba.nacos.shaded.io.grpc.netty.shaded.io.netty.channel.nio.AbstractNioChannel$AbstractNioUnsafe.finishConnect(AbstractNioChannel.java:334)
	at com.alibaba.nacos.shaded.io.grpc.netty.shaded.io.netty.channel.nio.NioEventLoop.processSelectedKey(NioEventLoop.java:776)
	at com.alibaba.nacos.shaded.io.grpc.netty.shaded.io.netty.channel.nio.NioEventLoop.processSelectedKeysOptimized(NioEventLoop.java:724)
	at com.alibaba.nacos.shaded.io.grpc.netty.shaded.io.netty.channel.nio.NioEventLoop.processSelectedKeys(NioEventLoop.java:650)
	at com.alibaba.nacos.shaded.io.grpc.netty.shaded.io.netty.channel.nio.NioEventLoop.run(NioEventLoop.java:562)
	at com.alibaba.nacos.shaded.io.grpc.netty.shaded.io.netty.util.concurrent.SingleThreadEventExecutor$4.run(SingleThreadEventExecutor.java:997)
	at com.alibaba.nacos.shaded.io.grpc.netty.shaded.io.netty.util.internal.ThreadExecutorMap$2.run(ThreadExecutorMap.java:74)
	at com.alibaba.nacos.shaded.io.grpc.netty.shaded.io.netty.util.concurrent.FastThreadLocalRunnable.run(FastThreadLocalRunnable.java:30)
	at java.base/java.lang.Thread.run(Thread.java:1583)
2026-07-14 03:54:58.204 INFO  [wc-user] [traceId=none] [com.alibaba.nacos.client.remote.worker.1] c.alibaba.nacos.common.remote.client - [d194ed6e-d24e-4c53-be44-e9209553a88a] Fail to connect server, after trying 19 times, last try server is {serverIp = '127.0.0.1', server main port = 8848}, error = unknown
2026-07-14 03:55:00.210 INFO  [wc-user] [traceId=none] [com.alibaba.nacos.client.remote.worker.1] c.a.n.c.r.client.grpc.GrpcClient - grpc client connection server:127.0.0.1 ip,serverPort:9848,grpcTslConfig:{"sslProvider":"","enableTls":false,"mutualAuthEnable":false,"trustAll":false}
2026-07-14 03:55:00.212 ERROR [wc-user] [traceId=none] [com.alibaba.nacos.client.remote.worker.1] c.a.n.c.r.client.grpc.GrpcClient - Server check fail, please check server 127.0.0.1 ,port 9848 is available , error ={}
java.util.concurrent.ExecutionException: com.alibaba.nacos.shaded.io.grpc.StatusRuntimeException: UNAVAILABLE: io exception
	at com.alibaba.nacos.shaded.com.google.common.util.concurrent.AbstractFuture.getDoneValue(AbstractFuture.java:592)
	at com.alibaba.nacos.shaded.com.google.common.util.concurrent.AbstractFuture.get(AbstractFuture.java:467)
	at com.alibaba.nacos.common.remote.client.grpc.GrpcClient.serverCheck(GrpcClient.java:243)
	at com.alibaba.nacos.common.remote.client.grpc.GrpcClient.connectToServer(GrpcClient.java:367)
	at com.alibaba.nacos.common.remote.client.RpcClient.reconnect(RpcClient.java:502)
	at com.alibaba.nacos.common.remote.client.RpcClient.lambda$start$1(RpcClient.java:329)
	at java.base/java.util.concurrent.Executors$RunnableAdapter.call(Executors.java:572)
	at java.base/java.util.concurrent.FutureTask.run(FutureTask.java:317)
	at java.base/java.util.concurrent.ScheduledThreadPoolExecutor$ScheduledFutureTask.run(ScheduledThreadPoolExecutor.java:304)
	at java.base/java.util.concurrent.ThreadPoolExecutor.runWorker(ThreadPoolExecutor.java:1144)
	at java.base/java.util.concurrent.ThreadPoolExecutor$Worker.run(ThreadPoolExecutor.java:642)
	at java.base/java.lang.Thread.run(Thread.java:1583)
Caused by: com.alibaba.nacos.shaded.io.grpc.StatusRuntimeException: UNAVAILABLE: io exception
	at com.alibaba.nacos.shaded.io.grpc.Status.asRuntimeException(Status.java:537)
	at com.alibaba.nacos.shaded.io.grpc.stub.ClientCalls$UnaryStreamToFuture.onClose(ClientCalls.java:548)
	at com.alibaba.nacos.shaded.io.grpc.internal.DelayedClientCall$DelayedListener$3.run(DelayedClientCall.java:489)
	at com.alibaba.nacos.shaded.io.grpc.internal.DelayedClientCall$DelayedListener.delayOrExecute(DelayedClientCall.java:453)
	at com.alibaba.nacos.shaded.io.grpc.internal.DelayedClientCall$DelayedListener.onClose(DelayedClientCall.java:486)
	at com.alibaba.nacos.shaded.io.grpc.internal.ClientCallImpl.closeObserver(ClientCallImpl.java:567)
	at com.alibaba.nacos.shaded.io.grpc.internal.ClientCallImpl.access$300(ClientCallImpl.java:71)
	at com.alibaba.nacos.shaded.io.grpc.internal.ClientCallImpl$ClientStreamListenerImpl$1StreamClosed.runInternal(ClientCallImpl.java:735)
	at com.alibaba.nacos.shaded.io.grpc.internal.ClientCallImpl$ClientStreamListenerImpl$1StreamClosed.runInContext(ClientCallImpl.java:716)
	at com.alibaba.nacos.shaded.io.grpc.internal.ContextRunnable.run(ContextRunnable.java:37)
	at com.alibaba.nacos.shaded.io.grpc.internal.SerializingExecutor.run(SerializingExecutor.java:133)
	... 3 common frames omitted
Caused by: com.alibaba.nacos.shaded.io.grpc.netty.shaded.io.netty.channel.AbstractChannel$AnnotatedConnectException: Connection refused: getsockopt: /127.0.0.1:9848
Caused by: java.net.ConnectException: Connection refused: getsockopt
	at java.base/sun.nio.ch.Net.pollConnect(Native Method)
	at java.base/sun.nio.ch.Net.pollConnectNow(Net.java:690)
	at java.base/sun.nio.ch.SocketChannelImpl.finishConnect(SocketChannelImpl.java:973)
	at com.alibaba.nacos.shaded.io.grpc.netty.shaded.io.netty.channel.socket.nio.NioSocketChannel.doFinishConnect(NioSocketChannel.java:337)
	at com.alibaba.nacos.shaded.io.grpc.netty.shaded.io.netty.channel.nio.AbstractNioChannel$AbstractNioUnsafe.finishConnect(AbstractNioChannel.java:334)
	at com.alibaba.nacos.shaded.io.grpc.netty.shaded.io.netty.channel.nio.NioEventLoop.processSelectedKey(NioEventLoop.java:776)
	at com.alibaba.nacos.shaded.io.grpc.netty.shaded.io.netty.channel.nio.NioEventLoop.processSelectedKeysOptimized(NioEventLoop.java:724)
	at com.alibaba.nacos.shaded.io.grpc.netty.shaded.io.netty.channel.nio.NioEventLoop.processSelectedKeys(NioEventLoop.java:650)
	at com.alibaba.nacos.shaded.io.grpc.netty.shaded.io.netty.channel.nio.NioEventLoop.run(NioEventLoop.java:562)
	at com.alibaba.nacos.shaded.io.grpc.netty.shaded.io.netty.util.concurrent.SingleThreadEventExecutor$4.run(SingleThreadEventExecutor.java:997)
	at com.alibaba.nacos.shaded.io.grpc.netty.shaded.io.netty.util.internal.ThreadExecutorMap$2.run(ThreadExecutorMap.java:74)
	at com.alibaba.nacos.shaded.io.grpc.netty.shaded.io.netty.util.concurrent.FastThreadLocalRunnable.run(FastThreadLocalRunnable.java:30)
	at java.base/java.lang.Thread.run(Thread.java:1583)
2026-07-14 03:55:00.212 INFO  [wc-user] [traceId=none] [com.alibaba.nacos.client.remote.worker.1] c.alibaba.nacos.common.remote.client - [d194ed6e-d24e-4c53-be44-e9209553a88a] Fail to connect server, after trying 20 times, last try server is {serverIp = '127.0.0.1', server main port = 8848}, error = unknown
2026-07-14 03:55:02.317 INFO  [wc-user] [traceId=none] [com.alibaba.nacos.client.remote.worker.1] c.a.n.c.r.client.grpc.GrpcClient - grpc client connection server:127.0.0.1 ip,serverPort:9848,grpcTslConfig:{"sslProvider":"","enableTls":false,"mutualAuthEnable":false,"trustAll":false}
2026-07-14 03:55:02.321 ERROR [wc-user] [traceId=none] [com.alibaba.nacos.client.remote.worker.1] c.a.n.c.r.client.grpc.GrpcClient - Server check fail, please check server 127.0.0.1 ,port 9848 is available , error ={}
java.util.concurrent.ExecutionException: com.alibaba.nacos.shaded.io.grpc.StatusRuntimeException: UNAVAILABLE: io exception
	at com.alibaba.nacos.shaded.com.google.common.util.concurrent.AbstractFuture.getDoneValue(AbstractFuture.java:592)
	at com.alibaba.nacos.shaded.com.google.common.util.concurrent.AbstractFuture.get(AbstractFuture.java:467)
	at com.alibaba.nacos.common.remote.client.grpc.GrpcClient.serverCheck(GrpcClient.java:243)
	at com.alibaba.nacos.common.remote.client.grpc.GrpcClient.connectToServer(GrpcClient.java:367)
	at com.alibaba.nacos.common.remote.client.RpcClient.reconnect(RpcClient.java:502)
	at com.alibaba.nacos.common.remote.client.RpcClient.lambda$start$1(RpcClient.java:329)
	at java.base/java.util.concurrent.Executors$RunnableAdapter.call(Executors.java:572)
	at java.base/java.util.concurrent.FutureTask.run(FutureTask.java:317)
	at java.base/java.util.concurrent.ScheduledThreadPoolExecutor$ScheduledFutureTask.run(ScheduledThreadPoolExecutor.java:304)
	at java.base/java.util.concurrent.ThreadPoolExecutor.runWorker(ThreadPoolExecutor.java:1144)
	at java.base/java.util.concurrent.ThreadPoolExecutor$Worker.run(ThreadPoolExecutor.java:642)
	at java.base/java.lang.Thread.run(Thread.java:1583)
Caused by: com.alibaba.nacos.shaded.io.grpc.StatusRuntimeException: UNAVAILABLE: io exception
	at com.alibaba.nacos.shaded.io.grpc.Status.asRuntimeException(Status.java:537)
	at com.alibaba.nacos.shaded.io.grpc.stub.ClientCalls$UnaryStreamToFuture.onClose(ClientCalls.java:548)
	at com.alibaba.nacos.shaded.io.grpc.internal.DelayedClientCall$DelayedListener$3.run(DelayedClientCall.java:489)
	at com.alibaba.nacos.shaded.io.grpc.internal.DelayedClientCall$DelayedListener.delayOrExecute(DelayedClientCall.java:453)
	at com.alibaba.nacos.shaded.io.grpc.internal.DelayedClientCall$DelayedListener.onClose(DelayedClientCall.java:486)
	at com.alibaba.nacos.shaded.io.grpc.internal.ClientCallImpl.closeObserver(ClientCallImpl.java:567)
	at com.alibaba.nacos.shaded.io.grpc.internal.ClientCallImpl.access$300(ClientCallImpl.java:71)
	at com.alibaba.nacos.shaded.io.grpc.internal.ClientCallImpl$ClientStreamListenerImpl$1StreamClosed.runInternal(ClientCallImpl.java:735)
	at com.alibaba.nacos.shaded.io.grpc.internal.ClientCallImpl$ClientStreamListenerImpl$1StreamClosed.runInContext(ClientCallImpl.java:716)
	at com.alibaba.nacos.shaded.io.grpc.internal.ContextRunnable.run(ContextRunnable.java:37)
	at com.alibaba.nacos.shaded.io.grpc.internal.SerializingExecutor.run(SerializingExecutor.java:133)
	... 3 common frames omitted
Caused by: com.alibaba.nacos.shaded.io.grpc.netty.shaded.io.netty.channel.AbstractChannel$AnnotatedConnectException: Connection refused: getsockopt: /127.0.0.1:9848
Caused by: java.net.ConnectException: Connection refused: getsockopt
	at java.base/sun.nio.ch.Net.pollConnect(Native Method)
	at java.base/sun.nio.ch.Net.pollConnectNow(Net.java:690)
	at java.base/sun.nio.ch.SocketChannelImpl.finishConnect(SocketChannelImpl.java:973)
	at com.alibaba.nacos.shaded.io.grpc.netty.shaded.io.netty.channel.socket.nio.NioSocketChannel.doFinishConnect(NioSocketChannel.java:337)
	at com.alibaba.nacos.shaded.io.grpc.netty.shaded.io.netty.channel.nio.AbstractNioChannel$AbstractNioUnsafe.finishConnect(AbstractNioChannel.java:334)
	at com.alibaba.nacos.shaded.io.grpc.netty.shaded.io.netty.channel.nio.NioEventLoop.processSelectedKey(NioEventLoop.java:776)
	at com.alibaba.nacos.shaded.io.grpc.netty.shaded.io.netty.channel.nio.NioEventLoop.processSelectedKeysOptimized(NioEventLoop.java:724)
	at com.alibaba.nacos.shaded.io.grpc.netty.shaded.io.netty.channel.nio.NioEventLoop.processSelectedKeys(NioEventLoop.java:650)
	at com.alibaba.nacos.shaded.io.grpc.netty.shaded.io.netty.channel.nio.NioEventLoop.run(NioEventLoop.java:562)
	at com.alibaba.nacos.shaded.io.grpc.netty.shaded.io.netty.util.concurrent.SingleThreadEventExecutor$4.run(SingleThreadEventExecutor.java:997)
	at com.alibaba.nacos.shaded.io.grpc.netty.shaded.io.netty.util.internal.ThreadExecutorMap$2.run(ThreadExecutorMap.java:74)
	at com.alibaba.nacos.shaded.io.grpc.netty.shaded.io.netty.util.concurrent.FastThreadLocalRunnable.run(FastThreadLocalRunnable.java:30)
	at java.base/java.lang.Thread.run(Thread.java:1583)
2026-07-14 03:55:02.321 INFO  [wc-user] [traceId=none] [com.alibaba.nacos.client.remote.worker.1] c.alibaba.nacos.common.remote.client - [d194ed6e-d24e-4c53-be44-e9209553a88a] Fail to connect server, after trying 21 times, last try server is {serverIp = '127.0.0.1', server main port = 8848}, error = unknown
2026-07-14 03:55:04.531 INFO  [wc-user] [traceId=none] [com.alibaba.nacos.client.remote.worker.1] c.a.n.c.r.client.grpc.GrpcClient - grpc client connection server:127.0.0.1 ip,serverPort:9848,grpcTslConfig:{"sslProvider":"","enableTls":false,"mutualAuthEnable":false,"trustAll":false}
2026-07-14 03:55:04.535 ERROR [wc-user] [traceId=none] [com.alibaba.nacos.client.remote.worker.1] c.a.n.c.r.client.grpc.GrpcClient - Server check fail, please check server 127.0.0.1 ,port 9848 is available , error ={}
java.util.concurrent.ExecutionException: com.alibaba.nacos.shaded.io.grpc.StatusRuntimeException: UNAVAILABLE: io exception
	at com.alibaba.nacos.shaded.com.google.common.util.concurrent.AbstractFuture.getDoneValue(AbstractFuture.java:592)
	at com.alibaba.nacos.shaded.com.google.common.util.concurrent.AbstractFuture.get(AbstractFuture.java:467)
	at com.alibaba.nacos.common.remote.client.grpc.GrpcClient.serverCheck(GrpcClient.java:243)
	at com.alibaba.nacos.common.remote.client.grpc.GrpcClient.connectToServer(GrpcClient.java:367)
	at com.alibaba.nacos.common.remote.client.RpcClient.reconnect(RpcClient.java:502)
	at com.alibaba.nacos.common.remote.client.RpcClient.lambda$start$1(RpcClient.java:329)
	at java.base/java.util.concurrent.Executors$RunnableAdapter.call(Executors.java:572)
	at java.base/java.util.concurrent.FutureTask.run(FutureTask.java:317)
	at java.base/java.util.concurrent.ScheduledThreadPoolExecutor$ScheduledFutureTask.run(ScheduledThreadPoolExecutor.java:304)
	at java.base/java.util.concurrent.ThreadPoolExecutor.runWorker(ThreadPoolExecutor.java:1144)
	at java.base/java.util.concurrent.ThreadPoolExecutor$Worker.run(ThreadPoolExecutor.java:642)
	at java.base/java.lang.Thread.run(Thread.java:1583)
Caused by: com.alibaba.nacos.shaded.io.grpc.StatusRuntimeException: UNAVAILABLE: io exception
	at com.alibaba.nacos.shaded.io.grpc.Status.asRuntimeException(Status.java:537)
	at com.alibaba.nacos.shaded.io.grpc.stub.ClientCalls$UnaryStreamToFuture.onClose(ClientCalls.java:548)
	at com.alibaba.nacos.shaded.io.grpc.internal.DelayedClientCall$DelayedListener$3.run(DelayedClientCall.java:489)
	at com.alibaba.nacos.shaded.io.grpc.internal.DelayedClientCall$DelayedListener.delayOrExecute(DelayedClientCall.java:453)
	at com.alibaba.nacos.shaded.io.grpc.internal.DelayedClientCall$DelayedListener.onClose(DelayedClientCall.java:486)
	at com.alibaba.nacos.shaded.io.grpc.internal.ClientCallImpl.closeObserver(ClientCallImpl.java:567)
	at com.alibaba.nacos.shaded.io.grpc.internal.ClientCallImpl.access$300(ClientCallImpl.java:71)
	at com.alibaba.nacos.shaded.io.grpc.internal.ClientCallImpl$ClientStreamListenerImpl$1StreamClosed.runInternal(ClientCallImpl.java:735)
	at com.alibaba.nacos.shaded.io.grpc.internal.ClientCallImpl$ClientStreamListenerImpl$1StreamClosed.runInContext(ClientCallImpl.java:716)
	at com.alibaba.nacos.shaded.io.grpc.internal.ContextRunnable.run(ContextRunnable.java:37)
	at com.alibaba.nacos.shaded.io.grpc.internal.SerializingExecutor.run(SerializingExecutor.java:133)
	... 3 common frames omitted
Caused by: com.alibaba.nacos.shaded.io.grpc.netty.shaded.io.netty.channel.AbstractChannel$AnnotatedConnectException: Connection refused: getsockopt: /127.0.0.1:9848
Caused by: java.net.ConnectException: Connection refused: getsockopt
	at java.base/sun.nio.ch.Net.pollConnect(Native Method)
	at java.base/sun.nio.ch.Net.pollConnectNow(Net.java:690)
	at java.base/sun.nio.ch.SocketChannelImpl.finishConnect(SocketChannelImpl.java:973)
	at com.alibaba.nacos.shaded.io.grpc.netty.shaded.io.netty.channel.socket.nio.NioSocketChannel.doFinishConnect(NioSocketChannel.java:337)
	at com.alibaba.nacos.shaded.io.grpc.netty.shaded.io.netty.channel.nio.AbstractNioChannel$AbstractNioUnsafe.finishConnect(AbstractNioChannel.java:334)
	at com.alibaba.nacos.shaded.io.grpc.netty.shaded.io.netty.channel.nio.NioEventLoop.processSelectedKey(NioEventLoop.java:776)
	at com.alibaba.nacos.shaded.io.grpc.netty.shaded.io.netty.channel.nio.NioEventLoop.processSelectedKeysOptimized(NioEventLoop.java:724)
	at com.alibaba.nacos.shaded.io.grpc.netty.shaded.io.netty.channel.nio.NioEventLoop.processSelectedKeys(NioEventLoop.java:650)
	at com.alibaba.nacos.shaded.io.grpc.netty.shaded.io.netty.channel.nio.NioEventLoop.run(NioEventLoop.java:562)
	at com.alibaba.nacos.shaded.io.grpc.netty.shaded.io.netty.util.concurrent.SingleThreadEventExecutor$4.run(SingleThreadEventExecutor.java:997)
	at com.alibaba.nacos.shaded.io.grpc.netty.shaded.io.netty.util.internal.ThreadExecutorMap$2.run(ThreadExecutorMap.java:74)
	at com.alibaba.nacos.shaded.io.grpc.netty.shaded.io.netty.util.concurrent.FastThreadLocalRunnable.run(FastThreadLocalRunnable.java:30)
	at java.base/java.lang.Thread.run(Thread.java:1583)
2026-07-14 03:55:04.536 INFO  [wc-user] [traceId=none] [com.alibaba.nacos.client.remote.worker.1] c.alibaba.nacos.common.remote.client - [d194ed6e-d24e-4c53-be44-e9209553a88a] Fail to connect server, after trying 22 times, last try server is {serverIp = '127.0.0.1', server main port = 8848}, error = unknown
2026-07-14 03:55:06.837 INFO  [wc-user] [traceId=none] [com.alibaba.nacos.client.remote.worker.1] c.a.n.c.r.client.grpc.GrpcClient - grpc client connection server:127.0.0.1 ip,serverPort:9848,grpcTslConfig:{"sslProvider":"","enableTls":false,"mutualAuthEnable":false,"trustAll":false}
2026-07-14 03:55:06.842 ERROR [wc-user] [traceId=none] [com.alibaba.nacos.client.remote.worker.1] c.a.n.c.r.client.grpc.GrpcClient - Server check fail, please check server 127.0.0.1 ,port 9848 is available , error ={}
java.util.concurrent.ExecutionException: com.alibaba.nacos.shaded.io.grpc.StatusRuntimeException: UNAVAILABLE: io exception
	at com.alibaba.nacos.shaded.com.google.common.util.concurrent.AbstractFuture.getDoneValue(AbstractFuture.java:592)
	at com.alibaba.nacos.shaded.com.google.common.util.concurrent.AbstractFuture.get(AbstractFuture.java:467)
	at com.alibaba.nacos.common.remote.client.grpc.GrpcClient.serverCheck(GrpcClient.java:243)
	at com.alibaba.nacos.common.remote.client.grpc.GrpcClient.connectToServer(GrpcClient.java:367)
	at com.alibaba.nacos.common.remote.client.RpcClient.reconnect(RpcClient.java:502)
	at com.alibaba.nacos.common.remote.client.RpcClient.lambda$start$1(RpcClient.java:329)
	at java.base/java.util.concurrent.Executors$RunnableAdapter.call(Executors.java:572)
	at java.base/java.util.concurrent.FutureTask.run(FutureTask.java:317)
	at java.base/java.util.concurrent.ScheduledThreadPoolExecutor$ScheduledFutureTask.run(ScheduledThreadPoolExecutor.java:304)
	at java.base/java.util.concurrent.ThreadPoolExecutor.runWorker(ThreadPoolExecutor.java:1144)
	at java.base/java.util.concurrent.ThreadPoolExecutor$Worker.run(ThreadPoolExecutor.java:642)
	at java.base/java.lang.Thread.run(Thread.java:1583)
Caused by: com.alibaba.nacos.shaded.io.grpc.StatusRuntimeException: UNAVAILABLE: io exception
	at com.alibaba.nacos.shaded.io.grpc.Status.asRuntimeException(Status.java:537)
	at com.alibaba.nacos.shaded.io.grpc.stub.ClientCalls$UnaryStreamToFuture.onClose(ClientCalls.java:548)
	at com.alibaba.nacos.shaded.io.grpc.internal.DelayedClientCall$DelayedListener$3.run(DelayedClientCall.java:489)
	at com.alibaba.nacos.shaded.io.grpc.internal.DelayedClientCall$DelayedListener.delayOrExecute(DelayedClientCall.java:453)
	at com.alibaba.nacos.shaded.io.grpc.internal.DelayedClientCall$DelayedListener.onClose(DelayedClientCall.java:486)
	at com.alibaba.nacos.shaded.io.grpc.internal.ClientCallImpl.closeObserver(ClientCallImpl.java:567)
	at com.alibaba.nacos.shaded.io.grpc.internal.ClientCallImpl.access$300(ClientCallImpl.java:71)
	at com.alibaba.nacos.shaded.io.grpc.internal.ClientCallImpl$ClientStreamListenerImpl$1StreamClosed.runInternal(ClientCallImpl.java:735)
	at com.alibaba.nacos.shaded.io.grpc.internal.ClientCallImpl$ClientStreamListenerImpl$1StreamClosed.runInContext(ClientCallImpl.java:716)
	at com.alibaba.nacos.shaded.io.grpc.internal.ContextRunnable.run(ContextRunnable.java:37)
	at com.alibaba.nacos.shaded.io.grpc.internal.SerializingExecutor.run(SerializingExecutor.java:133)
	... 3 common frames omitted
Caused by: com.alibaba.nacos.shaded.io.grpc.netty.shaded.io.netty.channel.AbstractChannel$AnnotatedConnectException: Connection refused: getsockopt: /127.0.0.1:9848
Caused by: java.net.ConnectException: Connection refused: getsockopt
	at java.base/sun.nio.ch.Net.pollConnect(Native Method)
	at java.base/sun.nio.ch.Net.pollConnectNow(Net.java:690)
	at java.base/sun.nio.ch.SocketChannelImpl.finishConnect(SocketChannelImpl.java:973)
	at com.alibaba.nacos.shaded.io.grpc.netty.shaded.io.netty.channel.socket.nio.NioSocketChannel.doFinishConnect(NioSocketChannel.java:337)
	at com.alibaba.nacos.shaded.io.grpc.netty.shaded.io.netty.channel.nio.AbstractNioChannel$AbstractNioUnsafe.finishConnect(AbstractNioChannel.java:334)
	at com.alibaba.nacos.shaded.io.grpc.netty.shaded.io.netty.channel.nio.NioEventLoop.processSelectedKey(NioEventLoop.java:776)
	at com.alibaba.nacos.shaded.io.grpc.netty.shaded.io.netty.channel.nio.NioEventLoop.processSelectedKeysOptimized(NioEventLoop.java:724)
	at com.alibaba.nacos.shaded.io.grpc.netty.shaded.io.netty.channel.nio.NioEventLoop.processSelectedKeys(NioEventLoop.java:650)
	at com.alibaba.nacos.shaded.io.grpc.netty.shaded.io.netty.channel.nio.NioEventLoop.run(NioEventLoop.java:562)
	at com.alibaba.nacos.shaded.io.grpc.netty.shaded.io.netty.util.concurrent.SingleThreadEventExecutor$4.run(SingleThreadEventExecutor.java:997)
	at com.alibaba.nacos.shaded.io.grpc.netty.shaded.io.netty.util.internal.ThreadExecutorMap$2.run(ThreadExecutorMap.java:74)
	at com.alibaba.nacos.shaded.io.grpc.netty.shaded.io.netty.util.concurrent.FastThreadLocalRunnable.run(FastThreadLocalRunnable.java:30)
	at java.base/java.lang.Thread.run(Thread.java:1583)
2026-07-14 03:55:06.842 INFO  [wc-user] [traceId=none] [com.alibaba.nacos.client.remote.worker.1] c.alibaba.nacos.common.remote.client - [d194ed6e-d24e-4c53-be44-e9209553a88a] Fail to connect server, after trying 23 times, last try server is {serverIp = '127.0.0.1', server main port = 8848}, error = unknown
2026-07-14 03:55:09.253 INFO  [wc-user] [traceId=none] [com.alibaba.nacos.client.remote.worker.1] c.a.n.c.r.client.grpc.GrpcClient - grpc client connection server:127.0.0.1 ip,serverPort:9848,grpcTslConfig:{"sslProvider":"","enableTls":false,"mutualAuthEnable":false,"trustAll":false}
2026-07-14 03:55:09.257 ERROR [wc-user] [traceId=none] [com.alibaba.nacos.client.remote.worker.1] c.a.n.c.r.client.grpc.GrpcClient - Server check fail, please check server 127.0.0.1 ,port 9848 is available , error ={}
java.util.concurrent.ExecutionException: com.alibaba.nacos.shaded.io.grpc.StatusRuntimeException: UNAVAILABLE: io exception
	at com.alibaba.nacos.shaded.com.google.common.util.concurrent.AbstractFuture.getDoneValue(AbstractFuture.java:592)
	at com.alibaba.nacos.shaded.com.google.common.util.concurrent.AbstractFuture.get(AbstractFuture.java:467)
	at com.alibaba.nacos.common.remote.client.grpc.GrpcClient.serverCheck(GrpcClient.java:243)
	at com.alibaba.nacos.common.remote.client.grpc.GrpcClient.connectToServer(GrpcClient.java:367)
	at com.alibaba.nacos.common.remote.client.RpcClient.reconnect(RpcClient.java:502)
	at com.alibaba.nacos.common.remote.client.RpcClient.lambda$start$1(RpcClient.java:329)
	at java.base/java.util.concurrent.Executors$RunnableAdapter.call(Executors.java:572)
	at java.base/java.util.concurrent.FutureTask.run(FutureTask.java:317)
	at java.base/java.util.concurrent.ScheduledThreadPoolExecutor$ScheduledFutureTask.run(ScheduledThreadPoolExecutor.java:304)
	at java.base/java.util.concurrent.ThreadPoolExecutor.runWorker(ThreadPoolExecutor.java:1144)
	at java.base/java.util.concurrent.ThreadPoolExecutor$Worker.run(ThreadPoolExecutor.java:642)
	at java.base/java.lang.Thread.run(Thread.java:1583)
Caused by: com.alibaba.nacos.shaded.io.grpc.StatusRuntimeException: UNAVAILABLE: io exception
	at com.alibaba.nacos.shaded.io.grpc.Status.asRuntimeException(Status.java:537)
	at com.alibaba.nacos.shaded.io.grpc.stub.ClientCalls$UnaryStreamToFuture.onClose(ClientCalls.java:548)
	at com.alibaba.nacos.shaded.io.grpc.internal.DelayedClientCall$DelayedListener$3.run(DelayedClientCall.java:489)
	at com.alibaba.nacos.shaded.io.grpc.internal.DelayedClientCall$DelayedListener.delayOrExecute(DelayedClientCall.java:453)
	at com.alibaba.nacos.shaded.io.grpc.internal.DelayedClientCall$DelayedListener.onClose(DelayedClientCall.java:486)
	at com.alibaba.nacos.shaded.io.grpc.internal.ClientCallImpl.closeObserver(ClientCallImpl.java:567)
	at com.alibaba.nacos.shaded.io.grpc.internal.ClientCallImpl.access$300(ClientCallImpl.java:71)
	at com.alibaba.nacos.shaded.io.grpc.internal.ClientCallImpl$ClientStreamListenerImpl$1StreamClosed.runInternal(ClientCallImpl.java:735)
	at com.alibaba.nacos.shaded.io.grpc.internal.ClientCallImpl$ClientStreamListenerImpl$1StreamClosed.runInContext(ClientCallImpl.java:716)
	at com.alibaba.nacos.shaded.io.grpc.internal.ContextRunnable.run(ContextRunnable.java:37)
	at com.alibaba.nacos.shaded.io.grpc.internal.SerializingExecutor.run(SerializingExecutor.java:133)
	... 3 common frames omitted
Caused by: com.alibaba.nacos.shaded.io.grpc.netty.shaded.io.netty.channel.AbstractChannel$AnnotatedConnectException: Connection refused: getsockopt: /127.0.0.1:9848
Caused by: java.net.ConnectException: Connection refused: getsockopt
	at java.base/sun.nio.ch.Net.pollConnect(Native Method)
	at java.base/sun.nio.ch.Net.pollConnectNow(Net.java:690)
	at java.base/sun.nio.ch.SocketChannelImpl.finishConnect(SocketChannelImpl.java:973)
	at com.alibaba.nacos.shaded.io.grpc.netty.shaded.io.netty.channel.socket.nio.NioSocketChannel.doFinishConnect(NioSocketChannel.java:337)
	at com.alibaba.nacos.shaded.io.grpc.netty.shaded.io.netty.channel.nio.AbstractNioChannel$AbstractNioUnsafe.finishConnect(AbstractNioChannel.java:334)
	at com.alibaba.nacos.shaded.io.grpc.netty.shaded.io.netty.channel.nio.NioEventLoop.processSelectedKey(NioEventLoop.java:776)
	at com.alibaba.nacos.shaded.io.grpc.netty.shaded.io.netty.channel.nio.NioEventLoop.processSelectedKeysOptimized(NioEventLoop.java:724)
	at com.alibaba.nacos.shaded.io.grpc.netty.shaded.io.netty.channel.nio.NioEventLoop.processSelectedKeys(NioEventLoop.java:650)
	at com.alibaba.nacos.shaded.io.grpc.netty.shaded.io.netty.channel.nio.NioEventLoop.run(NioEventLoop.java:562)
	at com.alibaba.nacos.shaded.io.grpc.netty.shaded.io.netty.util.concurrent.SingleThreadEventExecutor$4.run(SingleThreadEventExecutor.java:997)
	at com.alibaba.nacos.shaded.io.grpc.netty.shaded.io.netty.util.internal.ThreadExecutorMap$2.run(ThreadExecutorMap.java:74)
	at com.alibaba.nacos.shaded.io.grpc.netty.shaded.io.netty.util.concurrent.FastThreadLocalRunnable.run(FastThreadLocalRunnable.java:30)
	at java.base/java.lang.Thread.run(Thread.java:1583)
2026-07-14 03:55:09.258 INFO  [wc-user] [traceId=none] [com.alibaba.nacos.client.remote.worker.1] c.alibaba.nacos.common.remote.client - [d194ed6e-d24e-4c53-be44-e9209553a88a] Fail to connect server, after trying 24 times, last try server is {serverIp = '127.0.0.1', server main port = 8848}, error = unknown
2026-07-14 03:55:11.771 INFO  [wc-user] [traceId=none] [com.alibaba.nacos.client.remote.worker.1] c.a.n.c.r.client.grpc.GrpcClient - grpc client connection server:127.0.0.1 ip,serverPort:9848,grpcTslConfig:{"sslProvider":"","enableTls":false,"mutualAuthEnable":false,"trustAll":false}
2026-07-14 03:55:11.775 ERROR [wc-user] [traceId=none] [com.alibaba.nacos.client.remote.worker.1] c.a.n.c.r.client.grpc.GrpcClient - Server check fail, please check server 127.0.0.1 ,port 9848 is available , error ={}
java.util.concurrent.ExecutionException: com.alibaba.nacos.shaded.io.grpc.StatusRuntimeException: UNAVAILABLE: io exception
	at com.alibaba.nacos.shaded.com.google.common.util.concurrent.AbstractFuture.getDoneValue(AbstractFuture.java:592)
	at com.alibaba.nacos.shaded.com.google.common.util.concurrent.AbstractFuture.get(AbstractFuture.java:467)
	at com.alibaba.nacos.common.remote.client.grpc.GrpcClient.serverCheck(GrpcClient.java:243)
	at com.alibaba.nacos.common.remote.client.grpc.GrpcClient.connectToServer(GrpcClient.java:367)
	at com.alibaba.nacos.common.remote.client.RpcClient.reconnect(RpcClient.java:502)
	at com.alibaba.nacos.common.remote.client.RpcClient.lambda$start$1(RpcClient.java:329)
	at java.base/java.util.concurrent.Executors$RunnableAdapter.call(Executors.java:572)
	at java.base/java.util.concurrent.FutureTask.run(FutureTask.java:317)
	at java.base/java.util.concurrent.ScheduledThreadPoolExecutor$ScheduledFutureTask.run(ScheduledThreadPoolExecutor.java:304)
	at java.base/java.util.concurrent.ThreadPoolExecutor.runWorker(ThreadPoolExecutor.java:1144)
	at java.base/java.util.concurrent.ThreadPoolExecutor$Worker.run(ThreadPoolExecutor.java:642)
	at java.base/java.lang.Thread.run(Thread.java:1583)
Caused by: com.alibaba.nacos.shaded.io.grpc.StatusRuntimeException: UNAVAILABLE: io exception
	at com.alibaba.nacos.shaded.io.grpc.Status.asRuntimeException(Status.java:537)
	at com.alibaba.nacos.shaded.io.grpc.stub.ClientCalls$UnaryStreamToFuture.onClose(ClientCalls.java:548)
	at com.alibaba.nacos.shaded.io.grpc.internal.DelayedClientCall$DelayedListener$3.run(DelayedClientCall.java:489)
	at com.alibaba.nacos.shaded.io.grpc.internal.DelayedClientCall$DelayedListener.delayOrExecute(DelayedClientCall.java:453)
	at com.alibaba.nacos.shaded.io.grpc.internal.DelayedClientCall$DelayedListener.onClose(DelayedClientCall.java:486)
	at com.alibaba.nacos.shaded.io.grpc.internal.ClientCallImpl.closeObserver(ClientCallImpl.java:567)
	at com.alibaba.nacos.shaded.io.grpc.internal.ClientCallImpl.access$300(ClientCallImpl.java:71)
	at com.alibaba.nacos.shaded.io.grpc.internal.ClientCallImpl$ClientStreamListenerImpl$1StreamClosed.runInternal(ClientCallImpl.java:735)
	at com.alibaba.nacos.shaded.io.grpc.internal.ClientCallImpl$ClientStreamListenerImpl$1StreamClosed.runInContext(ClientCallImpl.java:716)
	at com.alibaba.nacos.shaded.io.grpc.internal.ContextRunnable.run(ContextRunnable.java:37)
	at com.alibaba.nacos.shaded.io.grpc.internal.SerializingExecutor.run(SerializingExecutor.java:133)
	... 3 common frames omitted
Caused by: com.alibaba.nacos.shaded.io.grpc.netty.shaded.io.netty.channel.AbstractChannel$AnnotatedConnectException: Connection refused: getsockopt: /127.0.0.1:9848
Caused by: java.net.ConnectException: Connection refused: getsockopt
	at java.base/sun.nio.ch.Net.pollConnect(Native Method)
	at java.base/sun.nio.ch.Net.pollConnectNow(Net.java:690)
	at java.base/sun.nio.ch.SocketChannelImpl.finishConnect(SocketChannelImpl.java:973)
	at com.alibaba.nacos.shaded.io.grpc.netty.shaded.io.netty.channel.socket.nio.NioSocketChannel.doFinishConnect(NioSocketChannel.java:337)
	at com.alibaba.nacos.shaded.io.grpc.netty.shaded.io.netty.channel.nio.AbstractNioChannel$AbstractNioUnsafe.finishConnect(AbstractNioChannel.java:334)
	at com.alibaba.nacos.shaded.io.grpc.netty.shaded.io.netty.channel.nio.NioEventLoop.processSelectedKey(NioEventLoop.java:776)
	at com.alibaba.nacos.shaded.io.grpc.netty.shaded.io.netty.channel.nio.NioEventLoop.processSelectedKeysOptimized(NioEventLoop.java:724)
	at com.alibaba.nacos.shaded.io.grpc.netty.shaded.io.netty.channel.nio.NioEventLoop.processSelectedKeys(NioEventLoop.java:650)
	at com.alibaba.nacos.shaded.io.grpc.netty.shaded.io.netty.channel.nio.NioEventLoop.run(NioEventLoop.java:562)
	at com.alibaba.nacos.shaded.io.grpc.netty.shaded.io.netty.util.concurrent.SingleThreadEventExecutor$4.run(SingleThreadEventExecutor.java:997)
	at com.alibaba.nacos.shaded.io.grpc.netty.shaded.io.netty.util.internal.ThreadExecutorMap$2.run(ThreadExecutorMap.java:74)
	at com.alibaba.nacos.shaded.io.grpc.netty.shaded.io.netty.util.concurrent.FastThreadLocalRunnable.run(FastThreadLocalRunnable.java:30)
	at java.base/java.lang.Thread.run(Thread.java:1583)
2026-07-14 03:55:11.775 INFO  [wc-user] [traceId=none] [com.alibaba.nacos.client.remote.worker.1] c.alibaba.nacos.common.remote.client - [d194ed6e-d24e-4c53-be44-e9209553a88a] Fail to connect server, after trying 25 times, last try server is {serverIp = '127.0.0.1', server main port = 8848}, error = unknown
2026-07-14 03:55:14.381 INFO  [wc-user] [traceId=none] [com.alibaba.nacos.client.remote.worker.1] c.a.n.c.r.client.grpc.GrpcClient - grpc client connection server:127.0.0.1 ip,serverPort:9848,grpcTslConfig:{"sslProvider":"","enableTls":false,"mutualAuthEnable":false,"trustAll":false}
2026-07-14 03:55:14.384 ERROR [wc-user] [traceId=none] [com.alibaba.nacos.client.remote.worker.1] c.a.n.c.r.client.grpc.GrpcClient - Server check fail, please check server 127.0.0.1 ,port 9848 is available , error ={}
java.util.concurrent.ExecutionException: com.alibaba.nacos.shaded.io.grpc.StatusRuntimeException: UNAVAILABLE: io exception
	at com.alibaba.nacos.shaded.com.google.common.util.concurrent.AbstractFuture.getDoneValue(AbstractFuture.java:592)
	at com.alibaba.nacos.shaded.com.google.common.util.concurrent.AbstractFuture.get(AbstractFuture.java:467)
	at com.alibaba.nacos.common.remote.client.grpc.GrpcClient.serverCheck(GrpcClient.java:243)
	at com.alibaba.nacos.common.remote.client.grpc.GrpcClient.connectToServer(GrpcClient.java:367)
	at com.alibaba.nacos.common.remote.client.RpcClient.reconnect(RpcClient.java:502)
	at com.alibaba.nacos.common.remote.client.RpcClient.lambda$start$1(RpcClient.java:329)
	at java.base/java.util.concurrent.Executors$RunnableAdapter.call(Executors.java:572)
	at java.base/java.util.concurrent.FutureTask.run(FutureTask.java:317)
	at java.base/java.util.concurrent.ScheduledThreadPoolExecutor$ScheduledFutureTask.run(ScheduledThreadPoolExecutor.java:304)
	at java.base/java.util.concurrent.ThreadPoolExecutor.runWorker(ThreadPoolExecutor.java:1144)
	at java.base/java.util.concurrent.ThreadPoolExecutor$Worker.run(ThreadPoolExecutor.java:642)
	at java.base/java.lang.Thread.run(Thread.java:1583)
Caused by: com.alibaba.nacos.shaded.io.grpc.StatusRuntimeException: UNAVAILABLE: io exception
	at com.alibaba.nacos.shaded.io.grpc.Status.asRuntimeException(Status.java:537)
	at com.alibaba.nacos.shaded.io.grpc.stub.ClientCalls$UnaryStreamToFuture.onClose(ClientCalls.java:548)
	at com.alibaba.nacos.shaded.io.grpc.internal.DelayedClientCall$DelayedListener$3.run(DelayedClientCall.java:489)
	at com.alibaba.nacos.shaded.io.grpc.internal.DelayedClientCall$DelayedListener.delayOrExecute(DelayedClientCall.java:453)
	at com.alibaba.nacos.shaded.io.grpc.internal.DelayedClientCall$DelayedListener.onClose(DelayedClientCall.java:486)
	at com.alibaba.nacos.shaded.io.grpc.internal.ClientCallImpl.closeObserver(ClientCallImpl.java:567)
	at com.alibaba.nacos.shaded.io.grpc.internal.ClientCallImpl.access$300(ClientCallImpl.java:71)
	at com.alibaba.nacos.shaded.io.grpc.internal.ClientCallImpl$ClientStreamListenerImpl$1StreamClosed.runInternal(ClientCallImpl.java:735)
	at com.alibaba.nacos.shaded.io.grpc.internal.ClientCallImpl$ClientStreamListenerImpl$1StreamClosed.runInContext(ClientCallImpl.java:716)
	at com.alibaba.nacos.shaded.io.grpc.internal.ContextRunnable.run(ContextRunnable.java:37)
	at com.alibaba.nacos.shaded.io.grpc.internal.SerializingExecutor.run(SerializingExecutor.java:133)
	... 3 common frames omitted
Caused by: com.alibaba.nacos.shaded.io.grpc.netty.shaded.io.netty.channel.AbstractChannel$AnnotatedConnectException: Connection refused: getsockopt: /127.0.0.1:9848
Caused by: java.net.ConnectException: Connection refused: getsockopt
	at java.base/sun.nio.ch.Net.pollConnect(Native Method)
	at java.base/sun.nio.ch.Net.pollConnectNow(Net.java:690)
	at java.base/sun.nio.ch.SocketChannelImpl.finishConnect(SocketChannelImpl.java:973)
	at com.alibaba.nacos.shaded.io.grpc.netty.shaded.io.netty.channel.socket.nio.NioSocketChannel.doFinishConnect(NioSocketChannel.java:337)
	at com.alibaba.nacos.shaded.io.grpc.netty.shaded.io.netty.channel.nio.AbstractNioChannel$AbstractNioUnsafe.finishConnect(AbstractNioChannel.java:334)
	at com.alibaba.nacos.shaded.io.grpc.netty.shaded.io.netty.channel.nio.NioEventLoop.processSelectedKey(NioEventLoop.java:776)
	at com.alibaba.nacos.shaded.io.grpc.netty.shaded.io.netty.channel.nio.NioEventLoop.processSelectedKeysOptimized(NioEventLoop.java:724)
	at com.alibaba.nacos.shaded.io.grpc.netty.shaded.io.netty.channel.nio.NioEventLoop.processSelectedKeys(NioEventLoop.java:650)
	at com.alibaba.nacos.shaded.io.grpc.netty.shaded.io.netty.channel.nio.NioEventLoop.run(NioEventLoop.java:562)
	at com.alibaba.nacos.shaded.io.grpc.netty.shaded.io.netty.util.concurrent.SingleThreadEventExecutor$4.run(SingleThreadEventExecutor.java:997)
	at com.alibaba.nacos.shaded.io.grpc.netty.shaded.io.netty.util.internal.ThreadExecutorMap$2.run(ThreadExecutorMap.java:74)
	at com.alibaba.nacos.shaded.io.grpc.netty.shaded.io.netty.util.concurrent.FastThreadLocalRunnable.run(FastThreadLocalRunnable.java:30)
	at java.base/java.lang.Thread.run(Thread.java:1583)
2026-07-14 03:55:14.385 INFO  [wc-user] [traceId=none] [com.alibaba.nacos.client.remote.worker.1] c.alibaba.nacos.common.remote.client - [d194ed6e-d24e-4c53-be44-e9209553a88a] Fail to connect server, after trying 26 times, last try server is {serverIp = '127.0.0.1', server main port = 8848}, error = unknown
2026-07-14 03:55:17.094 INFO  [wc-user] [traceId=none] [com.alibaba.nacos.client.remote.worker.1] c.a.n.c.r.client.grpc.GrpcClient - grpc client connection server:127.0.0.1 ip,serverPort:9848,grpcTslConfig:{"sslProvider":"","enableTls":false,"mutualAuthEnable":false,"trustAll":false}
2026-07-14 03:55:17.098 ERROR [wc-user] [traceId=none] [com.alibaba.nacos.client.remote.worker.1] c.a.n.c.r.client.grpc.GrpcClient - Server check fail, please check server 127.0.0.1 ,port 9848 is available , error ={}
java.util.concurrent.ExecutionException: com.alibaba.nacos.shaded.io.grpc.StatusRuntimeException: UNAVAILABLE: io exception
	at com.alibaba.nacos.shaded.com.google.common.util.concurrent.AbstractFuture.getDoneValue(AbstractFuture.java:592)
	at com.alibaba.nacos.shaded.com.google.common.util.concurrent.AbstractFuture.get(AbstractFuture.java:467)
	at com.alibaba.nacos.common.remote.client.grpc.GrpcClient.serverCheck(GrpcClient.java:243)
	at com.alibaba.nacos.common.remote.client.grpc.GrpcClient.connectToServer(GrpcClient.java:367)
	at com.alibaba.nacos.common.remote.client.RpcClient.reconnect(RpcClient.java:502)
	at com.alibaba.nacos.common.remote.client.RpcClient.lambda$start$1(RpcClient.java:329)
	at java.base/java.util.concurrent.Executors$RunnableAdapter.call(Executors.java:572)
	at java.base/java.util.concurrent.FutureTask.run(FutureTask.java:317)
	at java.base/java.util.concurrent.ScheduledThreadPoolExecutor$ScheduledFutureTask.run(ScheduledThreadPoolExecutor.java:304)
	at java.base/java.util.concurrent.ThreadPoolExecutor.runWorker(ThreadPoolExecutor.java:1144)
	at java.base/java.util.concurrent.ThreadPoolExecutor$Worker.run(ThreadPoolExecutor.java:642)
	at java.base/java.lang.Thread.run(Thread.java:1583)
Caused by: com.alibaba.nacos.shaded.io.grpc.StatusRuntimeException: UNAVAILABLE: io exception
	at com.alibaba.nacos.shaded.io.grpc.Status.asRuntimeException(Status.java:537)
	at com.alibaba.nacos.shaded.io.grpc.stub.ClientCalls$UnaryStreamToFuture.onClose(ClientCalls.java:548)
	at com.alibaba.nacos.shaded.io.grpc.internal.DelayedClientCall$DelayedListener$3.run(DelayedClientCall.java:489)
	at com.alibaba.nacos.shaded.io.grpc.internal.DelayedClientCall$DelayedListener.delayOrExecute(DelayedClientCall.java:453)
	at com.alibaba.nacos.shaded.io.grpc.internal.DelayedClientCall$DelayedListener.onClose(DelayedClientCall.java:486)
	at com.alibaba.nacos.shaded.io.grpc.internal.ClientCallImpl.closeObserver(ClientCallImpl.java:567)
	at com.alibaba.nacos.shaded.io.grpc.internal.ClientCallImpl.access$300(ClientCallImpl.java:71)
	at com.alibaba.nacos.shaded.io.grpc.internal.ClientCallImpl$ClientStreamListenerImpl$1StreamClosed.runInternal(ClientCallImpl.java:735)
	at com.alibaba.nacos.shaded.io.grpc.internal.ClientCallImpl$ClientStreamListenerImpl$1StreamClosed.runInContext(ClientCallImpl.java:716)
	at com.alibaba.nacos.shaded.io.grpc.internal.ContextRunnable.run(ContextRunnable.java:37)
	at com.alibaba.nacos.shaded.io.grpc.internal.SerializingExecutor.run(SerializingExecutor.java:133)
	... 3 common frames omitted
Caused by: com.alibaba.nacos.shaded.io.grpc.netty.shaded.io.netty.channel.AbstractChannel$AnnotatedConnectException: Connection refused: getsockopt: /127.0.0.1:9848
Caused by: java.net.ConnectException: Connection refused: getsockopt
	at java.base/sun.nio.ch.Net.pollConnect(Native Method)
	at java.base/sun.nio.ch.Net.pollConnectNow(Net.java:690)
	at java.base/sun.nio.ch.SocketChannelImpl.finishConnect(SocketChannelImpl.java:973)
	at com.alibaba.nacos.shaded.io.grpc.netty.shaded.io.netty.channel.socket.nio.NioSocketChannel.doFinishConnect(NioSocketChannel.java:337)
	at com.alibaba.nacos.shaded.io.grpc.netty.shaded.io.netty.channel.nio.AbstractNioChannel$AbstractNioUnsafe.finishConnect(AbstractNioChannel.java:334)
	at com.alibaba.nacos.shaded.io.grpc.netty.shaded.io.netty.channel.nio.NioEventLoop.processSelectedKey(NioEventLoop.java:776)
	at com.alibaba.nacos.shaded.io.grpc.netty.shaded.io.netty.channel.nio.NioEventLoop.processSelectedKeysOptimized(NioEventLoop.java:724)
	at com.alibaba.nacos.shaded.io.grpc.netty.shaded.io.netty.channel.nio.NioEventLoop.processSelectedKeys(NioEventLoop.java:650)
	at com.alibaba.nacos.shaded.io.grpc.netty.shaded.io.netty.channel.nio.NioEventLoop.run(NioEventLoop.java:562)
	at com.alibaba.nacos.shaded.io.grpc.netty.shaded.io.netty.util.concurrent.SingleThreadEventExecutor$4.run(SingleThreadEventExecutor.java:997)
	at com.alibaba.nacos.shaded.io.grpc.netty.shaded.io.netty.util.internal.ThreadExecutorMap$2.run(ThreadExecutorMap.java:74)
	at com.alibaba.nacos.shaded.io.grpc.netty.shaded.io.netty.util.concurrent.FastThreadLocalRunnable.run(FastThreadLocalRunnable.java:30)
	at java.base/java.lang.Thread.run(Thread.java:1583)
2026-07-14 03:55:17.099 INFO  [wc-user] [traceId=none] [com.alibaba.nacos.client.remote.worker.1] c.alibaba.nacos.common.remote.client - [d194ed6e-d24e-4c53-be44-e9209553a88a] Fail to connect server, after trying 27 times, last try server is {serverIp = '127.0.0.1', server main port = 8848}, error = unknown
2026-07-14 03:55:19.910 INFO  [wc-user] [traceId=none] [com.alibaba.nacos.client.remote.worker.1] c.a.n.c.r.client.grpc.GrpcClient - grpc client connection server:127.0.0.1 ip,serverPort:9848,grpcTslConfig:{"sslProvider":"","enableTls":false,"mutualAuthEnable":false,"trustAll":false}
2026-07-14 03:55:19.914 ERROR [wc-user] [traceId=none] [com.alibaba.nacos.client.remote.worker.1] c.a.n.c.r.client.grpc.GrpcClient - Server check fail, please check server 127.0.0.1 ,port 9848 is available , error ={}
java.util.concurrent.ExecutionException: com.alibaba.nacos.shaded.io.grpc.StatusRuntimeException: UNAVAILABLE: io exception
	at com.alibaba.nacos.shaded.com.google.common.util.concurrent.AbstractFuture.getDoneValue(AbstractFuture.java:592)
	at com.alibaba.nacos.shaded.com.google.common.util.concurrent.AbstractFuture.get(AbstractFuture.java:467)
	at com.alibaba.nacos.common.remote.client.grpc.GrpcClient.serverCheck(GrpcClient.java:243)
	at com.alibaba.nacos.common.remote.client.grpc.GrpcClient.connectToServer(GrpcClient.java:367)
	at com.alibaba.nacos.common.remote.client.RpcClient.reconnect(RpcClient.java:502)
	at com.alibaba.nacos.common.remote.client.RpcClient.lambda$start$1(RpcClient.java:329)
	at java.base/java.util.concurrent.Executors$RunnableAdapter.call(Executors.java:572)
	at java.base/java.util.concurrent.FutureTask.run(FutureTask.java:317)
	at java.base/java.util.concurrent.ScheduledThreadPoolExecutor$ScheduledFutureTask.run(ScheduledThreadPoolExecutor.java:304)
	at java.base/java.util.concurrent.ThreadPoolExecutor.runWorker(ThreadPoolExecutor.java:1144)
	at java.base/java.util.concurrent.ThreadPoolExecutor$Worker.run(ThreadPoolExecutor.java:642)
	at java.base/java.lang.Thread.run(Thread.java:1583)
Caused by: com.alibaba.nacos.shaded.io.grpc.StatusRuntimeException: UNAVAILABLE: io exception
	at com.alibaba.nacos.shaded.io.grpc.Status.asRuntimeException(Status.java:537)
	at com.alibaba.nacos.shaded.io.grpc.stub.ClientCalls$UnaryStreamToFuture.onClose(ClientCalls.java:548)
	at com.alibaba.nacos.shaded.io.grpc.internal.DelayedClientCall$DelayedListener$3.run(DelayedClientCall.java:489)
	at com.alibaba.nacos.shaded.io.grpc.internal.DelayedClientCall$DelayedListener.delayOrExecute(DelayedClientCall.java:453)
	at com.alibaba.nacos.shaded.io.grpc.internal.DelayedClientCall$DelayedListener.onClose(DelayedClientCall.java:486)
	at com.alibaba.nacos.shaded.io.grpc.internal.ClientCallImpl.closeObserver(ClientCallImpl.java:567)
	at com.alibaba.nacos.shaded.io.grpc.internal.ClientCallImpl.access$300(ClientCallImpl.java:71)
	at com.alibaba.nacos.shaded.io.grpc.internal.ClientCallImpl$ClientStreamListenerImpl$1StreamClosed.runInternal(ClientCallImpl.java:735)
	at com.alibaba.nacos.shaded.io.grpc.internal.ClientCallImpl$ClientStreamListenerImpl$1StreamClosed.runInContext(ClientCallImpl.java:716)
	at com.alibaba.nacos.shaded.io.grpc.internal.ContextRunnable.run(ContextRunnable.java:37)
	at com.alibaba.nacos.shaded.io.grpc.internal.SerializingExecutor.run(SerializingExecutor.java:133)
	... 3 common frames omitted
Caused by: com.alibaba.nacos.shaded.io.grpc.netty.shaded.io.netty.channel.AbstractChannel$AnnotatedConnectException: Connection refused: getsockopt: /127.0.0.1:9848
Caused by: java.net.ConnectException: Connection refused: getsockopt
	at java.base/sun.nio.ch.Net.pollConnect(Native Method)
	at java.base/sun.nio.ch.Net.pollConnectNow(Net.java:690)
	at java.base/sun.nio.ch.SocketChannelImpl.finishConnect(SocketChannelImpl.java:973)
	at com.alibaba.nacos.shaded.io.grpc.netty.shaded.io.netty.channel.socket.nio.NioSocketChannel.doFinishConnect(NioSocketChannel.java:337)
	at com.alibaba.nacos.shaded.io.grpc.netty.shaded.io.netty.channel.nio.AbstractNioChannel$AbstractNioUnsafe.finishConnect(AbstractNioChannel.java:334)
	at com.alibaba.nacos.shaded.io.grpc.netty.shaded.io.netty.channel.nio.NioEventLoop.processSelectedKey(NioEventLoop.java:776)
	at com.alibaba.nacos.shaded.io.grpc.netty.shaded.io.netty.channel.nio.NioEventLoop.processSelectedKeysOptimized(NioEventLoop.java:724)
	at com.alibaba.nacos.shaded.io.grpc.netty.shaded.io.netty.channel.nio.NioEventLoop.processSelectedKeys(NioEventLoop.java:650)
	at com.alibaba.nacos.shaded.io.grpc.netty.shaded.io.netty.channel.nio.NioEventLoop.run(NioEventLoop.java:562)
	at com.alibaba.nacos.shaded.io.grpc.netty.shaded.io.netty.util.concurrent.SingleThreadEventExecutor$4.run(SingleThreadEventExecutor.java:997)
	at com.alibaba.nacos.shaded.io.grpc.netty.shaded.io.netty.util.internal.ThreadExecutorMap$2.run(ThreadExecutorMap.java:74)
	at com.alibaba.nacos.shaded.io.grpc.netty.shaded.io.netty.util.concurrent.FastThreadLocalRunnable.run(FastThreadLocalRunnable.java:30)
	at java.base/java.lang.Thread.run(Thread.java:1583)
2026-07-14 03:55:19.915 INFO  [wc-user] [traceId=none] [com.alibaba.nacos.client.remote.worker.1] c.alibaba.nacos.common.remote.client - [d194ed6e-d24e-4c53-be44-e9209553a88a] Fail to connect server, after trying 28 times, last try server is {serverIp = '127.0.0.1', server main port = 8848}, error = unknown
2026-07-14 03:55:22.816 INFO  [wc-user] [traceId=none] [com.alibaba.nacos.client.remote.worker.1] c.a.n.c.r.client.grpc.GrpcClient - grpc client connection server:127.0.0.1 ip,serverPort:9848,grpcTslConfig:{"sslProvider":"","enableTls":false,"mutualAuthEnable":false,"trustAll":false}
2026-07-14 03:55:22.820 ERROR [wc-user] [traceId=none] [com.alibaba.nacos.client.remote.worker.1] c.a.n.c.r.client.grpc.GrpcClient - Server check fail, please check server 127.0.0.1 ,port 9848 is available , error ={}
java.util.concurrent.ExecutionException: com.alibaba.nacos.shaded.io.grpc.StatusRuntimeException: UNAVAILABLE: io exception
	at com.alibaba.nacos.shaded.com.google.common.util.concurrent.AbstractFuture.getDoneValue(AbstractFuture.java:592)
	at com.alibaba.nacos.shaded.com.google.common.util.concurrent.AbstractFuture.get(AbstractFuture.java:467)
	at com.alibaba.nacos.common.remote.client.grpc.GrpcClient.serverCheck(GrpcClient.java:243)
	at com.alibaba.nacos.common.remote.client.grpc.GrpcClient.connectToServer(GrpcClient.java:367)
	at com.alibaba.nacos.common.remote.client.RpcClient.reconnect(RpcClient.java:502)
	at com.alibaba.nacos.common.remote.client.RpcClient.lambda$start$1(RpcClient.java:329)
	at java.base/java.util.concurrent.Executors$RunnableAdapter.call(Executors.java:572)
	at java.base/java.util.concurrent.FutureTask.run(FutureTask.java:317)
	at java.base/java.util.concurrent.ScheduledThreadPoolExecutor$ScheduledFutureTask.run(ScheduledThreadPoolExecutor.java:304)
	at java.base/java.util.concurrent.ThreadPoolExecutor.runWorker(ThreadPoolExecutor.java:1144)
	at java.base/java.util.concurrent.ThreadPoolExecutor$Worker.run(ThreadPoolExecutor.java:642)
	at java.base/java.lang.Thread.run(Thread.java:1583)
Caused by: com.alibaba.nacos.shaded.io.grpc.StatusRuntimeException: UNAVAILABLE: io exception
	at com.alibaba.nacos.shaded.io.grpc.Status.asRuntimeException(Status.java:537)
	at com.alibaba.nacos.shaded.io.grpc.stub.ClientCalls$UnaryStreamToFuture.onClose(ClientCalls.java:548)
	at com.alibaba.nacos.shaded.io.grpc.internal.DelayedClientCall$DelayedListener$3.run(DelayedClientCall.java:489)
	at com.alibaba.nacos.shaded.io.grpc.internal.DelayedClientCall$DelayedListener.delayOrExecute(DelayedClientCall.java:453)
	at com.alibaba.nacos.shaded.io.grpc.internal.DelayedClientCall$DelayedListener.onClose(DelayedClientCall.java:486)
	at com.alibaba.nacos.shaded.io.grpc.internal.ClientCallImpl.closeObserver(ClientCallImpl.java:567)
	at com.alibaba.nacos.shaded.io.grpc.internal.ClientCallImpl.access$300(ClientCallImpl.java:71)
	at com.alibaba.nacos.shaded.io.grpc.internal.ClientCallImpl$ClientStreamListenerImpl$1StreamClosed.runInternal(ClientCallImpl.java:735)
	at com.alibaba.nacos.shaded.io.grpc.internal.ClientCallImpl$ClientStreamListenerImpl$1StreamClosed.runInContext(ClientCallImpl.java:716)
	at com.alibaba.nacos.shaded.io.grpc.internal.ContextRunnable.run(ContextRunnable.java:37)
	at com.alibaba.nacos.shaded.io.grpc.internal.SerializingExecutor.run(SerializingExecutor.java:133)
	... 3 common frames omitted
Caused by: com.alibaba.nacos.shaded.io.grpc.netty.shaded.io.netty.channel.AbstractChannel$AnnotatedConnectException: Connection refused: getsockopt: /127.0.0.1:9848
Caused by: java.net.ConnectException: Connection refused: getsockopt
	at java.base/sun.nio.ch.Net.pollConnect(Native Method)
	at java.base/sun.nio.ch.Net.pollConnectNow(Net.java:690)
	at java.base/sun.nio.ch.SocketChannelImpl.finishConnect(SocketChannelImpl.java:973)
	at com.alibaba.nacos.shaded.io.grpc.netty.shaded.io.netty.channel.socket.nio.NioSocketChannel.doFinishConnect(NioSocketChannel.java:337)
	at com.alibaba.nacos.shaded.io.grpc.netty.shaded.io.netty.channel.nio.AbstractNioChannel$AbstractNioUnsafe.finishConnect(AbstractNioChannel.java:334)
	at com.alibaba.nacos.shaded.io.grpc.netty.shaded.io.netty.channel.nio.NioEventLoop.processSelectedKey(NioEventLoop.java:776)
	at com.alibaba.nacos.shaded.io.grpc.netty.shaded.io.netty.channel.nio.NioEventLoop.processSelectedKeysOptimized(NioEventLoop.java:724)
	at com.alibaba.nacos.shaded.io.grpc.netty.shaded.io.netty.channel.nio.NioEventLoop.processSelectedKeys(NioEventLoop.java:650)
	at com.alibaba.nacos.shaded.io.grpc.netty.shaded.io.netty.channel.nio.NioEventLoop.run(NioEventLoop.java:562)
	at com.alibaba.nacos.shaded.io.grpc.netty.shaded.io.netty.util.concurrent.SingleThreadEventExecutor$4.run(SingleThreadEventExecutor.java:997)
	at com.alibaba.nacos.shaded.io.grpc.netty.shaded.io.netty.util.internal.ThreadExecutorMap$2.run(ThreadExecutorMap.java:74)
	at com.alibaba.nacos.shaded.io.grpc.netty.shaded.io.netty.util.concurrent.FastThreadLocalRunnable.run(FastThreadLocalRunnable.java:30)
	at java.base/java.lang.Thread.run(Thread.java:1583)
2026-07-14 03:55:22.821 INFO  [wc-user] [traceId=none] [com.alibaba.nacos.client.remote.worker.1] c.alibaba.nacos.common.remote.client - [d194ed6e-d24e-4c53-be44-e9209553a88a] Fail to connect server, after trying 29 times, last try server is {serverIp = '127.0.0.1', server main port = 8848}, error = unknown
2026-07-14 03:55:25.821 INFO  [wc-user] [traceId=none] [com.alibaba.nacos.client.remote.worker.1] c.a.n.c.r.client.grpc.GrpcClient - grpc client connection server:127.0.0.1 ip,serverPort:9848,grpcTslConfig:{"sslProvider":"","enableTls":false,"mutualAuthEnable":false,"trustAll":false}
2026-07-14 03:55:25.825 ERROR [wc-user] [traceId=none] [com.alibaba.nacos.client.remote.worker.1] c.a.n.c.r.client.grpc.GrpcClient - Server check fail, please check server 127.0.0.1 ,port 9848 is available , error ={}
java.util.concurrent.ExecutionException: com.alibaba.nacos.shaded.io.grpc.StatusRuntimeException: UNAVAILABLE: io exception
	at com.alibaba.nacos.shaded.com.google.common.util.concurrent.AbstractFuture.getDoneValue(AbstractFuture.java:592)
	at com.alibaba.nacos.shaded.com.google.common.util.concurrent.AbstractFuture.get(AbstractFuture.java:467)
	at com.alibaba.nacos.common.remote.client.grpc.GrpcClient.serverCheck(GrpcClient.java:243)
	at com.alibaba.nacos.common.remote.client.grpc.GrpcClient.connectToServer(GrpcClient.java:367)
	at com.alibaba.nacos.common.remote.client.RpcClient.reconnect(RpcClient.java:502)
	at com.alibaba.nacos.common.remote.client.RpcClient.lambda$start$1(RpcClient.java:329)
	at java.base/java.util.concurrent.Executors$RunnableAdapter.call(Executors.java:572)
	at java.base/java.util.concurrent.FutureTask.run(FutureTask.java:317)
	at java.base/java.util.concurrent.ScheduledThreadPoolExecutor$ScheduledFutureTask.run(ScheduledThreadPoolExecutor.java:304)
	at java.base/java.util.concurrent.ThreadPoolExecutor.runWorker(ThreadPoolExecutor.java:1144)
	at java.base/java.util.concurrent.ThreadPoolExecutor$Worker.run(ThreadPoolExecutor.java:642)
	at java.base/java.lang.Thread.run(Thread.java:1583)
Caused by: com.alibaba.nacos.shaded.io.grpc.StatusRuntimeException: UNAVAILABLE: io exception
	at com.alibaba.nacos.shaded.io.grpc.Status.asRuntimeException(Status.java:537)
	at com.alibaba.nacos.shaded.io.grpc.stub.ClientCalls$UnaryStreamToFuture.onClose(ClientCalls.java:548)
	at com.alibaba.nacos.shaded.io.grpc.internal.DelayedClientCall$DelayedListener$3.run(DelayedClientCall.java:489)
	at com.alibaba.nacos.shaded.io.grpc.internal.DelayedClientCall$DelayedListener.delayOrExecute(DelayedClientCall.java:453)
	at com.alibaba.nacos.shaded.io.grpc.internal.DelayedClientCall$DelayedListener.onClose(DelayedClientCall.java:486)
	at com.alibaba.nacos.shaded.io.grpc.internal.ClientCallImpl.closeObserver(ClientCallImpl.java:567)
	at com.alibaba.nacos.shaded.io.grpc.internal.ClientCallImpl.access$300(ClientCallImpl.java:71)
	at com.alibaba.nacos.shaded.io.grpc.internal.ClientCallImpl$ClientStreamListenerImpl$1StreamClosed.runInternal(ClientCallImpl.java:735)
	at com.alibaba.nacos.shaded.io.grpc.internal.ClientCallImpl$ClientStreamListenerImpl$1StreamClosed.runInContext(ClientCallImpl.java:716)
	at com.alibaba.nacos.shaded.io.grpc.internal.ContextRunnable.run(ContextRunnable.java:37)
	at com.alibaba.nacos.shaded.io.grpc.internal.SerializingExecutor.run(SerializingExecutor.java:133)
	... 3 common frames omitted
Caused by: com.alibaba.nacos.shaded.io.grpc.netty.shaded.io.netty.channel.AbstractChannel$AnnotatedConnectException: Connection refused: getsockopt: /127.0.0.1:9848
Caused by: java.net.ConnectException: Connection refused: getsockopt
	at java.base/sun.nio.ch.Net.pollConnect(Native Method)
	at java.base/sun.nio.ch.Net.pollConnectNow(Net.java:690)
	at java.base/sun.nio.ch.SocketChannelImpl.finishConnect(SocketChannelImpl.java:973)
	at com.alibaba.nacos.shaded.io.grpc.netty.shaded.io.netty.channel.socket.nio.NioSocketChannel.doFinishConnect(NioSocketChannel.java:337)
	at com.alibaba.nacos.shaded.io.grpc.netty.shaded.io.netty.channel.nio.AbstractNioChannel$AbstractNioUnsafe.finishConnect(AbstractNioChannel.java:334)
	at com.alibaba.nacos.shaded.io.grpc.netty.shaded.io.netty.channel.nio.NioEventLoop.processSelectedKey(NioEventLoop.java:776)
	at com.alibaba.nacos.shaded.io.grpc.netty.shaded.io.netty.channel.nio.NioEventLoop.processSelectedKeysOptimized(NioEventLoop.java:724)
	at com.alibaba.nacos.shaded.io.grpc.netty.shaded.io.netty.channel.nio.NioEventLoop.processSelectedKeys(NioEventLoop.java:650)
	at com.alibaba.nacos.shaded.io.grpc.netty.shaded.io.netty.channel.nio.NioEventLoop.run(NioEventLoop.java:562)
	at com.alibaba.nacos.shaded.io.grpc.netty.shaded.io.netty.util.concurrent.SingleThreadEventExecutor$4.run(SingleThreadEventExecutor.java:997)
	at com.alibaba.nacos.shaded.io.grpc.netty.shaded.io.netty.util.internal.ThreadExecutorMap$2.run(ThreadExecutorMap.java:74)
	at com.alibaba.nacos.shaded.io.grpc.netty.shaded.io.netty.util.concurrent.FastThreadLocalRunnable.run(FastThreadLocalRunnable.java:30)
	at java.base/java.lang.Thread.run(Thread.java:1583)
2026-07-14 03:55:25.825 INFO  [wc-user] [traceId=none] [com.alibaba.nacos.client.remote.worker.1] c.alibaba.nacos.common.remote.client - [d194ed6e-d24e-4c53-be44-e9209553a88a] Fail to connect server, after trying 30 times, last try server is {serverIp = '127.0.0.1', server main port = 8848}, error = unknown
2026-07-14 03:55:28.933 INFO  [wc-user] [traceId=none] [com.alibaba.nacos.client.remote.worker.1] c.a.n.c.r.client.grpc.GrpcClient - grpc client connection server:127.0.0.1 ip,serverPort:9848,grpcTslConfig:{"sslProvider":"","enableTls":false,"mutualAuthEnable":false,"trustAll":false}
2026-07-14 03:55:28.936 ERROR [wc-user] [traceId=none] [com.alibaba.nacos.client.remote.worker.1] c.a.n.c.r.client.grpc.GrpcClient - Server check fail, please check server 127.0.0.1 ,port 9848 is available , error ={}
java.util.concurrent.ExecutionException: com.alibaba.nacos.shaded.io.grpc.StatusRuntimeException: UNAVAILABLE: io exception
	at com.alibaba.nacos.shaded.com.google.common.util.concurrent.AbstractFuture.getDoneValue(AbstractFuture.java:592)
	at com.alibaba.nacos.shaded.com.google.common.util.concurrent.AbstractFuture.get(AbstractFuture.java:467)
	at com.alibaba.nacos.common.remote.client.grpc.GrpcClient.serverCheck(GrpcClient.java:243)
	at com.alibaba.nacos.common.remote.client.grpc.GrpcClient.connectToServer(GrpcClient.java:367)
	at com.alibaba.nacos.common.remote.client.RpcClient.reconnect(RpcClient.java:502)
	at com.alibaba.nacos.common.remote.client.RpcClient.lambda$start$1(RpcClient.java:329)
	at java.base/java.util.concurrent.Executors$RunnableAdapter.call(Executors.java:572)
	at java.base/java.util.concurrent.FutureTask.run(FutureTask.java:317)
	at java.base/java.util.concurrent.ScheduledThreadPoolExecutor$ScheduledFutureTask.run(ScheduledThreadPoolExecutor.java:304)
	at java.base/java.util.concurrent.ThreadPoolExecutor.runWorker(ThreadPoolExecutor.java:1144)
	at java.base/java.util.concurrent.ThreadPoolExecutor$Worker.run(ThreadPoolExecutor.java:642)
	at java.base/java.lang.Thread.run(Thread.java:1583)
Caused by: com.alibaba.nacos.shaded.io.grpc.StatusRuntimeException: UNAVAILABLE: io exception
	at com.alibaba.nacos.shaded.io.grpc.Status.asRuntimeException(Status.java:537)
	at com.alibaba.nacos.shaded.io.grpc.stub.ClientCalls$UnaryStreamToFuture.onClose(ClientCalls.java:548)
	at com.alibaba.nacos.shaded.io.grpc.internal.DelayedClientCall$DelayedListener$3.run(DelayedClientCall.java:489)
	at com.alibaba.nacos.shaded.io.grpc.internal.DelayedClientCall$DelayedListener.delayOrExecute(DelayedClientCall.java:453)
	at com.alibaba.nacos.shaded.io.grpc.internal.DelayedClientCall$DelayedListener.onClose(DelayedClientCall.java:486)
	at com.alibaba.nacos.shaded.io.grpc.internal.ClientCallImpl.closeObserver(ClientCallImpl.java:567)
	at com.alibaba.nacos.shaded.io.grpc.internal.ClientCallImpl.access$300(ClientCallImpl.java:71)
	at com.alibaba.nacos.shaded.io.grpc.internal.ClientCallImpl$ClientStreamListenerImpl$1StreamClosed.runInternal(ClientCallImpl.java:735)
	at com.alibaba.nacos.shaded.io.grpc.internal.ClientCallImpl$ClientStreamListenerImpl$1StreamClosed.runInContext(ClientCallImpl.java:716)
	at com.alibaba.nacos.shaded.io.grpc.internal.ContextRunnable.run(ContextRunnable.java:37)
	at com.alibaba.nacos.shaded.io.grpc.internal.SerializingExecutor.run(SerializingExecutor.java:133)
	... 3 common frames omitted
Caused by: com.alibaba.nacos.shaded.io.grpc.netty.shaded.io.netty.channel.AbstractChannel$AnnotatedConnectException: Connection refused: getsockopt: /127.0.0.1:9848
Caused by: java.net.ConnectException: Connection refused: getsockopt
	at java.base/sun.nio.ch.Net.pollConnect(Native Method)
	at java.base/sun.nio.ch.Net.pollConnectNow(Net.java:690)
	at java.base/sun.nio.ch.SocketChannelImpl.finishConnect(SocketChannelImpl.java:973)
	at com.alibaba.nacos.shaded.io.grpc.netty.shaded.io.netty.channel.socket.nio.NioSocketChannel.doFinishConnect(NioSocketChannel.java:337)
	at com.alibaba.nacos.shaded.io.grpc.netty.shaded.io.netty.channel.nio.AbstractNioChannel$AbstractNioUnsafe.finishConnect(AbstractNioChannel.java:334)
	at com.alibaba.nacos.shaded.io.grpc.netty.shaded.io.netty.channel.nio.NioEventLoop.processSelectedKey(NioEventLoop.java:776)
	at com.alibaba.nacos.shaded.io.grpc.netty.shaded.io.netty.channel.nio.NioEventLoop.processSelectedKeysOptimized(NioEventLoop.java:724)
	at com.alibaba.nacos.shaded.io.grpc.netty.shaded.io.netty.channel.nio.NioEventLoop.processSelectedKeys(NioEventLoop.java:650)
	at com.alibaba.nacos.shaded.io.grpc.netty.shaded.io.netty.channel.nio.NioEventLoop.run(NioEventLoop.java:562)
	at com.alibaba.nacos.shaded.io.grpc.netty.shaded.io.netty.util.concurrent.SingleThreadEventExecutor$4.run(SingleThreadEventExecutor.java:997)
	at com.alibaba.nacos.shaded.io.grpc.netty.shaded.io.netty.util.internal.ThreadExecutorMap$2.run(ThreadExecutorMap.java:74)
	at com.alibaba.nacos.shaded.io.grpc.netty.shaded.io.netty.util.concurrent.FastThreadLocalRunnable.run(FastThreadLocalRunnable.java:30)
	at java.base/java.lang.Thread.run(Thread.java:1583)
2026-07-14 03:55:28.937 INFO  [wc-user] [traceId=none] [com.alibaba.nacos.client.remote.worker.1] c.alibaba.nacos.common.remote.client - [d194ed6e-d24e-4c53-be44-e9209553a88a] Fail to connect server, after trying 31 times, last try server is {serverIp = '127.0.0.1', server main port = 8848}, error = unknown
2026-07-14 03:55:32.151 INFO  [wc-user] [traceId=none] [com.alibaba.nacos.client.remote.worker.1] c.a.n.c.r.client.grpc.GrpcClient - grpc client connection server:127.0.0.1 ip,serverPort:9848,grpcTslConfig:{"sslProvider":"","enableTls":false,"mutualAuthEnable":false,"trustAll":false}
2026-07-14 03:55:32.154 ERROR [wc-user] [traceId=none] [com.alibaba.nacos.client.remote.worker.1] c.a.n.c.r.client.grpc.GrpcClient - Server check fail, please check server 127.0.0.1 ,port 9848 is available , error ={}
java.util.concurrent.ExecutionException: com.alibaba.nacos.shaded.io.grpc.StatusRuntimeException: UNAVAILABLE: io exception
	at com.alibaba.nacos.shaded.com.google.common.util.concurrent.AbstractFuture.getDoneValue(AbstractFuture.java:592)
	at com.alibaba.nacos.shaded.com.google.common.util.concurrent.AbstractFuture.get(AbstractFuture.java:467)
	at com.alibaba.nacos.common.remote.client.grpc.GrpcClient.serverCheck(GrpcClient.java:243)
	at com.alibaba.nacos.common.remote.client.grpc.GrpcClient.connectToServer(GrpcClient.java:367)
	at com.alibaba.nacos.common.remote.client.RpcClient.reconnect(RpcClient.java:502)
	at com.alibaba.nacos.common.remote.client.RpcClient.lambda$start$1(RpcClient.java:329)
	at java.base/java.util.concurrent.Executors$RunnableAdapter.call(Executors.java:572)
	at java.base/java.util.concurrent.FutureTask.run(FutureTask.java:317)
	at java.base/java.util.concurrent.ScheduledThreadPoolExecutor$ScheduledFutureTask.run(ScheduledThreadPoolExecutor.java:304)
	at java.base/java.util.concurrent.ThreadPoolExecutor.runWorker(ThreadPoolExecutor.java:1144)
	at java.base/java.util.concurrent.ThreadPoolExecutor$Worker.run(ThreadPoolExecutor.java:642)
	at java.base/java.lang.Thread.run(Thread.java:1583)
Caused by: com.alibaba.nacos.shaded.io.grpc.StatusRuntimeException: UNAVAILABLE: io exception
	at com.alibaba.nacos.shaded.io.grpc.Status.asRuntimeException(Status.java:537)
	at com.alibaba.nacos.shaded.io.grpc.stub.ClientCalls$UnaryStreamToFuture.onClose(ClientCalls.java:548)
	at com.alibaba.nacos.shaded.io.grpc.internal.DelayedClientCall$DelayedListener$3.run(DelayedClientCall.java:489)
	at com.alibaba.nacos.shaded.io.grpc.internal.DelayedClientCall$DelayedListener.delayOrExecute(DelayedClientCall.java:453)
	at com.alibaba.nacos.shaded.io.grpc.internal.DelayedClientCall$DelayedListener.onClose(DelayedClientCall.java:486)
	at com.alibaba.nacos.shaded.io.grpc.internal.ClientCallImpl.closeObserver(ClientCallImpl.java:567)
	at com.alibaba.nacos.shaded.io.grpc.internal.ClientCallImpl.access$300(ClientCallImpl.java:71)
	at com.alibaba.nacos.shaded.io.grpc.internal.ClientCallImpl$ClientStreamListenerImpl$1StreamClosed.runInternal(ClientCallImpl.java:735)
	at com.alibaba.nacos.shaded.io.grpc.internal.ClientCallImpl$ClientStreamListenerImpl$1StreamClosed.runInContext(ClientCallImpl.java:716)
	at com.alibaba.nacos.shaded.io.grpc.internal.ContextRunnable.run(ContextRunnable.java:37)
	at com.alibaba.nacos.shaded.io.grpc.internal.SerializingExecutor.run(SerializingExecutor.java:133)
	... 3 common frames omitted
Caused by: com.alibaba.nacos.shaded.io.grpc.netty.shaded.io.netty.channel.AbstractChannel$AnnotatedConnectException: Connection refused: getsockopt: /127.0.0.1:9848
Caused by: java.net.ConnectException: Connection refused: getsockopt
	at java.base/sun.nio.ch.Net.pollConnect(Native Method)
	at java.base/sun.nio.ch.Net.pollConnectNow(Net.java:690)
	at java.base/sun.nio.ch.SocketChannelImpl.finishConnect(SocketChannelImpl.java:973)
	at com.alibaba.nacos.shaded.io.grpc.netty.shaded.io.netty.channel.socket.nio.NioSocketChannel.doFinishConnect(NioSocketChannel.java:337)
	at com.alibaba.nacos.shaded.io.grpc.netty.shaded.io.netty.channel.nio.AbstractNioChannel$AbstractNioUnsafe.finishConnect(AbstractNioChannel.java:334)
	at com.alibaba.nacos.shaded.io.grpc.netty.shaded.io.netty.channel.nio.NioEventLoop.processSelectedKey(NioEventLoop.java:776)
	at com.alibaba.nacos.shaded.io.grpc.netty.shaded.io.netty.channel.nio.NioEventLoop.processSelectedKeysOptimized(NioEventLoop.java:724)
	at com.alibaba.nacos.shaded.io.grpc.netty.shaded.io.netty.channel.nio.NioEventLoop.processSelectedKeys(NioEventLoop.java:650)
	at com.alibaba.nacos.shaded.io.grpc.netty.shaded.io.netty.channel.nio.NioEventLoop.run(NioEventLoop.java:562)
	at com.alibaba.nacos.shaded.io.grpc.netty.shaded.io.netty.util.concurrent.SingleThreadEventExecutor$4.run(SingleThreadEventExecutor.java:997)
	at com.alibaba.nacos.shaded.io.grpc.netty.shaded.io.netty.util.internal.ThreadExecutorMap$2.run(ThreadExecutorMap.java:74)
	at com.alibaba.nacos.shaded.io.grpc.netty.shaded.io.netty.util.concurrent.FastThreadLocalRunnable.run(FastThreadLocalRunnable.java:30)
	at java.base/java.lang.Thread.run(Thread.java:1583)
2026-07-14 03:55:32.154 INFO  [wc-user] [traceId=none] [com.alibaba.nacos.client.remote.worker.1] c.alibaba.nacos.common.remote.client - [d194ed6e-d24e-4c53-be44-e9209553a88a] Fail to connect server, after trying 32 times, last try server is {serverIp = '127.0.0.1', server main port = 8848}, error = unknown
2026-07-14 03:55:35.458 INFO  [wc-user] [traceId=none] [com.alibaba.nacos.client.remote.worker.1] c.a.n.c.r.client.grpc.GrpcClient - grpc client connection server:127.0.0.1 ip,serverPort:9848,grpcTslConfig:{"sslProvider":"","enableTls":false,"mutualAuthEnable":false,"trustAll":false}
2026-07-14 03:55:35.462 ERROR [wc-user] [traceId=none] [com.alibaba.nacos.client.remote.worker.1] c.a.n.c.r.client.grpc.GrpcClient - Server check fail, please check server 127.0.0.1 ,port 9848 is available , error ={}
java.util.concurrent.ExecutionException: com.alibaba.nacos.shaded.io.grpc.StatusRuntimeException: UNAVAILABLE: io exception
	at com.alibaba.nacos.shaded.com.google.common.util.concurrent.AbstractFuture.getDoneValue(AbstractFuture.java:592)
	at com.alibaba.nacos.shaded.com.google.common.util.concurrent.AbstractFuture.get(AbstractFuture.java:467)
	at com.alibaba.nacos.common.remote.client.grpc.GrpcClient.serverCheck(GrpcClient.java:243)
	at com.alibaba.nacos.common.remote.client.grpc.GrpcClient.connectToServer(GrpcClient.java:367)
	at com.alibaba.nacos.common.remote.client.RpcClient.reconnect(RpcClient.java:502)
	at com.alibaba.nacos.common.remote.client.RpcClient.lambda$start$1(RpcClient.java:329)
	at java.base/java.util.concurrent.Executors$RunnableAdapter.call(Executors.java:572)
	at java.base/java.util.concurrent.FutureTask.run(FutureTask.java:317)
	at java.base/java.util.concurrent.ScheduledThreadPoolExecutor$ScheduledFutureTask.run(ScheduledThreadPoolExecutor.java:304)
	at java.base/java.util.concurrent.ThreadPoolExecutor.runWorker(ThreadPoolExecutor.java:1144)
	at java.base/java.util.concurrent.ThreadPoolExecutor$Worker.run(ThreadPoolExecutor.java:642)
	at java.base/java.lang.Thread.run(Thread.java:1583)
Caused by: com.alibaba.nacos.shaded.io.grpc.StatusRuntimeException: UNAVAILABLE: io exception
	at com.alibaba.nacos.shaded.io.grpc.Status.asRuntimeException(Status.java:537)
	at com.alibaba.nacos.shaded.io.grpc.stub.ClientCalls$UnaryStreamToFuture.onClose(ClientCalls.java:548)
	at com.alibaba.nacos.shaded.io.grpc.internal.DelayedClientCall$DelayedListener$3.run(DelayedClientCall.java:489)
	at com.alibaba.nacos.shaded.io.grpc.internal.DelayedClientCall$DelayedListener.delayOrExecute(DelayedClientCall.java:453)
	at com.alibaba.nacos.shaded.io.grpc.internal.DelayedClientCall$DelayedListener.onClose(DelayedClientCall.java:486)
	at com.alibaba.nacos.shaded.io.grpc.internal.ClientCallImpl.closeObserver(ClientCallImpl.java:567)
	at com.alibaba.nacos.shaded.io.grpc.internal.ClientCallImpl.access$300(ClientCallImpl.java:71)
	at com.alibaba.nacos.shaded.io.grpc.internal.ClientCallImpl$ClientStreamListenerImpl$1StreamClosed.runInternal(ClientCallImpl.java:735)
	at com.alibaba.nacos.shaded.io.grpc.internal.ClientCallImpl$ClientStreamListenerImpl$1StreamClosed.runInContext(ClientCallImpl.java:716)
	at com.alibaba.nacos.shaded.io.grpc.internal.ContextRunnable.run(ContextRunnable.java:37)
	at com.alibaba.nacos.shaded.io.grpc.internal.SerializingExecutor.run(SerializingExecutor.java:133)
	... 3 common frames omitted
Caused by: com.alibaba.nacos.shaded.io.grpc.netty.shaded.io.netty.channel.AbstractChannel$AnnotatedConnectException: Connection refused: getsockopt: /127.0.0.1:9848
Caused by: java.net.ConnectException: Connection refused: getsockopt
	at java.base/sun.nio.ch.Net.pollConnect(Native Method)
	at java.base/sun.nio.ch.Net.pollConnectNow(Net.java:690)
	at java.base/sun.nio.ch.SocketChannelImpl.finishConnect(SocketChannelImpl.java:973)
	at com.alibaba.nacos.shaded.io.grpc.netty.shaded.io.netty.channel.socket.nio.NioSocketChannel.doFinishConnect(NioSocketChannel.java:337)
	at com.alibaba.nacos.shaded.io.grpc.netty.shaded.io.netty.channel.nio.AbstractNioChannel$AbstractNioUnsafe.finishConnect(AbstractNioChannel.java:334)
	at com.alibaba.nacos.shaded.io.grpc.netty.shaded.io.netty.channel.nio.NioEventLoop.processSelectedKey(NioEventLoop.java:776)
	at com.alibaba.nacos.shaded.io.grpc.netty.shaded.io.netty.channel.nio.NioEventLoop.processSelectedKeysOptimized(NioEventLoop.java:724)
	at com.alibaba.nacos.shaded.io.grpc.netty.shaded.io.netty.channel.nio.NioEventLoop.processSelectedKeys(NioEventLoop.java:650)
	at com.alibaba.nacos.shaded.io.grpc.netty.shaded.io.netty.channel.nio.NioEventLoop.run(NioEventLoop.java:562)
	at com.alibaba.nacos.shaded.io.grpc.netty.shaded.io.netty.util.concurrent.SingleThreadEventExecutor$4.run(SingleThreadEventExecutor.java:997)
	at com.alibaba.nacos.shaded.io.grpc.netty.shaded.io.netty.util.internal.ThreadExecutorMap$2.run(ThreadExecutorMap.java:74)
	at com.alibaba.nacos.shaded.io.grpc.netty.shaded.io.netty.util.concurrent.FastThreadLocalRunnable.run(FastThreadLocalRunnable.java:30)
	at java.base/java.lang.Thread.run(Thread.java:1583)
2026-07-14 03:55:35.463 INFO  [wc-user] [traceId=none] [com.alibaba.nacos.client.remote.worker.1] c.alibaba.nacos.common.remote.client - [d194ed6e-d24e-4c53-be44-e9209553a88a] Fail to connect server, after trying 33 times, last try server is {serverIp = '127.0.0.1', server main port = 8848}, error = unknown
2026-07-14 03:55:38.869 INFO  [wc-user] [traceId=none] [com.alibaba.nacos.client.remote.worker.1] c.a.n.c.r.client.grpc.GrpcClient - grpc client connection server:127.0.0.1 ip,serverPort:9848,grpcTslConfig:{"sslProvider":"","enableTls":false,"mutualAuthEnable":false,"trustAll":false}
2026-07-14 03:55:38.873 ERROR [wc-user] [traceId=none] [com.alibaba.nacos.client.remote.worker.1] c.a.n.c.r.client.grpc.GrpcClient - Server check fail, please check server 127.0.0.1 ,port 9848 is available , error ={}
java.util.concurrent.ExecutionException: com.alibaba.nacos.shaded.io.grpc.StatusRuntimeException: UNAVAILABLE: io exception
	at com.alibaba.nacos.shaded.com.google.common.util.concurrent.AbstractFuture.getDoneValue(AbstractFuture.java:592)
	at com.alibaba.nacos.shaded.com.google.common.util.concurrent.AbstractFuture.get(AbstractFuture.java:467)
	at com.alibaba.nacos.common.remote.client.grpc.GrpcClient.serverCheck(GrpcClient.java:243)
	at com.alibaba.nacos.common.remote.client.grpc.GrpcClient.connectToServer(GrpcClient.java:367)
	at com.alibaba.nacos.common.remote.client.RpcClient.reconnect(RpcClient.java:502)
	at com.alibaba.nacos.common.remote.client.RpcClient.lambda$start$1(RpcClient.java:329)
	at java.base/java.util.concurrent.Executors$RunnableAdapter.call(Executors.java:572)
	at java.base/java.util.concurrent.FutureTask.run(FutureTask.java:317)
	at java.base/java.util.concurrent.ScheduledThreadPoolExecutor$ScheduledFutureTask.run(ScheduledThreadPoolExecutor.java:304)
	at java.base/java.util.concurrent.ThreadPoolExecutor.runWorker(ThreadPoolExecutor.java:1144)
	at java.base/java.util.concurrent.ThreadPoolExecutor$Worker.run(ThreadPoolExecutor.java:642)
	at java.base/java.lang.Thread.run(Thread.java:1583)
Caused by: com.alibaba.nacos.shaded.io.grpc.StatusRuntimeException: UNAVAILABLE: io exception
	at com.alibaba.nacos.shaded.io.grpc.Status.asRuntimeException(Status.java:537)
	at com.alibaba.nacos.shaded.io.grpc.stub.ClientCalls$UnaryStreamToFuture.onClose(ClientCalls.java:548)
	at com.alibaba.nacos.shaded.io.grpc.internal.DelayedClientCall$DelayedListener$3.run(DelayedClientCall.java:489)
	at com.alibaba.nacos.shaded.io.grpc.internal.DelayedClientCall$DelayedListener.delayOrExecute(DelayedClientCall.java:453)
	at com.alibaba.nacos.shaded.io.grpc.internal.DelayedClientCall$DelayedListener.onClose(DelayedClientCall.java:486)
	at com.alibaba.nacos.shaded.io.grpc.internal.ClientCallImpl.closeObserver(ClientCallImpl.java:567)
	at com.alibaba.nacos.shaded.io.grpc.internal.ClientCallImpl.access$300(ClientCallImpl.java:71)
	at com.alibaba.nacos.shaded.io.grpc.internal.ClientCallImpl$ClientStreamListenerImpl$1StreamClosed.runInternal(ClientCallImpl.java:735)
	at com.alibaba.nacos.shaded.io.grpc.internal.ClientCallImpl$ClientStreamListenerImpl$1StreamClosed.runInContext(ClientCallImpl.java:716)
	at com.alibaba.nacos.shaded.io.grpc.internal.ContextRunnable.run(ContextRunnable.java:37)
	at com.alibaba.nacos.shaded.io.grpc.internal.SerializingExecutor.run(SerializingExecutor.java:133)
	... 3 common frames omitted
Caused by: com.alibaba.nacos.shaded.io.grpc.netty.shaded.io.netty.channel.AbstractChannel$AnnotatedConnectException: Connection refused: getsockopt: /127.0.0.1:9848
Caused by: java.net.ConnectException: Connection refused: getsockopt
	at java.base/sun.nio.ch.Net.pollConnect(Native Method)
	at java.base/sun.nio.ch.Net.pollConnectNow(Net.java:690)
	at java.base/sun.nio.ch.SocketChannelImpl.finishConnect(SocketChannelImpl.java:973)
	at com.alibaba.nacos.shaded.io.grpc.netty.shaded.io.netty.channel.socket.nio.NioSocketChannel.doFinishConnect(NioSocketChannel.java:337)
	at com.alibaba.nacos.shaded.io.grpc.netty.shaded.io.netty.channel.nio.AbstractNioChannel$AbstractNioUnsafe.finishConnect(AbstractNioChannel.java:334)
	at com.alibaba.nacos.shaded.io.grpc.netty.shaded.io.netty.channel.nio.NioEventLoop.processSelectedKey(NioEventLoop.java:776)
	at com.alibaba.nacos.shaded.io.grpc.netty.shaded.io.netty.channel.nio.NioEventLoop.processSelectedKeysOptimized(NioEventLoop.java:724)
	at com.alibaba.nacos.shaded.io.grpc.netty.shaded.io.netty.channel.nio.NioEventLoop.processSelectedKeys(NioEventLoop.java:650)
	at com.alibaba.nacos.shaded.io.grpc.netty.shaded.io.netty.channel.nio.NioEventLoop.run(NioEventLoop.java:562)
	at com.alibaba.nacos.shaded.io.grpc.netty.shaded.io.netty.util.concurrent.SingleThreadEventExecutor$4.run(SingleThreadEventExecutor.java:997)
	at com.alibaba.nacos.shaded.io.grpc.netty.shaded.io.netty.util.internal.ThreadExecutorMap$2.run(ThreadExecutorMap.java:74)
	at com.alibaba.nacos.shaded.io.grpc.netty.shaded.io.netty.util.concurrent.FastThreadLocalRunnable.run(FastThreadLocalRunnable.java:30)
	at java.base/java.lang.Thread.run(Thread.java:1583)
2026-07-14 03:55:38.874 INFO  [wc-user] [traceId=none] [com.alibaba.nacos.client.remote.worker.1] c.alibaba.nacos.common.remote.client - [d194ed6e-d24e-4c53-be44-e9209553a88a] Fail to connect server, after trying 34 times, last try server is {serverIp = '127.0.0.1', server main port = 8848}, error = unknown
2026-07-14 03:55:42.385 INFO  [wc-user] [traceId=none] [com.alibaba.nacos.client.remote.worker.1] c.a.n.c.r.client.grpc.GrpcClient - grpc client connection server:127.0.0.1 ip,serverPort:9848,grpcTslConfig:{"sslProvider":"","enableTls":false,"mutualAuthEnable":false,"trustAll":false}
2026-07-14 03:55:42.389 ERROR [wc-user] [traceId=none] [com.alibaba.nacos.client.remote.worker.1] c.a.n.c.r.client.grpc.GrpcClient - Server check fail, please check server 127.0.0.1 ,port 9848 is available , error ={}
java.util.concurrent.ExecutionException: com.alibaba.nacos.shaded.io.grpc.StatusRuntimeException: UNAVAILABLE: io exception
	at com.alibaba.nacos.shaded.com.google.common.util.concurrent.AbstractFuture.getDoneValue(AbstractFuture.java:592)
	at com.alibaba.nacos.shaded.com.google.common.util.concurrent.AbstractFuture.get(AbstractFuture.java:467)
	at com.alibaba.nacos.common.remote.client.grpc.GrpcClient.serverCheck(GrpcClient.java:243)
	at com.alibaba.nacos.common.remote.client.grpc.GrpcClient.connectToServer(GrpcClient.java:367)
	at com.alibaba.nacos.common.remote.client.RpcClient.reconnect(RpcClient.java:502)
	at com.alibaba.nacos.common.remote.client.RpcClient.lambda$start$1(RpcClient.java:329)
	at java.base/java.util.concurrent.Executors$RunnableAdapter.call(Executors.java:572)
	at java.base/java.util.concurrent.FutureTask.run(FutureTask.java:317)
	at java.base/java.util.concurrent.ScheduledThreadPoolExecutor$ScheduledFutureTask.run(ScheduledThreadPoolExecutor.java:304)
	at java.base/java.util.concurrent.ThreadPoolExecutor.runWorker(ThreadPoolExecutor.java:1144)
	at java.base/java.util.concurrent.ThreadPoolExecutor$Worker.run(ThreadPoolExecutor.java:642)
	at java.base/java.lang.Thread.run(Thread.java:1583)
Caused by: com.alibaba.nacos.shaded.io.grpc.StatusRuntimeException: UNAVAILABLE: io exception
	at com.alibaba.nacos.shaded.io.grpc.Status.asRuntimeException(Status.java:537)
	at com.alibaba.nacos.shaded.io.grpc.stub.ClientCalls$UnaryStreamToFuture.onClose(ClientCalls.java:548)
	at com.alibaba.nacos.shaded.io.grpc.internal.DelayedClientCall$DelayedListener$3.run(DelayedClientCall.java:489)
	at com.alibaba.nacos.shaded.io.grpc.internal.DelayedClientCall$DelayedListener.delayOrExecute(DelayedClientCall.java:453)
	at com.alibaba.nacos.shaded.io.grpc.internal.DelayedClientCall$DelayedListener.onClose(DelayedClientCall.java:486)
	at com.alibaba.nacos.shaded.io.grpc.internal.ClientCallImpl.closeObserver(ClientCallImpl.java:567)
	at com.alibaba.nacos.shaded.io.grpc.internal.ClientCallImpl.access$300(ClientCallImpl.java:71)
	at com.alibaba.nacos.shaded.io.grpc.internal.ClientCallImpl$ClientStreamListenerImpl$1StreamClosed.runInternal(ClientCallImpl.java:735)
	at com.alibaba.nacos.shaded.io.grpc.internal.ClientCallImpl$ClientStreamListenerImpl$1StreamClosed.runInContext(ClientCallImpl.java:716)
	at com.alibaba.nacos.shaded.io.grpc.internal.ContextRunnable.run(ContextRunnable.java:37)
	at com.alibaba.nacos.shaded.io.grpc.internal.SerializingExecutor.run(SerializingExecutor.java:133)
	... 3 common frames omitted
Caused by: com.alibaba.nacos.shaded.io.grpc.netty.shaded.io.netty.channel.AbstractChannel$AnnotatedConnectException: Connection refused: getsockopt: /127.0.0.1:9848
Caused by: java.net.ConnectException: Connection refused: getsockopt
	at java.base/sun.nio.ch.Net.pollConnect(Native Method)
	at java.base/sun.nio.ch.Net.pollConnectNow(Net.java:690)
	at java.base/sun.nio.ch.SocketChannelImpl.finishConnect(SocketChannelImpl.java:973)
	at com.alibaba.nacos.shaded.io.grpc.netty.shaded.io.netty.channel.socket.nio.NioSocketChannel.doFinishConnect(NioSocketChannel.java:337)
	at com.alibaba.nacos.shaded.io.grpc.netty.shaded.io.netty.channel.nio.AbstractNioChannel$AbstractNioUnsafe.finishConnect(AbstractNioChannel.java:334)
	at com.alibaba.nacos.shaded.io.grpc.netty.shaded.io.netty.channel.nio.NioEventLoop.processSelectedKey(NioEventLoop.java:776)
	at com.alibaba.nacos.shaded.io.grpc.netty.shaded.io.netty.channel.nio.NioEventLoop.processSelectedKeysOptimized(NioEventLoop.java:724)
	at com.alibaba.nacos.shaded.io.grpc.netty.shaded.io.netty.channel.nio.NioEventLoop.processSelectedKeys(NioEventLoop.java:650)
	at com.alibaba.nacos.shaded.io.grpc.netty.shaded.io.netty.channel.nio.NioEventLoop.run(NioEventLoop.java:562)
	at com.alibaba.nacos.shaded.io.grpc.netty.shaded.io.netty.util.concurrent.SingleThreadEventExecutor$4.run(SingleThreadEventExecutor.java:997)
	at com.alibaba.nacos.shaded.io.grpc.netty.shaded.io.netty.util.internal.ThreadExecutorMap$2.run(ThreadExecutorMap.java:74)
	at com.alibaba.nacos.shaded.io.grpc.netty.shaded.io.netty.util.concurrent.FastThreadLocalRunnable.run(FastThreadLocalRunnable.java:30)
	at java.base/java.lang.Thread.run(Thread.java:1583)
2026-07-14 03:55:42.389 INFO  [wc-user] [traceId=none] [com.alibaba.nacos.client.remote.worker.1] c.alibaba.nacos.common.remote.client - [d194ed6e-d24e-4c53-be44-e9209553a88a] Fail to connect server, after trying 35 times, last try server is {serverIp = '127.0.0.1', server main port = 8848}, error = unknown
2026-07-14 03:55:45.997 INFO  [wc-user] [traceId=none] [com.alibaba.nacos.client.remote.worker.1] c.a.n.c.r.client.grpc.GrpcClient - grpc client connection server:127.0.0.1 ip,serverPort:9848,grpcTslConfig:{"sslProvider":"","enableTls":false,"mutualAuthEnable":false,"trustAll":false}
2026-07-14 03:55:46.000 ERROR [wc-user] [traceId=none] [com.alibaba.nacos.client.remote.worker.1] c.a.n.c.r.client.grpc.GrpcClient - Server check fail, please check server 127.0.0.1 ,port 9848 is available , error ={}
java.util.concurrent.ExecutionException: com.alibaba.nacos.shaded.io.grpc.StatusRuntimeException: UNAVAILABLE: io exception
	at com.alibaba.nacos.shaded.com.google.common.util.concurrent.AbstractFuture.getDoneValue(AbstractFuture.java:592)
	at com.alibaba.nacos.shaded.com.google.common.util.concurrent.AbstractFuture.get(AbstractFuture.java:467)
	at com.alibaba.nacos.common.remote.client.grpc.GrpcClient.serverCheck(GrpcClient.java:243)
	at com.alibaba.nacos.common.remote.client.grpc.GrpcClient.connectToServer(GrpcClient.java:367)
	at com.alibaba.nacos.common.remote.client.RpcClient.reconnect(RpcClient.java:502)
	at com.alibaba.nacos.common.remote.client.RpcClient.lambda$start$1(RpcClient.java:329)
	at java.base/java.util.concurrent.Executors$RunnableAdapter.call(Executors.java:572)
	at java.base/java.util.concurrent.FutureTask.run(FutureTask.java:317)
	at java.base/java.util.concurrent.ScheduledThreadPoolExecutor$ScheduledFutureTask.run(ScheduledThreadPoolExecutor.java:304)
	at java.base/java.util.concurrent.ThreadPoolExecutor.runWorker(ThreadPoolExecutor.java:1144)
	at java.base/java.util.concurrent.ThreadPoolExecutor$Worker.run(ThreadPoolExecutor.java:642)
	at java.base/java.lang.Thread.run(Thread.java:1583)
Caused by: com.alibaba.nacos.shaded.io.grpc.StatusRuntimeException: UNAVAILABLE: io exception
	at com.alibaba.nacos.shaded.io.grpc.Status.asRuntimeException(Status.java:537)
	at com.alibaba.nacos.shaded.io.grpc.stub.ClientCalls$UnaryStreamToFuture.onClose(ClientCalls.java:548)
	at com.alibaba.nacos.shaded.io.grpc.internal.DelayedClientCall$DelayedListener$3.run(DelayedClientCall.java:489)
	at com.alibaba.nacos.shaded.io.grpc.internal.DelayedClientCall$DelayedListener.delayOrExecute(DelayedClientCall.java:453)
	at com.alibaba.nacos.shaded.io.grpc.internal.DelayedClientCall$DelayedListener.onClose(DelayedClientCall.java:486)
	at com.alibaba.nacos.shaded.io.grpc.internal.ClientCallImpl.closeObserver(ClientCallImpl.java:567)
	at com.alibaba.nacos.shaded.io.grpc.internal.ClientCallImpl.access$300(ClientCallImpl.java:71)
	at com.alibaba.nacos.shaded.io.grpc.internal.ClientCallImpl$ClientStreamListenerImpl$1StreamClosed.runInternal(ClientCallImpl.java:735)
	at com.alibaba.nacos.shaded.io.grpc.internal.ClientCallImpl$ClientStreamListenerImpl$1StreamClosed.runInContext(ClientCallImpl.java:716)
	at com.alibaba.nacos.shaded.io.grpc.internal.ContextRunnable.run(ContextRunnable.java:37)
	at com.alibaba.nacos.shaded.io.grpc.internal.SerializingExecutor.run(SerializingExecutor.java:133)
	... 3 common frames omitted
Caused by: com.alibaba.nacos.shaded.io.grpc.netty.shaded.io.netty.channel.AbstractChannel$AnnotatedConnectException: Connection refused: getsockopt: /127.0.0.1:9848
Caused by: java.net.ConnectException: Connection refused: getsockopt
	at java.base/sun.nio.ch.Net.pollConnect(Native Method)
	at java.base/sun.nio.ch.Net.pollConnectNow(Net.java:690)
	at java.base/sun.nio.ch.SocketChannelImpl.finishConnect(SocketChannelImpl.java:973)
	at com.alibaba.nacos.shaded.io.grpc.netty.shaded.io.netty.channel.socket.nio.NioSocketChannel.doFinishConnect(NioSocketChannel.java:337)
	at com.alibaba.nacos.shaded.io.grpc.netty.shaded.io.netty.channel.nio.AbstractNioChannel$AbstractNioUnsafe.finishConnect(AbstractNioChannel.java:334)
	at com.alibaba.nacos.shaded.io.grpc.netty.shaded.io.netty.channel.nio.NioEventLoop.processSelectedKey(NioEventLoop.java:776)
	at com.alibaba.nacos.shaded.io.grpc.netty.shaded.io.netty.channel.nio.NioEventLoop.processSelectedKeysOptimized(NioEventLoop.java:724)
	at com.alibaba.nacos.shaded.io.grpc.netty.shaded.io.netty.channel.nio.NioEventLoop.processSelectedKeys(NioEventLoop.java:650)
	at com.alibaba.nacos.shaded.io.grpc.netty.shaded.io.netty.channel.nio.NioEventLoop.run(NioEventLoop.java:562)
	at com.alibaba.nacos.shaded.io.grpc.netty.shaded.io.netty.util.concurrent.SingleThreadEventExecutor$4.run(SingleThreadEventExecutor.java:997)
	at com.alibaba.nacos.shaded.io.grpc.netty.shaded.io.netty.util.internal.ThreadExecutorMap$2.run(ThreadExecutorMap.java:74)
	at com.alibaba.nacos.shaded.io.grpc.netty.shaded.io.netty.util.concurrent.FastThreadLocalRunnable.run(FastThreadLocalRunnable.java:30)
	at java.base/java.lang.Thread.run(Thread.java:1583)
2026-07-14 03:55:46.000 INFO  [wc-user] [traceId=none] [com.alibaba.nacos.client.remote.worker.1] c.alibaba.nacos.common.remote.client - [d194ed6e-d24e-4c53-be44-e9209553a88a] Fail to connect server, after trying 36 times, last try server is {serverIp = '127.0.0.1', server main port = 8848}, error = unknown
2026-07-14 03:55:49.704 INFO  [wc-user] [traceId=none] [com.alibaba.nacos.client.remote.worker.1] c.a.n.c.r.client.grpc.GrpcClient - grpc client connection server:127.0.0.1 ip,serverPort:9848,grpcTslConfig:{"sslProvider":"","enableTls":false,"mutualAuthEnable":false,"trustAll":false}
2026-07-14 03:55:49.706 ERROR [wc-user] [traceId=none] [com.alibaba.nacos.client.remote.worker.1] c.a.n.c.r.client.grpc.GrpcClient - Server check fail, please check server 127.0.0.1 ,port 9848 is available , error ={}
java.util.concurrent.ExecutionException: com.alibaba.nacos.shaded.io.grpc.StatusRuntimeException: UNAVAILABLE: io exception
	at com.alibaba.nacos.shaded.com.google.common.util.concurrent.AbstractFuture.getDoneValue(AbstractFuture.java:592)
	at com.alibaba.nacos.shaded.com.google.common.util.concurrent.AbstractFuture.get(AbstractFuture.java:467)
	at com.alibaba.nacos.common.remote.client.grpc.GrpcClient.serverCheck(GrpcClient.java:243)
	at com.alibaba.nacos.common.remote.client.grpc.GrpcClient.connectToServer(GrpcClient.java:367)
	at com.alibaba.nacos.common.remote.client.RpcClient.reconnect(RpcClient.java:502)
	at com.alibaba.nacos.common.remote.client.RpcClient.lambda$start$1(RpcClient.java:329)
	at java.base/java.util.concurrent.Executors$RunnableAdapter.call(Executors.java:572)
	at java.base/java.util.concurrent.FutureTask.run(FutureTask.java:317)
	at java.base/java.util.concurrent.ScheduledThreadPoolExecutor$ScheduledFutureTask.run(ScheduledThreadPoolExecutor.java:304)
	at java.base/java.util.concurrent.ThreadPoolExecutor.runWorker(ThreadPoolExecutor.java:1144)
	at java.base/java.util.concurrent.ThreadPoolExecutor$Worker.run(ThreadPoolExecutor.java:642)
	at java.base/java.lang.Thread.run(Thread.java:1583)
Caused by: com.alibaba.nacos.shaded.io.grpc.StatusRuntimeException: UNAVAILABLE: io exception
	at com.alibaba.nacos.shaded.io.grpc.Status.asRuntimeException(Status.java:537)
	at com.alibaba.nacos.shaded.io.grpc.stub.ClientCalls$UnaryStreamToFuture.onClose(ClientCalls.java:548)
	at com.alibaba.nacos.shaded.io.grpc.internal.DelayedClientCall$DelayedListener$3.run(DelayedClientCall.java:489)
	at com.alibaba.nacos.shaded.io.grpc.internal.DelayedClientCall$DelayedListener.delayOrExecute(DelayedClientCall.java:453)
	at com.alibaba.nacos.shaded.io.grpc.internal.DelayedClientCall$DelayedListener.onClose(DelayedClientCall.java:486)
	at com.alibaba.nacos.shaded.io.grpc.internal.ClientCallImpl.closeObserver(ClientCallImpl.java:567)
	at com.alibaba.nacos.shaded.io.grpc.internal.ClientCallImpl.access$300(ClientCallImpl.java:71)
	at com.alibaba.nacos.shaded.io.grpc.internal.ClientCallImpl$ClientStreamListenerImpl$1StreamClosed.runInternal(ClientCallImpl.java:735)
	at com.alibaba.nacos.shaded.io.grpc.internal.ClientCallImpl$ClientStreamListenerImpl$1StreamClosed.runInContext(ClientCallImpl.java:716)
	at com.alibaba.nacos.shaded.io.grpc.internal.ContextRunnable.run(ContextRunnable.java:37)
	at com.alibaba.nacos.shaded.io.grpc.internal.SerializingExecutor.run(SerializingExecutor.java:133)
	... 3 common frames omitted
Caused by: com.alibaba.nacos.shaded.io.grpc.netty.shaded.io.netty.channel.AbstractChannel$AnnotatedConnectException: Connection refused: getsockopt: /127.0.0.1:9848
Caused by: java.net.ConnectException: Connection refused: getsockopt
	at java.base/sun.nio.ch.Net.pollConnect(Native Method)
	at java.base/sun.nio.ch.Net.pollConnectNow(Net.java:690)
	at java.base/sun.nio.ch.SocketChannelImpl.finishConnect(SocketChannelImpl.java:973)
	at com.alibaba.nacos.shaded.io.grpc.netty.shaded.io.netty.channel.socket.nio.NioSocketChannel.doFinishConnect(NioSocketChannel.java:337)
	at com.alibaba.nacos.shaded.io.grpc.netty.shaded.io.netty.channel.nio.AbstractNioChannel$AbstractNioUnsafe.finishConnect(AbstractNioChannel.java:334)
	at com.alibaba.nacos.shaded.io.grpc.netty.shaded.io.netty.channel.nio.NioEventLoop.processSelectedKey(NioEventLoop.java:776)
	at com.alibaba.nacos.shaded.io.grpc.netty.shaded.io.netty.channel.nio.NioEventLoop.processSelectedKeysOptimized(NioEventLoop.java:724)
	at com.alibaba.nacos.shaded.io.grpc.netty.shaded.io.netty.channel.nio.NioEventLoop.processSelectedKeys(NioEventLoop.java:650)
	at com.alibaba.nacos.shaded.io.grpc.netty.shaded.io.netty.channel.nio.NioEventLoop.run(NioEventLoop.java:562)
	at com.alibaba.nacos.shaded.io.grpc.netty.shaded.io.netty.util.concurrent.SingleThreadEventExecutor$4.run(SingleThreadEventExecutor.java:997)
	at com.alibaba.nacos.shaded.io.grpc.netty.shaded.io.netty.util.internal.ThreadExecutorMap$2.run(ThreadExecutorMap.java:74)
	at com.alibaba.nacos.shaded.io.grpc.netty.shaded.io.netty.util.concurrent.FastThreadLocalRunnable.run(FastThreadLocalRunnable.java:30)
	at java.base/java.lang.Thread.run(Thread.java:1583)
2026-07-14 03:55:49.708 INFO  [wc-user] [traceId=none] [com.alibaba.nacos.client.remote.worker.1] c.alibaba.nacos.common.remote.client - [d194ed6e-d24e-4c53-be44-e9209553a88a] Fail to connect server, after trying 37 times, last try server is {serverIp = '127.0.0.1', server main port = 8848}, error = unknown
2026-07-14 03:55:53.513 INFO  [wc-user] [traceId=none] [com.alibaba.nacos.client.remote.worker.1] c.a.n.c.r.client.grpc.GrpcClient - grpc client connection server:127.0.0.1 ip,serverPort:9848,grpcTslConfig:{"sslProvider":"","enableTls":false,"mutualAuthEnable":false,"trustAll":false}
2026-07-14 03:55:53.517 ERROR [wc-user] [traceId=none] [com.alibaba.nacos.client.remote.worker.1] c.a.n.c.r.client.grpc.GrpcClient - Server check fail, please check server 127.0.0.1 ,port 9848 is available , error ={}
java.util.concurrent.ExecutionException: com.alibaba.nacos.shaded.io.grpc.StatusRuntimeException: UNAVAILABLE: io exception
	at com.alibaba.nacos.shaded.com.google.common.util.concurrent.AbstractFuture.getDoneValue(AbstractFuture.java:592)
	at com.alibaba.nacos.shaded.com.google.common.util.concurrent.AbstractFuture.get(AbstractFuture.java:467)
	at com.alibaba.nacos.common.remote.client.grpc.GrpcClient.serverCheck(GrpcClient.java:243)
	at com.alibaba.nacos.common.remote.client.grpc.GrpcClient.connectToServer(GrpcClient.java:367)
	at com.alibaba.nacos.common.remote.client.RpcClient.reconnect(RpcClient.java:502)
	at com.alibaba.nacos.common.remote.client.RpcClient.lambda$start$1(RpcClient.java:329)
	at java.base/java.util.concurrent.Executors$RunnableAdapter.call(Executors.java:572)
	at java.base/java.util.concurrent.FutureTask.run(FutureTask.java:317)
	at java.base/java.util.concurrent.ScheduledThreadPoolExecutor$ScheduledFutureTask.run(ScheduledThreadPoolExecutor.java:304)
	at java.base/java.util.concurrent.ThreadPoolExecutor.runWorker(ThreadPoolExecutor.java:1144)
	at java.base/java.util.concurrent.ThreadPoolExecutor$Worker.run(ThreadPoolExecutor.java:642)
	at java.base/java.lang.Thread.run(Thread.java:1583)
Caused by: com.alibaba.nacos.shaded.io.grpc.StatusRuntimeException: UNAVAILABLE: io exception
	at com.alibaba.nacos.shaded.io.grpc.Status.asRuntimeException(Status.java:537)
	at com.alibaba.nacos.shaded.io.grpc.stub.ClientCalls$UnaryStreamToFuture.onClose(ClientCalls.java:548)
	at com.alibaba.nacos.shaded.io.grpc.internal.DelayedClientCall$DelayedListener$3.run(DelayedClientCall.java:489)
	at com.alibaba.nacos.shaded.io.grpc.internal.DelayedClientCall$DelayedListener.delayOrExecute(DelayedClientCall.java:453)
	at com.alibaba.nacos.shaded.io.grpc.internal.DelayedClientCall$DelayedListener.onClose(DelayedClientCall.java:486)
	at com.alibaba.nacos.shaded.io.grpc.internal.ClientCallImpl.closeObserver(ClientCallImpl.java:567)
	at com.alibaba.nacos.shaded.io.grpc.internal.ClientCallImpl.access$300(ClientCallImpl.java:71)
	at com.alibaba.nacos.shaded.io.grpc.internal.ClientCallImpl$ClientStreamListenerImpl$1StreamClosed.runInternal(ClientCallImpl.java:735)
	at com.alibaba.nacos.shaded.io.grpc.internal.ClientCallImpl$ClientStreamListenerImpl$1StreamClosed.runInContext(ClientCallImpl.java:716)
	at com.alibaba.nacos.shaded.io.grpc.internal.ContextRunnable.run(ContextRunnable.java:37)
	at com.alibaba.nacos.shaded.io.grpc.internal.SerializingExecutor.run(SerializingExecutor.java:133)
	... 3 common frames omitted
Caused by: com.alibaba.nacos.shaded.io.grpc.netty.shaded.io.netty.channel.AbstractChannel$AnnotatedConnectException: Connection refused: getsockopt: /127.0.0.1:9848
Caused by: java.net.ConnectException: Connection refused: getsockopt
	at java.base/sun.nio.ch.Net.pollConnect(Native Method)
	at java.base/sun.nio.ch.Net.pollConnectNow(Net.java:690)
	at java.base/sun.nio.ch.SocketChannelImpl.finishConnect(SocketChannelImpl.java:973)
	at com.alibaba.nacos.shaded.io.grpc.netty.shaded.io.netty.channel.socket.nio.NioSocketChannel.doFinishConnect(NioSocketChannel.java:337)
	at com.alibaba.nacos.shaded.io.grpc.netty.shaded.io.netty.channel.nio.AbstractNioChannel$AbstractNioUnsafe.finishConnect(AbstractNioChannel.java:334)
	at com.alibaba.nacos.shaded.io.grpc.netty.shaded.io.netty.channel.nio.NioEventLoop.processSelectedKey(NioEventLoop.java:776)
	at com.alibaba.nacos.shaded.io.grpc.netty.shaded.io.netty.channel.nio.NioEventLoop.processSelectedKeysOptimized(NioEventLoop.java:724)
	at com.alibaba.nacos.shaded.io.grpc.netty.shaded.io.netty.channel.nio.NioEventLoop.processSelectedKeys(NioEventLoop.java:650)
	at com.alibaba.nacos.shaded.io.grpc.netty.shaded.io.netty.channel.nio.NioEventLoop.run(NioEventLoop.java:562)
	at com.alibaba.nacos.shaded.io.grpc.netty.shaded.io.netty.util.concurrent.SingleThreadEventExecutor$4.run(SingleThreadEventExecutor.java:997)
	at com.alibaba.nacos.shaded.io.grpc.netty.shaded.io.netty.util.internal.ThreadExecutorMap$2.run(ThreadExecutorMap.java:74)
	at com.alibaba.nacos.shaded.io.grpc.netty.shaded.io.netty.util.concurrent.FastThreadLocalRunnable.run(FastThreadLocalRunnable.java:30)
	at java.base/java.lang.Thread.run(Thread.java:1583)
2026-07-14 03:55:53.517 INFO  [wc-user] [traceId=none] [com.alibaba.nacos.client.remote.worker.1] c.alibaba.nacos.common.remote.client - [d194ed6e-d24e-4c53-be44-e9209553a88a] Fail to connect server, after trying 38 times, last try server is {serverIp = '127.0.0.1', server main port = 8848}, error = unknown
2026-07-14 03:55:57.431 INFO  [wc-user] [traceId=none] [com.alibaba.nacos.client.remote.worker.1] c.a.n.c.r.client.grpc.GrpcClient - grpc client connection server:127.0.0.1 ip,serverPort:9848,grpcTslConfig:{"sslProvider":"","enableTls":false,"mutualAuthEnable":false,"trustAll":false}
2026-07-14 03:55:57.434 ERROR [wc-user] [traceId=none] [com.alibaba.nacos.client.remote.worker.1] c.a.n.c.r.client.grpc.GrpcClient - Server check fail, please check server 127.0.0.1 ,port 9848 is available , error ={}
java.util.concurrent.ExecutionException: com.alibaba.nacos.shaded.io.grpc.StatusRuntimeException: UNAVAILABLE: io exception
	at com.alibaba.nacos.shaded.com.google.common.util.concurrent.AbstractFuture.getDoneValue(AbstractFuture.java:592)
	at com.alibaba.nacos.shaded.com.google.common.util.concurrent.AbstractFuture.get(AbstractFuture.java:467)
	at com.alibaba.nacos.common.remote.client.grpc.GrpcClient.serverCheck(GrpcClient.java:243)
	at com.alibaba.nacos.common.remote.client.grpc.GrpcClient.connectToServer(GrpcClient.java:367)
	at com.alibaba.nacos.common.remote.client.RpcClient.reconnect(RpcClient.java:502)
	at com.alibaba.nacos.common.remote.client.RpcClient.lambda$start$1(RpcClient.java:329)
	at java.base/java.util.concurrent.Executors$RunnableAdapter.call(Executors.java:572)
	at java.base/java.util.concurrent.FutureTask.run(FutureTask.java:317)
	at java.base/java.util.concurrent.ScheduledThreadPoolExecutor$ScheduledFutureTask.run(ScheduledThreadPoolExecutor.java:304)
	at java.base/java.util.concurrent.ThreadPoolExecutor.runWorker(ThreadPoolExecutor.java:1144)
	at java.base/java.util.concurrent.ThreadPoolExecutor$Worker.run(ThreadPoolExecutor.java:642)
	at java.base/java.lang.Thread.run(Thread.java:1583)
Caused by: com.alibaba.nacos.shaded.io.grpc.StatusRuntimeException: UNAVAILABLE: io exception
	at com.alibaba.nacos.shaded.io.grpc.Status.asRuntimeException(Status.java:537)
	at com.alibaba.nacos.shaded.io.grpc.stub.ClientCalls$UnaryStreamToFuture.onClose(ClientCalls.java:548)
	at com.alibaba.nacos.shaded.io.grpc.internal.DelayedClientCall$DelayedListener$3.run(DelayedClientCall.java:489)
	at com.alibaba.nacos.shaded.io.grpc.internal.DelayedClientCall$DelayedListener.delayOrExecute(DelayedClientCall.java:453)
	at com.alibaba.nacos.shaded.io.grpc.internal.DelayedClientCall$DelayedListener.onClose(DelayedClientCall.java:486)
	at com.alibaba.nacos.shaded.io.grpc.internal.ClientCallImpl.closeObserver(ClientCallImpl.java:567)
	at com.alibaba.nacos.shaded.io.grpc.internal.ClientCallImpl.access$300(ClientCallImpl.java:71)
	at com.alibaba.nacos.shaded.io.grpc.internal.ClientCallImpl$ClientStreamListenerImpl$1StreamClosed.runInternal(ClientCallImpl.java:735)
	at com.alibaba.nacos.shaded.io.grpc.internal.ClientCallImpl$ClientStreamListenerImpl$1StreamClosed.runInContext(ClientCallImpl.java:716)
	at com.alibaba.nacos.shaded.io.grpc.internal.ContextRunnable.run(ContextRunnable.java:37)
	at com.alibaba.nacos.shaded.io.grpc.internal.SerializingExecutor.run(SerializingExecutor.java:133)
	... 3 common frames omitted
Caused by: com.alibaba.nacos.shaded.io.grpc.netty.shaded.io.netty.channel.AbstractChannel$AnnotatedConnectException: Connection refused: getsockopt: /127.0.0.1:9848
Caused by: java.net.ConnectException: Connection refused: getsockopt
	at java.base/sun.nio.ch.Net.pollConnect(Native Method)
	at java.base/sun.nio.ch.Net.pollConnectNow(Net.java:690)
	at java.base/sun.nio.ch.SocketChannelImpl.finishConnect(SocketChannelImpl.java:973)
	at com.alibaba.nacos.shaded.io.grpc.netty.shaded.io.netty.channel.socket.nio.NioSocketChannel.doFinishConnect(NioSocketChannel.java:337)
	at com.alibaba.nacos.shaded.io.grpc.netty.shaded.io.netty.channel.nio.AbstractNioChannel$AbstractNioUnsafe.finishConnect(AbstractNioChannel.java:334)
	at com.alibaba.nacos.shaded.io.grpc.netty.shaded.io.netty.channel.nio.NioEventLoop.processSelectedKey(NioEventLoop.java:776)
	at com.alibaba.nacos.shaded.io.grpc.netty.shaded.io.netty.channel.nio.NioEventLoop.processSelectedKeysOptimized(NioEventLoop.java:724)
	at com.alibaba.nacos.shaded.io.grpc.netty.shaded.io.netty.channel.nio.NioEventLoop.processSelectedKeys(NioEventLoop.java:650)
	at com.alibaba.nacos.shaded.io.grpc.netty.shaded.io.netty.channel.nio.NioEventLoop.run(NioEventLoop.java:562)
	at com.alibaba.nacos.shaded.io.grpc.netty.shaded.io.netty.util.concurrent.SingleThreadEventExecutor$4.run(SingleThreadEventExecutor.java:997)
	at com.alibaba.nacos.shaded.io.grpc.netty.shaded.io.netty.util.internal.ThreadExecutorMap$2.run(ThreadExecutorMap.java:74)
	at com.alibaba.nacos.shaded.io.grpc.netty.shaded.io.netty.util.concurrent.FastThreadLocalRunnable.run(FastThreadLocalRunnable.java:30)
	at java.base/java.lang.Thread.run(Thread.java:1583)
2026-07-14 03:55:57.434 INFO  [wc-user] [traceId=none] [com.alibaba.nacos.client.remote.worker.1] c.alibaba.nacos.common.remote.client - [d194ed6e-d24e-4c53-be44-e9209553a88a] Fail to connect server, after trying 39 times, last try server is {serverIp = '127.0.0.1', server main port = 8848}, error = unknown
2026-07-14 03:56:01.437 INFO  [wc-user] [traceId=none] [com.alibaba.nacos.client.remote.worker.1] c.a.n.c.r.client.grpc.GrpcClient - grpc client connection server:127.0.0.1 ip,serverPort:9848,grpcTslConfig:{"sslProvider":"","enableTls":false,"mutualAuthEnable":false,"trustAll":false}
2026-07-14 03:56:01.440 ERROR [wc-user] [traceId=none] [com.alibaba.nacos.client.remote.worker.1] c.a.n.c.r.client.grpc.GrpcClient - Server check fail, please check server 127.0.0.1 ,port 9848 is available , error ={}
java.util.concurrent.ExecutionException: com.alibaba.nacos.shaded.io.grpc.StatusRuntimeException: UNAVAILABLE: io exception
	at com.alibaba.nacos.shaded.com.google.common.util.concurrent.AbstractFuture.getDoneValue(AbstractFuture.java:592)
	at com.alibaba.nacos.shaded.com.google.common.util.concurrent.AbstractFuture.get(AbstractFuture.java:467)
	at com.alibaba.nacos.common.remote.client.grpc.GrpcClient.serverCheck(GrpcClient.java:243)
	at com.alibaba.nacos.common.remote.client.grpc.GrpcClient.connectToServer(GrpcClient.java:367)
	at com.alibaba.nacos.common.remote.client.RpcClient.reconnect(RpcClient.java:502)
	at com.alibaba.nacos.common.remote.client.RpcClient.lambda$start$1(RpcClient.java:329)
	at java.base/java.util.concurrent.Executors$RunnableAdapter.call(Executors.java:572)
	at java.base/java.util.concurrent.FutureTask.run(FutureTask.java:317)
	at java.base/java.util.concurrent.ScheduledThreadPoolExecutor$ScheduledFutureTask.run(ScheduledThreadPoolExecutor.java:304)
	at java.base/java.util.concurrent.ThreadPoolExecutor.runWorker(ThreadPoolExecutor.java:1144)
	at java.base/java.util.concurrent.ThreadPoolExecutor$Worker.run(ThreadPoolExecutor.java:642)
	at java.base/java.lang.Thread.run(Thread.java:1583)
Caused by: com.alibaba.nacos.shaded.io.grpc.StatusRuntimeException: UNAVAILABLE: io exception
	at com.alibaba.nacos.shaded.io.grpc.Status.asRuntimeException(Status.java:537)
	at com.alibaba.nacos.shaded.io.grpc.stub.ClientCalls$UnaryStreamToFuture.onClose(ClientCalls.java:548)
	at com.alibaba.nacos.shaded.io.grpc.internal.DelayedClientCall$DelayedListener$3.run(DelayedClientCall.java:489)
	at com.alibaba.nacos.shaded.io.grpc.internal.DelayedClientCall$DelayedListener.delayOrExecute(DelayedClientCall.java:453)
	at com.alibaba.nacos.shaded.io.grpc.internal.DelayedClientCall$DelayedListener.onClose(DelayedClientCall.java:486)
	at com.alibaba.nacos.shaded.io.grpc.internal.ClientCallImpl.closeObserver(ClientCallImpl.java:567)
	at com.alibaba.nacos.shaded.io.grpc.internal.ClientCallImpl.access$300(ClientCallImpl.java:71)
	at com.alibaba.nacos.shaded.io.grpc.internal.ClientCallImpl$ClientStreamListenerImpl$1StreamClosed.runInternal(ClientCallImpl.java:735)
	at com.alibaba.nacos.shaded.io.grpc.internal.ClientCallImpl$ClientStreamListenerImpl$1StreamClosed.runInContext(ClientCallImpl.java:716)
	at com.alibaba.nacos.shaded.io.grpc.internal.ContextRunnable.run(ContextRunnable.java:37)
	at com.alibaba.nacos.shaded.io.grpc.internal.SerializingExecutor.run(SerializingExecutor.java:133)
	... 3 common frames omitted
Caused by: com.alibaba.nacos.shaded.io.grpc.netty.shaded.io.netty.channel.AbstractChannel$AnnotatedConnectException: Connection refused: getsockopt: /127.0.0.1:9848
Caused by: java.net.ConnectException: Connection refused: getsockopt
	at java.base/sun.nio.ch.Net.pollConnect(Native Method)
	at java.base/sun.nio.ch.Net.pollConnectNow(Net.java:690)
	at java.base/sun.nio.ch.SocketChannelImpl.finishConnect(SocketChannelImpl.java:973)
	at com.alibaba.nacos.shaded.io.grpc.netty.shaded.io.netty.channel.socket.nio.NioSocketChannel.doFinishConnect(NioSocketChannel.java:337)
	at com.alibaba.nacos.shaded.io.grpc.netty.shaded.io.netty.channel.nio.AbstractNioChannel$AbstractNioUnsafe.finishConnect(AbstractNioChannel.java:334)
	at com.alibaba.nacos.shaded.io.grpc.netty.shaded.io.netty.channel.nio.NioEventLoop.processSelectedKey(NioEventLoop.java:776)
	at com.alibaba.nacos.shaded.io.grpc.netty.shaded.io.netty.channel.nio.NioEventLoop.processSelectedKeysOptimized(NioEventLoop.java:724)
	at com.alibaba.nacos.shaded.io.grpc.netty.shaded.io.netty.channel.nio.NioEventLoop.processSelectedKeys(NioEventLoop.java:650)
	at com.alibaba.nacos.shaded.io.grpc.netty.shaded.io.netty.channel.nio.NioEventLoop.run(NioEventLoop.java:562)
	at com.alibaba.nacos.shaded.io.grpc.netty.shaded.io.netty.util.concurrent.SingleThreadEventExecutor$4.run(SingleThreadEventExecutor.java:997)
	at com.alibaba.nacos.shaded.io.grpc.netty.shaded.io.netty.util.internal.ThreadExecutorMap$2.run(ThreadExecutorMap.java:74)
	at com.alibaba.nacos.shaded.io.grpc.netty.shaded.io.netty.util.concurrent.FastThreadLocalRunnable.run(FastThreadLocalRunnable.java:30)
	at java.base/java.lang.Thread.run(Thread.java:1583)
2026-07-14 03:56:01.441 INFO  [wc-user] [traceId=none] [com.alibaba.nacos.client.remote.worker.1] c.alibaba.nacos.common.remote.client - [d194ed6e-d24e-4c53-be44-e9209553a88a] Fail to connect server, after trying 40 times, last try server is {serverIp = '127.0.0.1', server main port = 8848}, error = unknown
2026-07-14 03:56:05.550 INFO  [wc-user] [traceId=none] [com.alibaba.nacos.client.remote.worker.1] c.a.n.c.r.client.grpc.GrpcClient - grpc client connection server:127.0.0.1 ip,serverPort:9848,grpcTslConfig:{"sslProvider":"","enableTls":false,"mutualAuthEnable":false,"trustAll":false}
2026-07-14 03:56:05.553 ERROR [wc-user] [traceId=none] [com.alibaba.nacos.client.remote.worker.1] c.a.n.c.r.client.grpc.GrpcClient - Server check fail, please check server 127.0.0.1 ,port 9848 is available , error ={}
java.util.concurrent.ExecutionException: com.alibaba.nacos.shaded.io.grpc.StatusRuntimeException: UNAVAILABLE: io exception
	at com.alibaba.nacos.shaded.com.google.common.util.concurrent.AbstractFuture.getDoneValue(AbstractFuture.java:592)
	at com.alibaba.nacos.shaded.com.google.common.util.concurrent.AbstractFuture.get(AbstractFuture.java:467)
	at com.alibaba.nacos.common.remote.client.grpc.GrpcClient.serverCheck(GrpcClient.java:243)
	at com.alibaba.nacos.common.remote.client.grpc.GrpcClient.connectToServer(GrpcClient.java:367)
	at com.alibaba.nacos.common.remote.client.RpcClient.reconnect(RpcClient.java:502)
	at com.alibaba.nacos.common.remote.client.RpcClient.lambda$start$1(RpcClient.java:329)
	at java.base/java.util.concurrent.Executors$RunnableAdapter.call(Executors.java:572)
	at java.base/java.util.concurrent.FutureTask.run(FutureTask.java:317)
	at java.base/java.util.concurrent.ScheduledThreadPoolExecutor$ScheduledFutureTask.run(ScheduledThreadPoolExecutor.java:304)
	at java.base/java.util.concurrent.ThreadPoolExecutor.runWorker(ThreadPoolExecutor.java:1144)
	at java.base/java.util.concurrent.ThreadPoolExecutor$Worker.run(ThreadPoolExecutor.java:642)
	at java.base/java.lang.Thread.run(Thread.java:1583)
Caused by: com.alibaba.nacos.shaded.io.grpc.StatusRuntimeException: UNAVAILABLE: io exception
	at com.alibaba.nacos.shaded.io.grpc.Status.asRuntimeException(Status.java:537)
	at com.alibaba.nacos.shaded.io.grpc.stub.ClientCalls$UnaryStreamToFuture.onClose(ClientCalls.java:548)
	at com.alibaba.nacos.shaded.io.grpc.internal.DelayedClientCall$DelayedListener$3.run(DelayedClientCall.java:489)
	at com.alibaba.nacos.shaded.io.grpc.internal.DelayedClientCall$DelayedListener.delayOrExecute(DelayedClientCall.java:453)
	at com.alibaba.nacos.shaded.io.grpc.internal.DelayedClientCall$DelayedListener.onClose(DelayedClientCall.java:486)
	at com.alibaba.nacos.shaded.io.grpc.internal.ClientCallImpl.closeObserver(ClientCallImpl.java:567)
	at com.alibaba.nacos.shaded.io.grpc.internal.ClientCallImpl.access$300(ClientCallImpl.java:71)
	at com.alibaba.nacos.shaded.io.grpc.internal.ClientCallImpl$ClientStreamListenerImpl$1StreamClosed.runInternal(ClientCallImpl.java:735)
	at com.alibaba.nacos.shaded.io.grpc.internal.ClientCallImpl$ClientStreamListenerImpl$1StreamClosed.runInContext(ClientCallImpl.java:716)
	at com.alibaba.nacos.shaded.io.grpc.internal.ContextRunnable.run(ContextRunnable.java:37)
	at com.alibaba.nacos.shaded.io.grpc.internal.SerializingExecutor.run(SerializingExecutor.java:133)
	... 3 common frames omitted
Caused by: com.alibaba.nacos.shaded.io.grpc.netty.shaded.io.netty.channel.AbstractChannel$AnnotatedConnectException: Connection refused: getsockopt: /127.0.0.1:9848
Caused by: java.net.ConnectException: Connection refused: getsockopt
	at java.base/sun.nio.ch.Net.pollConnect(Native Method)
	at java.base/sun.nio.ch.Net.pollConnectNow(Net.java:690)
	at java.base/sun.nio.ch.SocketChannelImpl.finishConnect(SocketChannelImpl.java:973)
	at com.alibaba.nacos.shaded.io.grpc.netty.shaded.io.netty.channel.socket.nio.NioSocketChannel.doFinishConnect(NioSocketChannel.java:337)
	at com.alibaba.nacos.shaded.io.grpc.netty.shaded.io.netty.channel.nio.AbstractNioChannel$AbstractNioUnsafe.finishConnect(AbstractNioChannel.java:334)
	at com.alibaba.nacos.shaded.io.grpc.netty.shaded.io.netty.channel.nio.NioEventLoop.processSelectedKey(NioEventLoop.java:776)
	at com.alibaba.nacos.shaded.io.grpc.netty.shaded.io.netty.channel.nio.NioEventLoop.processSelectedKeysOptimized(NioEventLoop.java:724)
	at com.alibaba.nacos.shaded.io.grpc.netty.shaded.io.netty.channel.nio.NioEventLoop.processSelectedKeys(NioEventLoop.java:650)
	at com.alibaba.nacos.shaded.io.grpc.netty.shaded.io.netty.channel.nio.NioEventLoop.run(NioEventLoop.java:562)
	at com.alibaba.nacos.shaded.io.grpc.netty.shaded.io.netty.util.concurrent.SingleThreadEventExecutor$4.run(SingleThreadEventExecutor.java:997)
	at com.alibaba.nacos.shaded.io.grpc.netty.shaded.io.netty.util.internal.ThreadExecutorMap$2.run(ThreadExecutorMap.java:74)
	at com.alibaba.nacos.shaded.io.grpc.netty.shaded.io.netty.util.concurrent.FastThreadLocalRunnable.run(FastThreadLocalRunnable.java:30)
	at java.base/java.lang.Thread.run(Thread.java:1583)
2026-07-14 03:56:05.555 INFO  [wc-user] [traceId=none] [com.alibaba.nacos.client.remote.worker.1] c.alibaba.nacos.common.remote.client - [d194ed6e-d24e-4c53-be44-e9209553a88a] Fail to connect server, after trying 41 times, last try server is {serverIp = '127.0.0.1', server main port = 8848}, error = unknown
2026-07-14 03:56:09.756 INFO  [wc-user] [traceId=none] [com.alibaba.nacos.client.remote.worker.1] c.a.n.c.r.client.grpc.GrpcClient - grpc client connection server:127.0.0.1 ip,serverPort:9848,grpcTslConfig:{"sslProvider":"","enableTls":false,"mutualAuthEnable":false,"trustAll":false}
2026-07-14 03:56:09.760 ERROR [wc-user] [traceId=none] [com.alibaba.nacos.client.remote.worker.1] c.a.n.c.r.client.grpc.GrpcClient - Server check fail, please check server 127.0.0.1 ,port 9848 is available , error ={}
java.util.concurrent.ExecutionException: com.alibaba.nacos.shaded.io.grpc.StatusRuntimeException: UNAVAILABLE: io exception
	at com.alibaba.nacos.shaded.com.google.common.util.concurrent.AbstractFuture.getDoneValue(AbstractFuture.java:592)
	at com.alibaba.nacos.shaded.com.google.common.util.concurrent.AbstractFuture.get(AbstractFuture.java:467)
	at com.alibaba.nacos.common.remote.client.grpc.GrpcClient.serverCheck(GrpcClient.java:243)
	at com.alibaba.nacos.common.remote.client.grpc.GrpcClient.connectToServer(GrpcClient.java:367)
	at com.alibaba.nacos.common.remote.client.RpcClient.reconnect(RpcClient.java:502)
	at com.alibaba.nacos.common.remote.client.RpcClient.lambda$start$1(RpcClient.java:329)
	at java.base/java.util.concurrent.Executors$RunnableAdapter.call(Executors.java:572)
	at java.base/java.util.concurrent.FutureTask.run(FutureTask.java:317)
	at java.base/java.util.concurrent.ScheduledThreadPoolExecutor$ScheduledFutureTask.run(ScheduledThreadPoolExecutor.java:304)
	at java.base/java.util.concurrent.ThreadPoolExecutor.runWorker(ThreadPoolExecutor.java:1144)
	at java.base/java.util.concurrent.ThreadPoolExecutor$Worker.run(ThreadPoolExecutor.java:642)
	at java.base/java.lang.Thread.run(Thread.java:1583)
Caused by: com.alibaba.nacos.shaded.io.grpc.StatusRuntimeException: UNAVAILABLE: io exception
	at com.alibaba.nacos.shaded.io.grpc.Status.asRuntimeException(Status.java:537)
	at com.alibaba.nacos.shaded.io.grpc.stub.ClientCalls$UnaryStreamToFuture.onClose(ClientCalls.java:548)
	at com.alibaba.nacos.shaded.io.grpc.internal.DelayedClientCall$DelayedListener$3.run(DelayedClientCall.java:489)
	at com.alibaba.nacos.shaded.io.grpc.internal.DelayedClientCall$DelayedListener.delayOrExecute(DelayedClientCall.java:453)
	at com.alibaba.nacos.shaded.io.grpc.internal.DelayedClientCall$DelayedListener.onClose(DelayedClientCall.java:486)
	at com.alibaba.nacos.shaded.io.grpc.internal.ClientCallImpl.closeObserver(ClientCallImpl.java:567)
	at com.alibaba.nacos.shaded.io.grpc.internal.ClientCallImpl.access$300(ClientCallImpl.java:71)
	at com.alibaba.nacos.shaded.io.grpc.internal.ClientCallImpl$ClientStreamListenerImpl$1StreamClosed.runInternal(ClientCallImpl.java:735)
	at com.alibaba.nacos.shaded.io.grpc.internal.ClientCallImpl$ClientStreamListenerImpl$1StreamClosed.runInContext(ClientCallImpl.java:716)
	at com.alibaba.nacos.shaded.io.grpc.internal.ContextRunnable.run(ContextRunnable.java:37)
	at com.alibaba.nacos.shaded.io.grpc.internal.SerializingExecutor.run(SerializingExecutor.java:133)
	... 3 common frames omitted
Caused by: com.alibaba.nacos.shaded.io.grpc.netty.shaded.io.netty.channel.AbstractChannel$AnnotatedConnectException: Connection refused: getsockopt: /127.0.0.1:9848
Caused by: java.net.ConnectException: Connection refused: getsockopt
	at java.base/sun.nio.ch.Net.pollConnect(Native Method)
	at java.base/sun.nio.ch.Net.pollConnectNow(Net.java:690)
	at java.base/sun.nio.ch.SocketChannelImpl.finishConnect(SocketChannelImpl.java:973)
	at com.alibaba.nacos.shaded.io.grpc.netty.shaded.io.netty.channel.socket.nio.NioSocketChannel.doFinishConnect(NioSocketChannel.java:337)
	at com.alibaba.nacos.shaded.io.grpc.netty.shaded.io.netty.channel.nio.AbstractNioChannel$AbstractNioUnsafe.finishConnect(AbstractNioChannel.java:334)
	at com.alibaba.nacos.shaded.io.grpc.netty.shaded.io.netty.channel.nio.NioEventLoop.processSelectedKey(NioEventLoop.java:776)
	at com.alibaba.nacos.shaded.io.grpc.netty.shaded.io.netty.channel.nio.NioEventLoop.processSelectedKeysOptimized(NioEventLoop.java:724)
	at com.alibaba.nacos.shaded.io.grpc.netty.shaded.io.netty.channel.nio.NioEventLoop.processSelectedKeys(NioEventLoop.java:650)
	at com.alibaba.nacos.shaded.io.grpc.netty.shaded.io.netty.channel.nio.NioEventLoop.run(NioEventLoop.java:562)
	at com.alibaba.nacos.shaded.io.grpc.netty.shaded.io.netty.util.concurrent.SingleThreadEventExecutor$4.run(SingleThreadEventExecutor.java:997)
	at com.alibaba.nacos.shaded.io.grpc.netty.shaded.io.netty.util.internal.ThreadExecutorMap$2.run(ThreadExecutorMap.java:74)
	at com.alibaba.nacos.shaded.io.grpc.netty.shaded.io.netty.util.concurrent.FastThreadLocalRunnable.run(FastThreadLocalRunnable.java:30)
	at java.base/java.lang.Thread.run(Thread.java:1583)
2026-07-14 03:56:09.761 INFO  [wc-user] [traceId=none] [com.alibaba.nacos.client.remote.worker.1] c.alibaba.nacos.common.remote.client - [d194ed6e-d24e-4c53-be44-e9209553a88a] Fail to connect server, after trying 42 times, last try server is {serverIp = '127.0.0.1', server main port = 8848}, error = unknown
2026-07-14 03:56:14.074 INFO  [wc-user] [traceId=none] [com.alibaba.nacos.client.remote.worker.1] c.a.n.c.r.client.grpc.GrpcClient - grpc client connection server:127.0.0.1 ip,serverPort:9848,grpcTslConfig:{"sslProvider":"","enableTls":false,"mutualAuthEnable":false,"trustAll":false}
2026-07-14 03:56:14.078 ERROR [wc-user] [traceId=none] [com.alibaba.nacos.client.remote.worker.1] c.a.n.c.r.client.grpc.GrpcClient - Server check fail, please check server 127.0.0.1 ,port 9848 is available , error ={}
java.util.concurrent.ExecutionException: com.alibaba.nacos.shaded.io.grpc.StatusRuntimeException: UNAVAILABLE: io exception
	at com.alibaba.nacos.shaded.com.google.common.util.concurrent.AbstractFuture.getDoneValue(AbstractFuture.java:592)
	at com.alibaba.nacos.shaded.com.google.common.util.concurrent.AbstractFuture.get(AbstractFuture.java:467)
	at com.alibaba.nacos.common.remote.client.grpc.GrpcClient.serverCheck(GrpcClient.java:243)
	at com.alibaba.nacos.common.remote.client.grpc.GrpcClient.connectToServer(GrpcClient.java:367)
	at com.alibaba.nacos.common.remote.client.RpcClient.reconnect(RpcClient.java:502)
	at com.alibaba.nacos.common.remote.client.RpcClient.lambda$start$1(RpcClient.java:329)
	at java.base/java.util.concurrent.Executors$RunnableAdapter.call(Executors.java:572)
	at java.base/java.util.concurrent.FutureTask.run(FutureTask.java:317)
	at java.base/java.util.concurrent.ScheduledThreadPoolExecutor$ScheduledFutureTask.run(ScheduledThreadPoolExecutor.java:304)
	at java.base/java.util.concurrent.ThreadPoolExecutor.runWorker(ThreadPoolExecutor.java:1144)
	at java.base/java.util.concurrent.ThreadPoolExecutor$Worker.run(ThreadPoolExecutor.java:642)
	at java.base/java.lang.Thread.run(Thread.java:1583)
Caused by: com.alibaba.nacos.shaded.io.grpc.StatusRuntimeException: UNAVAILABLE: io exception
	at com.alibaba.nacos.shaded.io.grpc.Status.asRuntimeException(Status.java:537)
	at com.alibaba.nacos.shaded.io.grpc.stub.ClientCalls$UnaryStreamToFuture.onClose(ClientCalls.java:548)
	at com.alibaba.nacos.shaded.io.grpc.internal.DelayedClientCall$DelayedListener$3.run(DelayedClientCall.java:489)
	at com.alibaba.nacos.shaded.io.grpc.internal.DelayedClientCall$DelayedListener.delayOrExecute(DelayedClientCall.java:453)
	at com.alibaba.nacos.shaded.io.grpc.internal.DelayedClientCall$DelayedListener.onClose(DelayedClientCall.java:486)
	at com.alibaba.nacos.shaded.io.grpc.internal.ClientCallImpl.closeObserver(ClientCallImpl.java:567)
	at com.alibaba.nacos.shaded.io.grpc.internal.ClientCallImpl.access$300(ClientCallImpl.java:71)
	at com.alibaba.nacos.shaded.io.grpc.internal.ClientCallImpl$ClientStreamListenerImpl$1StreamClosed.runInternal(ClientCallImpl.java:735)
	at com.alibaba.nacos.shaded.io.grpc.internal.ClientCallImpl$ClientStreamListenerImpl$1StreamClosed.runInContext(ClientCallImpl.java:716)
	at com.alibaba.nacos.shaded.io.grpc.internal.ContextRunnable.run(ContextRunnable.java:37)
	at com.alibaba.nacos.shaded.io.grpc.internal.SerializingExecutor.run(SerializingExecutor.java:133)
	... 3 common frames omitted
Caused by: com.alibaba.nacos.shaded.io.grpc.netty.shaded.io.netty.channel.AbstractChannel$AnnotatedConnectException: Connection refused: getsockopt: /127.0.0.1:9848
Caused by: java.net.ConnectException: Connection refused: getsockopt
	at java.base/sun.nio.ch.Net.pollConnect(Native Method)
	at java.base/sun.nio.ch.Net.pollConnectNow(Net.java:690)
	at java.base/sun.nio.ch.SocketChannelImpl.finishConnect(SocketChannelImpl.java:973)
	at com.alibaba.nacos.shaded.io.grpc.netty.shaded.io.netty.channel.socket.nio.NioSocketChannel.doFinishConnect(NioSocketChannel.java:337)
	at com.alibaba.nacos.shaded.io.grpc.netty.shaded.io.netty.channel.nio.AbstractNioChannel$AbstractNioUnsafe.finishConnect(AbstractNioChannel.java:334)
	at com.alibaba.nacos.shaded.io.grpc.netty.shaded.io.netty.channel.nio.NioEventLoop.processSelectedKey(NioEventLoop.java:776)
	at com.alibaba.nacos.shaded.io.grpc.netty.shaded.io.netty.channel.nio.NioEventLoop.processSelectedKeysOptimized(NioEventLoop.java:724)
	at com.alibaba.nacos.shaded.io.grpc.netty.shaded.io.netty.channel.nio.NioEventLoop.processSelectedKeys(NioEventLoop.java:650)
	at com.alibaba.nacos.shaded.io.grpc.netty.shaded.io.netty.channel.nio.NioEventLoop.run(NioEventLoop.java:562)
	at com.alibaba.nacos.shaded.io.grpc.netty.shaded.io.netty.util.concurrent.SingleThreadEventExecutor$4.run(SingleThreadEventExecutor.java:997)
	at com.alibaba.nacos.shaded.io.grpc.netty.shaded.io.netty.util.internal.ThreadExecutorMap$2.run(ThreadExecutorMap.java:74)
	at com.alibaba.nacos.shaded.io.grpc.netty.shaded.io.netty.util.concurrent.FastThreadLocalRunnable.run(FastThreadLocalRunnable.java:30)
	at java.base/java.lang.Thread.run(Thread.java:1583)
2026-07-14 03:56:14.078 INFO  [wc-user] [traceId=none] [com.alibaba.nacos.client.remote.worker.1] c.alibaba.nacos.common.remote.client - [d194ed6e-d24e-4c53-be44-e9209553a88a] Fail to connect server, after trying 43 times, last try server is {serverIp = '127.0.0.1', server main port = 8848}, error = unknown
2026-07-14 03:56:18.487 INFO  [wc-user] [traceId=none] [com.alibaba.nacos.client.remote.worker.1] c.a.n.c.r.client.grpc.GrpcClient - grpc client connection server:127.0.0.1 ip,serverPort:9848,grpcTslConfig:{"sslProvider":"","enableTls":false,"mutualAuthEnable":false,"trustAll":false}
2026-07-14 03:56:18.490 ERROR [wc-user] [traceId=none] [com.alibaba.nacos.client.remote.worker.1] c.a.n.c.r.client.grpc.GrpcClient - Server check fail, please check server 127.0.0.1 ,port 9848 is available , error ={}
java.util.concurrent.ExecutionException: com.alibaba.nacos.shaded.io.grpc.StatusRuntimeException: UNAVAILABLE: io exception
	at com.alibaba.nacos.shaded.com.google.common.util.concurrent.AbstractFuture.getDoneValue(AbstractFuture.java:592)
	at com.alibaba.nacos.shaded.com.google.common.util.concurrent.AbstractFuture.get(AbstractFuture.java:467)
	at com.alibaba.nacos.common.remote.client.grpc.GrpcClient.serverCheck(GrpcClient.java:243)
	at com.alibaba.nacos.common.remote.client.grpc.GrpcClient.connectToServer(GrpcClient.java:367)
	at com.alibaba.nacos.common.remote.client.RpcClient.reconnect(RpcClient.java:502)
	at com.alibaba.nacos.common.remote.client.RpcClient.lambda$start$1(RpcClient.java:329)
	at java.base/java.util.concurrent.Executors$RunnableAdapter.call(Executors.java:572)
	at java.base/java.util.concurrent.FutureTask.run(FutureTask.java:317)
	at java.base/java.util.concurrent.ScheduledThreadPoolExecutor$ScheduledFutureTask.run(ScheduledThreadPoolExecutor.java:304)
	at java.base/java.util.concurrent.ThreadPoolExecutor.runWorker(ThreadPoolExecutor.java:1144)
	at java.base/java.util.concurrent.ThreadPoolExecutor$Worker.run(ThreadPoolExecutor.java:642)
	at java.base/java.lang.Thread.run(Thread.java:1583)
Caused by: com.alibaba.nacos.shaded.io.grpc.StatusRuntimeException: UNAVAILABLE: io exception
	at com.alibaba.nacos.shaded.io.grpc.Status.asRuntimeException(Status.java:537)
	at com.alibaba.nacos.shaded.io.grpc.stub.ClientCalls$UnaryStreamToFuture.onClose(ClientCalls.java:548)
	at com.alibaba.nacos.shaded.io.grpc.internal.DelayedClientCall$DelayedListener$3.run(DelayedClientCall.java:489)
	at com.alibaba.nacos.shaded.io.grpc.internal.DelayedClientCall$DelayedListener.delayOrExecute(DelayedClientCall.java:453)
	at com.alibaba.nacos.shaded.io.grpc.internal.DelayedClientCall$DelayedListener.onClose(DelayedClientCall.java:486)
	at com.alibaba.nacos.shaded.io.grpc.internal.ClientCallImpl.closeObserver(ClientCallImpl.java:567)
	at com.alibaba.nacos.shaded.io.grpc.internal.ClientCallImpl.access$300(ClientCallImpl.java:71)
	at com.alibaba.nacos.shaded.io.grpc.internal.ClientCallImpl$ClientStreamListenerImpl$1StreamClosed.runInternal(ClientCallImpl.java:735)
	at com.alibaba.nacos.shaded.io.grpc.internal.ClientCallImpl$ClientStreamListenerImpl$1StreamClosed.runInContext(ClientCallImpl.java:716)
	at com.alibaba.nacos.shaded.io.grpc.internal.ContextRunnable.run(ContextRunnable.java:37)
	at com.alibaba.nacos.shaded.io.grpc.internal.SerializingExecutor.run(SerializingExecutor.java:133)
	... 3 common frames omitted
Caused by: com.alibaba.nacos.shaded.io.grpc.netty.shaded.io.netty.channel.AbstractChannel$AnnotatedConnectException: Connection refused: getsockopt: /127.0.0.1:9848
Caused by: java.net.ConnectException: Connection refused: getsockopt
	at java.base/sun.nio.ch.Net.pollConnect(Native Method)
	at java.base/sun.nio.ch.Net.pollConnectNow(Net.java:690)
	at java.base/sun.nio.ch.SocketChannelImpl.finishConnect(SocketChannelImpl.java:973)
	at com.alibaba.nacos.shaded.io.grpc.netty.shaded.io.netty.channel.socket.nio.NioSocketChannel.doFinishConnect(NioSocketChannel.java:337)
	at com.alibaba.nacos.shaded.io.grpc.netty.shaded.io.netty.channel.nio.AbstractNioChannel$AbstractNioUnsafe.finishConnect(AbstractNioChannel.java:334)
	at com.alibaba.nacos.shaded.io.grpc.netty.shaded.io.netty.channel.nio.NioEventLoop.processSelectedKey(NioEventLoop.java:776)
	at com.alibaba.nacos.shaded.io.grpc.netty.shaded.io.netty.channel.nio.NioEventLoop.processSelectedKeysOptimized(NioEventLoop.java:724)
	at com.alibaba.nacos.shaded.io.grpc.netty.shaded.io.netty.channel.nio.NioEventLoop.processSelectedKeys(NioEventLoop.java:650)
	at com.alibaba.nacos.shaded.io.grpc.netty.shaded.io.netty.channel.nio.NioEventLoop.run(NioEventLoop.java:562)
	at com.alibaba.nacos.shaded.io.grpc.netty.shaded.io.netty.util.concurrent.SingleThreadEventExecutor$4.run(SingleThreadEventExecutor.java:997)
	at com.alibaba.nacos.shaded.io.grpc.netty.shaded.io.netty.util.internal.ThreadExecutorMap$2.run(ThreadExecutorMap.java:74)
	at com.alibaba.nacos.shaded.io.grpc.netty.shaded.io.netty.util.concurrent.FastThreadLocalRunnable.run(FastThreadLocalRunnable.java:30)
	at java.base/java.lang.Thread.run(Thread.java:1583)
2026-07-14 03:56:18.490 INFO  [wc-user] [traceId=none] [com.alibaba.nacos.client.remote.worker.1] c.alibaba.nacos.common.remote.client - [d194ed6e-d24e-4c53-be44-e9209553a88a] Fail to connect server, after trying 44 times, last try server is {serverIp = '127.0.0.1', server main port = 8848}, error = unknown
2026-07-14 03:56:22.993 INFO  [wc-user] [traceId=none] [com.alibaba.nacos.client.remote.worker.1] c.a.n.c.r.client.grpc.GrpcClient - grpc client connection server:127.0.0.1 ip,serverPort:9848,grpcTslConfig:{"sslProvider":"","enableTls":false,"mutualAuthEnable":false,"trustAll":false}
2026-07-14 03:56:22.996 ERROR [wc-user] [traceId=none] [com.alibaba.nacos.client.remote.worker.1] c.a.n.c.r.client.grpc.GrpcClient - Server check fail, please check server 127.0.0.1 ,port 9848 is available , error ={}
java.util.concurrent.ExecutionException: com.alibaba.nacos.shaded.io.grpc.StatusRuntimeException: UNAVAILABLE: io exception
	at com.alibaba.nacos.shaded.com.google.common.util.concurrent.AbstractFuture.getDoneValue(AbstractFuture.java:592)
	at com.alibaba.nacos.shaded.com.google.common.util.concurrent.AbstractFuture.get(AbstractFuture.java:467)
	at com.alibaba.nacos.common.remote.client.grpc.GrpcClient.serverCheck(GrpcClient.java:243)
	at com.alibaba.nacos.common.remote.client.grpc.GrpcClient.connectToServer(GrpcClient.java:367)
	at com.alibaba.nacos.common.remote.client.RpcClient.reconnect(RpcClient.java:502)
	at com.alibaba.nacos.common.remote.client.RpcClient.lambda$start$1(RpcClient.java:329)
	at java.base/java.util.concurrent.Executors$RunnableAdapter.call(Executors.java:572)
	at java.base/java.util.concurrent.FutureTask.run(FutureTask.java:317)
	at java.base/java.util.concurrent.ScheduledThreadPoolExecutor$ScheduledFutureTask.run(ScheduledThreadPoolExecutor.java:304)
	at java.base/java.util.concurrent.ThreadPoolExecutor.runWorker(ThreadPoolExecutor.java:1144)
	at java.base/java.util.concurrent.ThreadPoolExecutor$Worker.run(ThreadPoolExecutor.java:642)
	at java.base/java.lang.Thread.run(Thread.java:1583)
Caused by: com.alibaba.nacos.shaded.io.grpc.StatusRuntimeException: UNAVAILABLE: io exception
	at com.alibaba.nacos.shaded.io.grpc.Status.asRuntimeException(Status.java:537)
	at com.alibaba.nacos.shaded.io.grpc.stub.ClientCalls$UnaryStreamToFuture.onClose(ClientCalls.java:548)
	at com.alibaba.nacos.shaded.io.grpc.internal.DelayedClientCall$DelayedListener$3.run(DelayedClientCall.java:489)
	at com.alibaba.nacos.shaded.io.grpc.internal.DelayedClientCall$DelayedListener.delayOrExecute(DelayedClientCall.java:453)
	at com.alibaba.nacos.shaded.io.grpc.internal.DelayedClientCall$DelayedListener.onClose(DelayedClientCall.java:486)
	at com.alibaba.nacos.shaded.io.grpc.internal.ClientCallImpl.closeObserver(ClientCallImpl.java:567)
	at com.alibaba.nacos.shaded.io.grpc.internal.ClientCallImpl.access$300(ClientCallImpl.java:71)
	at com.alibaba.nacos.shaded.io.grpc.internal.ClientCallImpl$ClientStreamListenerImpl$1StreamClosed.runInternal(ClientCallImpl.java:735)
	at com.alibaba.nacos.shaded.io.grpc.internal.ClientCallImpl$ClientStreamListenerImpl$1StreamClosed.runInContext(ClientCallImpl.java:716)
	at com.alibaba.nacos.shaded.io.grpc.internal.ContextRunnable.run(ContextRunnable.java:37)
	at com.alibaba.nacos.shaded.io.grpc.internal.SerializingExecutor.run(SerializingExecutor.java:133)
	... 3 common frames omitted
Caused by: com.alibaba.nacos.shaded.io.grpc.netty.shaded.io.netty.channel.AbstractChannel$AnnotatedConnectException: Connection refused: getsockopt: /127.0.0.1:9848
Caused by: java.net.ConnectException: Connection refused: getsockopt
	at java.base/sun.nio.ch.Net.pollConnect(Native Method)
	at java.base/sun.nio.ch.Net.pollConnectNow(Net.java:690)
	at java.base/sun.nio.ch.SocketChannelImpl.finishConnect(SocketChannelImpl.java:973)
	at com.alibaba.nacos.shaded.io.grpc.netty.shaded.io.netty.channel.socket.nio.NioSocketChannel.doFinishConnect(NioSocketChannel.java:337)
	at com.alibaba.nacos.shaded.io.grpc.netty.shaded.io.netty.channel.nio.AbstractNioChannel$AbstractNioUnsafe.finishConnect(AbstractNioChannel.java:334)
	at com.alibaba.nacos.shaded.io.grpc.netty.shaded.io.netty.channel.nio.NioEventLoop.processSelectedKey(NioEventLoop.java:776)
	at com.alibaba.nacos.shaded.io.grpc.netty.shaded.io.netty.channel.nio.NioEventLoop.processSelectedKeysOptimized(NioEventLoop.java:724)
	at com.alibaba.nacos.shaded.io.grpc.netty.shaded.io.netty.channel.nio.NioEventLoop.processSelectedKeys(NioEventLoop.java:650)
	at com.alibaba.nacos.shaded.io.grpc.netty.shaded.io.netty.channel.nio.NioEventLoop.run(NioEventLoop.java:562)
	at com.alibaba.nacos.shaded.io.grpc.netty.shaded.io.netty.util.concurrent.SingleThreadEventExecutor$4.run(SingleThreadEventExecutor.java:997)
	at com.alibaba.nacos.shaded.io.grpc.netty.shaded.io.netty.util.internal.ThreadExecutorMap$2.run(ThreadExecutorMap.java:74)
	at com.alibaba.nacos.shaded.io.grpc.netty.shaded.io.netty.util.concurrent.FastThreadLocalRunnable.run(FastThreadLocalRunnable.java:30)
	at java.base/java.lang.Thread.run(Thread.java:1583)
2026-07-14 03:56:22.997 INFO  [wc-user] [traceId=none] [com.alibaba.nacos.client.remote.worker.1] c.alibaba.nacos.common.remote.client - [d194ed6e-d24e-4c53-be44-e9209553a88a] Fail to connect server, after trying 45 times, last try server is {serverIp = '127.0.0.1', server main port = 8848}, error = unknown
2026-07-14 03:56:27.603 INFO  [wc-user] [traceId=none] [com.alibaba.nacos.client.remote.worker.1] c.a.n.c.r.client.grpc.GrpcClient - grpc client connection server:127.0.0.1 ip,serverPort:9848,grpcTslConfig:{"sslProvider":"","enableTls":false,"mutualAuthEnable":false,"trustAll":false}
2026-07-14 03:56:27.607 ERROR [wc-user] [traceId=none] [com.alibaba.nacos.client.remote.worker.1] c.a.n.c.r.client.grpc.GrpcClient - Server check fail, please check server 127.0.0.1 ,port 9848 is available , error ={}
java.util.concurrent.ExecutionException: com.alibaba.nacos.shaded.io.grpc.StatusRuntimeException: UNAVAILABLE: io exception
	at com.alibaba.nacos.shaded.com.google.common.util.concurrent.AbstractFuture.getDoneValue(AbstractFuture.java:592)
	at com.alibaba.nacos.shaded.com.google.common.util.concurrent.AbstractFuture.get(AbstractFuture.java:467)
	at com.alibaba.nacos.common.remote.client.grpc.GrpcClient.serverCheck(GrpcClient.java:243)
	at com.alibaba.nacos.common.remote.client.grpc.GrpcClient.connectToServer(GrpcClient.java:367)
	at com.alibaba.nacos.common.remote.client.RpcClient.reconnect(RpcClient.java:502)
	at com.alibaba.nacos.common.remote.client.RpcClient.lambda$start$1(RpcClient.java:329)
	at java.base/java.util.concurrent.Executors$RunnableAdapter.call(Executors.java:572)
	at java.base/java.util.concurrent.FutureTask.run(FutureTask.java:317)
	at java.base/java.util.concurrent.ScheduledThreadPoolExecutor$ScheduledFutureTask.run(ScheduledThreadPoolExecutor.java:304)
	at java.base/java.util.concurrent.ThreadPoolExecutor.runWorker(ThreadPoolExecutor.java:1144)
	at java.base/java.util.concurrent.ThreadPoolExecutor$Worker.run(ThreadPoolExecutor.java:642)
	at java.base/java.lang.Thread.run(Thread.java:1583)
Caused by: com.alibaba.nacos.shaded.io.grpc.StatusRuntimeException: UNAVAILABLE: io exception
	at com.alibaba.nacos.shaded.io.grpc.Status.asRuntimeException(Status.java:537)
	at com.alibaba.nacos.shaded.io.grpc.stub.ClientCalls$UnaryStreamToFuture.onClose(ClientCalls.java:548)
	at com.alibaba.nacos.shaded.io.grpc.internal.DelayedClientCall$DelayedListener$3.run(DelayedClientCall.java:489)
	at com.alibaba.nacos.shaded.io.grpc.internal.DelayedClientCall$DelayedListener.delayOrExecute(DelayedClientCall.java:453)
	at com.alibaba.nacos.shaded.io.grpc.internal.DelayedClientCall$DelayedListener.onClose(DelayedClientCall.java:486)
	at com.alibaba.nacos.shaded.io.grpc.internal.ClientCallImpl.closeObserver(ClientCallImpl.java:567)
	at com.alibaba.nacos.shaded.io.grpc.internal.ClientCallImpl.access$300(ClientCallImpl.java:71)
	at com.alibaba.nacos.shaded.io.grpc.internal.ClientCallImpl$ClientStreamListenerImpl$1StreamClosed.runInternal(ClientCallImpl.java:735)
	at com.alibaba.nacos.shaded.io.grpc.internal.ClientCallImpl$ClientStreamListenerImpl$1StreamClosed.runInContext(ClientCallImpl.java:716)
	at com.alibaba.nacos.shaded.io.grpc.internal.ContextRunnable.run(ContextRunnable.java:37)
	at com.alibaba.nacos.shaded.io.grpc.internal.SerializingExecutor.run(SerializingExecutor.java:133)
	... 3 common frames omitted
Caused by: com.alibaba.nacos.shaded.io.grpc.netty.shaded.io.netty.channel.AbstractChannel$AnnotatedConnectException: Connection refused: getsockopt: /127.0.0.1:9848
Caused by: java.net.ConnectException: Connection refused: getsockopt
	at java.base/sun.nio.ch.Net.pollConnect(Native Method)
	at java.base/sun.nio.ch.Net.pollConnectNow(Net.java:690)
	at java.base/sun.nio.ch.SocketChannelImpl.finishConnect(SocketChannelImpl.java:973)
	at com.alibaba.nacos.shaded.io.grpc.netty.shaded.io.netty.channel.socket.nio.NioSocketChannel.doFinishConnect(NioSocketChannel.java:337)
	at com.alibaba.nacos.shaded.io.grpc.netty.shaded.io.netty.channel.nio.AbstractNioChannel$AbstractNioUnsafe.finishConnect(AbstractNioChannel.java:334)
	at com.alibaba.nacos.shaded.io.grpc.netty.shaded.io.netty.channel.nio.NioEventLoop.processSelectedKey(NioEventLoop.java:776)
	at com.alibaba.nacos.shaded.io.grpc.netty.shaded.io.netty.channel.nio.NioEventLoop.processSelectedKeysOptimized(NioEventLoop.java:724)
	at com.alibaba.nacos.shaded.io.grpc.netty.shaded.io.netty.channel.nio.NioEventLoop.processSelectedKeys(NioEventLoop.java:650)
	at com.alibaba.nacos.shaded.io.grpc.netty.shaded.io.netty.channel.nio.NioEventLoop.run(NioEventLoop.java:562)
	at com.alibaba.nacos.shaded.io.grpc.netty.shaded.io.netty.util.concurrent.SingleThreadEventExecutor$4.run(SingleThreadEventExecutor.java:997)
	at com.alibaba.nacos.shaded.io.grpc.netty.shaded.io.netty.util.internal.ThreadExecutorMap$2.run(ThreadExecutorMap.java:74)
	at com.alibaba.nacos.shaded.io.grpc.netty.shaded.io.netty.util.concurrent.FastThreadLocalRunnable.run(FastThreadLocalRunnable.java:30)
	at java.base/java.lang.Thread.run(Thread.java:1583)
2026-07-14 03:56:27.608 INFO  [wc-user] [traceId=none] [com.alibaba.nacos.client.remote.worker.1] c.alibaba.nacos.common.remote.client - [d194ed6e-d24e-4c53-be44-e9209553a88a] Fail to connect server, after trying 46 times, last try server is {serverIp = '127.0.0.1', server main port = 8848}, error = unknown
2026-07-14 03:56:32.310 INFO  [wc-user] [traceId=none] [com.alibaba.nacos.client.remote.worker.1] c.a.n.c.r.client.grpc.GrpcClient - grpc client connection server:127.0.0.1 ip,serverPort:9848,grpcTslConfig:{"sslProvider":"","enableTls":false,"mutualAuthEnable":false,"trustAll":false}
2026-07-14 03:56:32.314 ERROR [wc-user] [traceId=none] [com.alibaba.nacos.client.remote.worker.1] c.a.n.c.r.client.grpc.GrpcClient - Server check fail, please check server 127.0.0.1 ,port 9848 is available , error ={}
java.util.concurrent.ExecutionException: com.alibaba.nacos.shaded.io.grpc.StatusRuntimeException: UNAVAILABLE: io exception
	at com.alibaba.nacos.shaded.com.google.common.util.concurrent.AbstractFuture.getDoneValue(AbstractFuture.java:592)
	at com.alibaba.nacos.shaded.com.google.common.util.concurrent.AbstractFuture.get(AbstractFuture.java:467)
	at com.alibaba.nacos.common.remote.client.grpc.GrpcClient.serverCheck(GrpcClient.java:243)
	at com.alibaba.nacos.common.remote.client.grpc.GrpcClient.connectToServer(GrpcClient.java:367)
	at com.alibaba.nacos.common.remote.client.RpcClient.reconnect(RpcClient.java:502)
	at com.alibaba.nacos.common.remote.client.RpcClient.lambda$start$1(RpcClient.java:329)
	at java.base/java.util.concurrent.Executors$RunnableAdapter.call(Executors.java:572)
	at java.base/java.util.concurrent.FutureTask.run(FutureTask.java:317)
	at java.base/java.util.concurrent.ScheduledThreadPoolExecutor$ScheduledFutureTask.run(ScheduledThreadPoolExecutor.java:304)
	at java.base/java.util.concurrent.ThreadPoolExecutor.runWorker(ThreadPoolExecutor.java:1144)
	at java.base/java.util.concurrent.ThreadPoolExecutor$Worker.run(ThreadPoolExecutor.java:642)
	at java.base/java.lang.Thread.run(Thread.java:1583)
Caused by: com.alibaba.nacos.shaded.io.grpc.StatusRuntimeException: UNAVAILABLE: io exception
	at com.alibaba.nacos.shaded.io.grpc.Status.asRuntimeException(Status.java:537)
	at com.alibaba.nacos.shaded.io.grpc.stub.ClientCalls$UnaryStreamToFuture.onClose(ClientCalls.java:548)
	at com.alibaba.nacos.shaded.io.grpc.internal.DelayedClientCall$DelayedListener$3.run(DelayedClientCall.java:489)
	at com.alibaba.nacos.shaded.io.grpc.internal.DelayedClientCall$DelayedListener.delayOrExecute(DelayedClientCall.java:453)
	at com.alibaba.nacos.shaded.io.grpc.internal.DelayedClientCall$DelayedListener.onClose(DelayedClientCall.java:486)
	at com.alibaba.nacos.shaded.io.grpc.internal.ClientCallImpl.closeObserver(ClientCallImpl.java:567)
	at com.alibaba.nacos.shaded.io.grpc.internal.ClientCallImpl.access$300(ClientCallImpl.java:71)
	at com.alibaba.nacos.shaded.io.grpc.internal.ClientCallImpl$ClientStreamListenerImpl$1StreamClosed.runInternal(ClientCallImpl.java:735)
	at com.alibaba.nacos.shaded.io.grpc.internal.ClientCallImpl$ClientStreamListenerImpl$1StreamClosed.runInContext(ClientCallImpl.java:716)
	at com.alibaba.nacos.shaded.io.grpc.internal.ContextRunnable.run(ContextRunnable.java:37)
	at com.alibaba.nacos.shaded.io.grpc.internal.SerializingExecutor.run(SerializingExecutor.java:133)
	... 3 common frames omitted
Caused by: com.alibaba.nacos.shaded.io.grpc.netty.shaded.io.netty.channel.AbstractChannel$AnnotatedConnectException: Connection refused: getsockopt: /127.0.0.1:9848
Caused by: java.net.ConnectException: Connection refused: getsockopt
	at java.base/sun.nio.ch.Net.pollConnect(Native Method)
	at java.base/sun.nio.ch.Net.pollConnectNow(Net.java:690)
	at java.base/sun.nio.ch.SocketChannelImpl.finishConnect(SocketChannelImpl.java:973)
	at com.alibaba.nacos.shaded.io.grpc.netty.shaded.io.netty.channel.socket.nio.NioSocketChannel.doFinishConnect(NioSocketChannel.java:337)
	at com.alibaba.nacos.shaded.io.grpc.netty.shaded.io.netty.channel.nio.AbstractNioChannel$AbstractNioUnsafe.finishConnect(AbstractNioChannel.java:334)
	at com.alibaba.nacos.shaded.io.grpc.netty.shaded.io.netty.channel.nio.NioEventLoop.processSelectedKey(NioEventLoop.java:776)
	at com.alibaba.nacos.shaded.io.grpc.netty.shaded.io.netty.channel.nio.NioEventLoop.processSelectedKeysOptimized(NioEventLoop.java:724)
	at com.alibaba.nacos.shaded.io.grpc.netty.shaded.io.netty.channel.nio.NioEventLoop.processSelectedKeys(NioEventLoop.java:650)
	at com.alibaba.nacos.shaded.io.grpc.netty.shaded.io.netty.channel.nio.NioEventLoop.run(NioEventLoop.java:562)
	at com.alibaba.nacos.shaded.io.grpc.netty.shaded.io.netty.util.concurrent.SingleThreadEventExecutor$4.run(SingleThreadEventExecutor.java:997)
	at com.alibaba.nacos.shaded.io.grpc.netty.shaded.io.netty.util.internal.ThreadExecutorMap$2.run(ThreadExecutorMap.java:74)
	at com.alibaba.nacos.shaded.io.grpc.netty.shaded.io.netty.util.concurrent.FastThreadLocalRunnable.run(FastThreadLocalRunnable.java:30)
	at java.base/java.lang.Thread.run(Thread.java:1583)
2026-07-14 03:56:32.314 INFO  [wc-user] [traceId=none] [com.alibaba.nacos.client.remote.worker.1] c.alibaba.nacos.common.remote.client - [d194ed6e-d24e-4c53-be44-e9209553a88a] Fail to connect server, after trying 47 times, last try server is {serverIp = '127.0.0.1', server main port = 8848}, error = unknown
2026-07-14 03:56:37.128 INFO  [wc-user] [traceId=none] [com.alibaba.nacos.client.remote.worker.1] c.a.n.c.r.client.grpc.GrpcClient - grpc client connection server:127.0.0.1 ip,serverPort:9848,grpcTslConfig:{"sslProvider":"","enableTls":false,"mutualAuthEnable":false,"trustAll":false}
2026-07-14 03:56:37.131 ERROR [wc-user] [traceId=none] [com.alibaba.nacos.client.remote.worker.1] c.a.n.c.r.client.grpc.GrpcClient - Server check fail, please check server 127.0.0.1 ,port 9848 is available , error ={}
java.util.concurrent.ExecutionException: com.alibaba.nacos.shaded.io.grpc.StatusRuntimeException: UNAVAILABLE: io exception
	at com.alibaba.nacos.shaded.com.google.common.util.concurrent.AbstractFuture.getDoneValue(AbstractFuture.java:592)
	at com.alibaba.nacos.shaded.com.google.common.util.concurrent.AbstractFuture.get(AbstractFuture.java:467)
	at com.alibaba.nacos.common.remote.client.grpc.GrpcClient.serverCheck(GrpcClient.java:243)
	at com.alibaba.nacos.common.remote.client.grpc.GrpcClient.connectToServer(GrpcClient.java:367)
	at com.alibaba.nacos.common.remote.client.RpcClient.reconnect(RpcClient.java:502)
	at com.alibaba.nacos.common.remote.client.RpcClient.lambda$start$1(RpcClient.java:329)
	at java.base/java.util.concurrent.Executors$RunnableAdapter.call(Executors.java:572)
	at java.base/java.util.concurrent.FutureTask.run(FutureTask.java:317)
	at java.base/java.util.concurrent.ScheduledThreadPoolExecutor$ScheduledFutureTask.run(ScheduledThreadPoolExecutor.java:304)
	at java.base/java.util.concurrent.ThreadPoolExecutor.runWorker(ThreadPoolExecutor.java:1144)
	at java.base/java.util.concurrent.ThreadPoolExecutor$Worker.run(ThreadPoolExecutor.java:642)
	at java.base/java.lang.Thread.run(Thread.java:1583)
Caused by: com.alibaba.nacos.shaded.io.grpc.StatusRuntimeException: UNAVAILABLE: io exception
	at com.alibaba.nacos.shaded.io.grpc.Status.asRuntimeException(Status.java:537)
	at com.alibaba.nacos.shaded.io.grpc.stub.ClientCalls$UnaryStreamToFuture.onClose(ClientCalls.java:548)
	at com.alibaba.nacos.shaded.io.grpc.internal.DelayedClientCall$DelayedListener$3.run(DelayedClientCall.java:489)
	at com.alibaba.nacos.shaded.io.grpc.internal.DelayedClientCall$DelayedListener.delayOrExecute(DelayedClientCall.java:453)
	at com.alibaba.nacos.shaded.io.grpc.internal.DelayedClientCall$DelayedListener.onClose(DelayedClientCall.java:486)
	at com.alibaba.nacos.shaded.io.grpc.internal.ClientCallImpl.closeObserver(ClientCallImpl.java:567)
	at com.alibaba.nacos.shaded.io.grpc.internal.ClientCallImpl.access$300(ClientCallImpl.java:71)
	at com.alibaba.nacos.shaded.io.grpc.internal.ClientCallImpl$ClientStreamListenerImpl$1StreamClosed.runInternal(ClientCallImpl.java:735)
	at com.alibaba.nacos.shaded.io.grpc.internal.ClientCallImpl$ClientStreamListenerImpl$1StreamClosed.runInContext(ClientCallImpl.java:716)
	at com.alibaba.nacos.shaded.io.grpc.internal.ContextRunnable.run(ContextRunnable.java:37)
	at com.alibaba.nacos.shaded.io.grpc.internal.SerializingExecutor.run(SerializingExecutor.java:133)
	... 3 common frames omitted
Caused by: com.alibaba.nacos.shaded.io.grpc.netty.shaded.io.netty.channel.AbstractChannel$AnnotatedConnectException: Connection refused: getsockopt: /127.0.0.1:9848
Caused by: java.net.ConnectException: Connection refused: getsockopt
	at java.base/sun.nio.ch.Net.pollConnect(Native Method)
	at java.base/sun.nio.ch.Net.pollConnectNow(Net.java:690)
	at java.base/sun.nio.ch.SocketChannelImpl.finishConnect(SocketChannelImpl.java:973)
	at com.alibaba.nacos.shaded.io.grpc.netty.shaded.io.netty.channel.socket.nio.NioSocketChannel.doFinishConnect(NioSocketChannel.java:337)
	at com.alibaba.nacos.shaded.io.grpc.netty.shaded.io.netty.channel.nio.AbstractNioChannel$AbstractNioUnsafe.finishConnect(AbstractNioChannel.java:334)
	at com.alibaba.nacos.shaded.io.grpc.netty.shaded.io.netty.channel.nio.NioEventLoop.processSelectedKey(NioEventLoop.java:776)
	at com.alibaba.nacos.shaded.io.grpc.netty.shaded.io.netty.channel.nio.NioEventLoop.processSelectedKeysOptimized(NioEventLoop.java:724)
	at com.alibaba.nacos.shaded.io.grpc.netty.shaded.io.netty.channel.nio.NioEventLoop.processSelectedKeys(NioEventLoop.java:650)
	at com.alibaba.nacos.shaded.io.grpc.netty.shaded.io.netty.channel.nio.NioEventLoop.run(NioEventLoop.java:562)
	at com.alibaba.nacos.shaded.io.grpc.netty.shaded.io.netty.util.concurrent.SingleThreadEventExecutor$4.run(SingleThreadEventExecutor.java:997)
	at com.alibaba.nacos.shaded.io.grpc.netty.shaded.io.netty.util.internal.ThreadExecutorMap$2.run(ThreadExecutorMap.java:74)
	at com.alibaba.nacos.shaded.io.grpc.netty.shaded.io.netty.util.concurrent.FastThreadLocalRunnable.run(FastThreadLocalRunnable.java:30)
	at java.base/java.lang.Thread.run(Thread.java:1583)
2026-07-14 03:56:37.133 INFO  [wc-user] [traceId=none] [com.alibaba.nacos.client.remote.worker.1] c.alibaba.nacos.common.remote.client - [d194ed6e-d24e-4c53-be44-e9209553a88a] Fail to connect server, after trying 48 times, last try server is {serverIp = '127.0.0.1', server main port = 8848}, error = unknown
2026-07-14 03:56:42.040 INFO  [wc-user] [traceId=none] [com.alibaba.nacos.client.remote.worker.1] c.a.n.c.r.client.grpc.GrpcClient - grpc client connection server:127.0.0.1 ip,serverPort:9848,grpcTslConfig:{"sslProvider":"","enableTls":false,"mutualAuthEnable":false,"trustAll":false}
2026-07-14 03:56:42.044 ERROR [wc-user] [traceId=none] [com.alibaba.nacos.client.remote.worker.1] c.a.n.c.r.client.grpc.GrpcClient - Server check fail, please check server 127.0.0.1 ,port 9848 is available , error ={}
java.util.concurrent.ExecutionException: com.alibaba.nacos.shaded.io.grpc.StatusRuntimeException: UNAVAILABLE: io exception
	at com.alibaba.nacos.shaded.com.google.common.util.concurrent.AbstractFuture.getDoneValue(AbstractFuture.java:592)
	at com.alibaba.nacos.shaded.com.google.common.util.concurrent.AbstractFuture.get(AbstractFuture.java:467)
	at com.alibaba.nacos.common.remote.client.grpc.GrpcClient.serverCheck(GrpcClient.java:243)
	at com.alibaba.nacos.common.remote.client.grpc.GrpcClient.connectToServer(GrpcClient.java:367)
	at com.alibaba.nacos.common.remote.client.RpcClient.reconnect(RpcClient.java:502)
	at com.alibaba.nacos.common.remote.client.RpcClient.lambda$start$1(RpcClient.java:329)
	at java.base/java.util.concurrent.Executors$RunnableAdapter.call(Executors.java:572)
	at java.base/java.util.concurrent.FutureTask.run(FutureTask.java:317)
	at java.base/java.util.concurrent.ScheduledThreadPoolExecutor$ScheduledFutureTask.run(ScheduledThreadPoolExecutor.java:304)
	at java.base/java.util.concurrent.ThreadPoolExecutor.runWorker(ThreadPoolExecutor.java:1144)
	at java.base/java.util.concurrent.ThreadPoolExecutor$Worker.run(ThreadPoolExecutor.java:642)
	at java.base/java.lang.Thread.run(Thread.java:1583)
Caused by: com.alibaba.nacos.shaded.io.grpc.StatusRuntimeException: UNAVAILABLE: io exception
	at com.alibaba.nacos.shaded.io.grpc.Status.asRuntimeException(Status.java:537)
	at com.alibaba.nacos.shaded.io.grpc.stub.ClientCalls$UnaryStreamToFuture.onClose(ClientCalls.java:548)
	at com.alibaba.nacos.shaded.io.grpc.internal.DelayedClientCall$DelayedListener$3.run(DelayedClientCall.java:489)
	at com.alibaba.nacos.shaded.io.grpc.internal.DelayedClientCall$DelayedListener.delayOrExecute(DelayedClientCall.java:453)
	at com.alibaba.nacos.shaded.io.grpc.internal.DelayedClientCall$DelayedListener.onClose(DelayedClientCall.java:486)
	at com.alibaba.nacos.shaded.io.grpc.internal.ClientCallImpl.closeObserver(ClientCallImpl.java:567)
	at com.alibaba.nacos.shaded.io.grpc.internal.ClientCallImpl.access$300(ClientCallImpl.java:71)
	at com.alibaba.nacos.shaded.io.grpc.internal.ClientCallImpl$ClientStreamListenerImpl$1StreamClosed.runInternal(ClientCallImpl.java:735)
	at com.alibaba.nacos.shaded.io.grpc.internal.ClientCallImpl$ClientStreamListenerImpl$1StreamClosed.runInContext(ClientCallImpl.java:716)
	at com.alibaba.nacos.shaded.io.grpc.internal.ContextRunnable.run(ContextRunnable.java:37)
	at com.alibaba.nacos.shaded.io.grpc.internal.SerializingExecutor.run(SerializingExecutor.java:133)
	... 3 common frames omitted
Caused by: com.alibaba.nacos.shaded.io.grpc.netty.shaded.io.netty.channel.AbstractChannel$AnnotatedConnectException: Connection refused: getsockopt: /127.0.0.1:9848
Caused by: java.net.ConnectException: Connection refused: getsockopt
	at java.base/sun.nio.ch.Net.pollConnect(Native Method)
	at java.base/sun.nio.ch.Net.pollConnectNow(Net.java:690)
	at java.base/sun.nio.ch.SocketChannelImpl.finishConnect(SocketChannelImpl.java:973)
	at com.alibaba.nacos.shaded.io.grpc.netty.shaded.io.netty.channel.socket.nio.NioSocketChannel.doFinishConnect(NioSocketChannel.java:337)
	at com.alibaba.nacos.shaded.io.grpc.netty.shaded.io.netty.channel.nio.AbstractNioChannel$AbstractNioUnsafe.finishConnect(AbstractNioChannel.java:334)
	at com.alibaba.nacos.shaded.io.grpc.netty.shaded.io.netty.channel.nio.NioEventLoop.processSelectedKey(NioEventLoop.java:776)
	at com.alibaba.nacos.shaded.io.grpc.netty.shaded.io.netty.channel.nio.NioEventLoop.processSelectedKeysOptimized(NioEventLoop.java:724)
	at com.alibaba.nacos.shaded.io.grpc.netty.shaded.io.netty.channel.nio.NioEventLoop.processSelectedKeys(NioEventLoop.java:650)
	at com.alibaba.nacos.shaded.io.grpc.netty.shaded.io.netty.channel.nio.NioEventLoop.run(NioEventLoop.java:562)
	at com.alibaba.nacos.shaded.io.grpc.netty.shaded.io.netty.util.concurrent.SingleThreadEventExecutor$4.run(SingleThreadEventExecutor.java:997)
	at com.alibaba.nacos.shaded.io.grpc.netty.shaded.io.netty.util.internal.ThreadExecutorMap$2.run(ThreadExecutorMap.java:74)
	at com.alibaba.nacos.shaded.io.grpc.netty.shaded.io.netty.util.concurrent.FastThreadLocalRunnable.run(FastThreadLocalRunnable.java:30)
	at java.base/java.lang.Thread.run(Thread.java:1583)
2026-07-14 03:56:42.044 INFO  [wc-user] [traceId=none] [com.alibaba.nacos.client.remote.worker.1] c.alibaba.nacos.common.remote.client - [d194ed6e-d24e-4c53-be44-e9209553a88a] Fail to connect server, after trying 49 times, last try server is {serverIp = '127.0.0.1', server main port = 8848}, error = unknown
2026-07-14 03:56:47.045 INFO  [wc-user] [traceId=none] [com.alibaba.nacos.client.remote.worker.1] c.a.n.c.r.client.grpc.GrpcClient - grpc client connection server:127.0.0.1 ip,serverPort:9848,grpcTslConfig:{"sslProvider":"","enableTls":false,"mutualAuthEnable":false,"trustAll":false}
2026-07-14 03:56:47.048 ERROR [wc-user] [traceId=none] [com.alibaba.nacos.client.remote.worker.1] c.a.n.c.r.client.grpc.GrpcClient - Server check fail, please check server 127.0.0.1 ,port 9848 is available , error ={}
java.util.concurrent.ExecutionException: com.alibaba.nacos.shaded.io.grpc.StatusRuntimeException: UNAVAILABLE: io exception
	at com.alibaba.nacos.shaded.com.google.common.util.concurrent.AbstractFuture.getDoneValue(AbstractFuture.java:592)
	at com.alibaba.nacos.shaded.com.google.common.util.concurrent.AbstractFuture.get(AbstractFuture.java:467)
	at com.alibaba.nacos.common.remote.client.grpc.GrpcClient.serverCheck(GrpcClient.java:243)
	at com.alibaba.nacos.common.remote.client.grpc.GrpcClient.connectToServer(GrpcClient.java:367)
	at com.alibaba.nacos.common.remote.client.RpcClient.reconnect(RpcClient.java:502)
	at com.alibaba.nacos.common.remote.client.RpcClient.lambda$start$1(RpcClient.java:329)
	at java.base/java.util.concurrent.Executors$RunnableAdapter.call(Executors.java:572)
	at java.base/java.util.concurrent.FutureTask.run(FutureTask.java:317)
	at java.base/java.util.concurrent.ScheduledThreadPoolExecutor$ScheduledFutureTask.run(ScheduledThreadPoolExecutor.java:304)
	at java.base/java.util.concurrent.ThreadPoolExecutor.runWorker(ThreadPoolExecutor.java:1144)
	at java.base/java.util.concurrent.ThreadPoolExecutor$Worker.run(ThreadPoolExecutor.java:642)
	at java.base/java.lang.Thread.run(Thread.java:1583)
Caused by: com.alibaba.nacos.shaded.io.grpc.StatusRuntimeException: UNAVAILABLE: io exception
	at com.alibaba.nacos.shaded.io.grpc.Status.asRuntimeException(Status.java:537)
	at com.alibaba.nacos.shaded.io.grpc.stub.ClientCalls$UnaryStreamToFuture.onClose(ClientCalls.java:548)
	at com.alibaba.nacos.shaded.io.grpc.internal.DelayedClientCall$DelayedListener$3.run(DelayedClientCall.java:489)
	at com.alibaba.nacos.shaded.io.grpc.internal.DelayedClientCall$DelayedListener.delayOrExecute(DelayedClientCall.java:453)
	at com.alibaba.nacos.shaded.io.grpc.internal.DelayedClientCall$DelayedListener.onClose(DelayedClientCall.java:486)
	at com.alibaba.nacos.shaded.io.grpc.internal.ClientCallImpl.closeObserver(ClientCallImpl.java:567)
	at com.alibaba.nacos.shaded.io.grpc.internal.ClientCallImpl.access$300(ClientCallImpl.java:71)
	at com.alibaba.nacos.shaded.io.grpc.internal.ClientCallImpl$ClientStreamListenerImpl$1StreamClosed.runInternal(ClientCallImpl.java:735)
	at com.alibaba.nacos.shaded.io.grpc.internal.ClientCallImpl$ClientStreamListenerImpl$1StreamClosed.runInContext(ClientCallImpl.java:716)
	at com.alibaba.nacos.shaded.io.grpc.internal.ContextRunnable.run(ContextRunnable.java:37)
	at com.alibaba.nacos.shaded.io.grpc.internal.SerializingExecutor.run(SerializingExecutor.java:133)
	... 3 common frames omitted
Caused by: com.alibaba.nacos.shaded.io.grpc.netty.shaded.io.netty.channel.AbstractChannel$AnnotatedConnectException: Connection refused: getsockopt: /127.0.0.1:9848
Caused by: java.net.ConnectException: Connection refused: getsockopt
	at java.base/sun.nio.ch.Net.pollConnect(Native Method)
	at java.base/sun.nio.ch.Net.pollConnectNow(Net.java:690)
	at java.base/sun.nio.ch.SocketChannelImpl.finishConnect(SocketChannelImpl.java:973)
	at com.alibaba.nacos.shaded.io.grpc.netty.shaded.io.netty.channel.socket.nio.NioSocketChannel.doFinishConnect(NioSocketChannel.java:337)
	at com.alibaba.nacos.shaded.io.grpc.netty.shaded.io.netty.channel.nio.AbstractNioChannel$AbstractNioUnsafe.finishConnect(AbstractNioChannel.java:334)
	at com.alibaba.nacos.shaded.io.grpc.netty.shaded.io.netty.channel.nio.NioEventLoop.processSelectedKey(NioEventLoop.java:776)
	at com.alibaba.nacos.shaded.io.grpc.netty.shaded.io.netty.channel.nio.NioEventLoop.processSelectedKeysOptimized(NioEventLoop.java:724)
	at com.alibaba.nacos.shaded.io.grpc.netty.shaded.io.netty.channel.nio.NioEventLoop.processSelectedKeys(NioEventLoop.java:650)
	at com.alibaba.nacos.shaded.io.grpc.netty.shaded.io.netty.channel.nio.NioEventLoop.run(NioEventLoop.java:562)
	at com.alibaba.nacos.shaded.io.grpc.netty.shaded.io.netty.util.concurrent.SingleThreadEventExecutor$4.run(SingleThreadEventExecutor.java:997)
	at com.alibaba.nacos.shaded.io.grpc.netty.shaded.io.netty.util.internal.ThreadExecutorMap$2.run(ThreadExecutorMap.java:74)
	at com.alibaba.nacos.shaded.io.grpc.netty.shaded.io.netty.util.concurrent.FastThreadLocalRunnable.run(FastThreadLocalRunnable.java:30)
	at java.base/java.lang.Thread.run(Thread.java:1583)
2026-07-14 03:56:47.048 INFO  [wc-user] [traceId=none] [com.alibaba.nacos.client.remote.worker.1] c.alibaba.nacos.common.remote.client - [d194ed6e-d24e-4c53-be44-e9209553a88a] Fail to connect server, after trying 50 times, last try server is {serverIp = '127.0.0.1', server main port = 8848}, error = unknown
2026-07-14 03:56:52.058 INFO  [wc-user] [traceId=none] [com.alibaba.nacos.client.remote.worker.1] c.a.n.c.r.client.grpc.GrpcClient - grpc client connection server:127.0.0.1 ip,serverPort:9848,grpcTslConfig:{"sslProvider":"","enableTls":false,"mutualAuthEnable":false,"trustAll":false}
2026-07-14 03:56:52.062 ERROR [wc-user] [traceId=none] [com.alibaba.nacos.client.remote.worker.1] c.a.n.c.r.client.grpc.GrpcClient - Server check fail, please check server 127.0.0.1 ,port 9848 is available , error ={}
java.util.concurrent.ExecutionException: com.alibaba.nacos.shaded.io.grpc.StatusRuntimeException: UNAVAILABLE: io exception
	at com.alibaba.nacos.shaded.com.google.common.util.concurrent.AbstractFuture.getDoneValue(AbstractFuture.java:592)
	at com.alibaba.nacos.shaded.com.google.common.util.concurrent.AbstractFuture.get(AbstractFuture.java:467)
	at com.alibaba.nacos.common.remote.client.grpc.GrpcClient.serverCheck(GrpcClient.java:243)
	at com.alibaba.nacos.common.remote.client.grpc.GrpcClient.connectToServer(GrpcClient.java:367)
	at com.alibaba.nacos.common.remote.client.RpcClient.reconnect(RpcClient.java:502)
	at com.alibaba.nacos.common.remote.client.RpcClient.lambda$start$1(RpcClient.java:329)
	at java.base/java.util.concurrent.Executors$RunnableAdapter.call(Executors.java:572)
	at java.base/java.util.concurrent.FutureTask.run(FutureTask.java:317)
	at java.base/java.util.concurrent.ScheduledThreadPoolExecutor$ScheduledFutureTask.run(ScheduledThreadPoolExecutor.java:304)
	at java.base/java.util.concurrent.ThreadPoolExecutor.runWorker(ThreadPoolExecutor.java:1144)
	at java.base/java.util.concurrent.ThreadPoolExecutor$Worker.run(ThreadPoolExecutor.java:642)
	at java.base/java.lang.Thread.run(Thread.java:1583)
Caused by: com.alibaba.nacos.shaded.io.grpc.StatusRuntimeException: UNAVAILABLE: io exception
	at com.alibaba.nacos.shaded.io.grpc.Status.asRuntimeException(Status.java:537)
	at com.alibaba.nacos.shaded.io.grpc.stub.ClientCalls$UnaryStreamToFuture.onClose(ClientCalls.java:548)
	at com.alibaba.nacos.shaded.io.grpc.internal.DelayedClientCall$DelayedListener$3.run(DelayedClientCall.java:489)
	at com.alibaba.nacos.shaded.io.grpc.internal.DelayedClientCall$DelayedListener.delayOrExecute(DelayedClientCall.java:453)
	at com.alibaba.nacos.shaded.io.grpc.internal.DelayedClientCall$DelayedListener.onClose(DelayedClientCall.java:486)
	at com.alibaba.nacos.shaded.io.grpc.internal.ClientCallImpl.closeObserver(ClientCallImpl.java:567)
	at com.alibaba.nacos.shaded.io.grpc.internal.ClientCallImpl.access$300(ClientCallImpl.java:71)
	at com.alibaba.nacos.shaded.io.grpc.internal.ClientCallImpl$ClientStreamListenerImpl$1StreamClosed.runInternal(ClientCallImpl.java:735)
	at com.alibaba.nacos.shaded.io.grpc.internal.ClientCallImpl$ClientStreamListenerImpl$1StreamClosed.runInContext(ClientCallImpl.java:716)
	at com.alibaba.nacos.shaded.io.grpc.internal.ContextRunnable.run(ContextRunnable.java:37)
	at com.alibaba.nacos.shaded.io.grpc.internal.SerializingExecutor.run(SerializingExecutor.java:133)
	... 3 common frames omitted
Caused by: com.alibaba.nacos.shaded.io.grpc.netty.shaded.io.netty.channel.AbstractChannel$AnnotatedConnectException: Connection refused: getsockopt: /127.0.0.1:9848
Caused by: java.net.ConnectException: Connection refused: getsockopt
	at java.base/sun.nio.ch.Net.pollConnect(Native Method)
	at java.base/sun.nio.ch.Net.pollConnectNow(Net.java:690)
	at java.base/sun.nio.ch.SocketChannelImpl.finishConnect(SocketChannelImpl.java:973)
	at com.alibaba.nacos.shaded.io.grpc.netty.shaded.io.netty.channel.socket.nio.NioSocketChannel.doFinishConnect(NioSocketChannel.java:337)
	at com.alibaba.nacos.shaded.io.grpc.netty.shaded.io.netty.channel.nio.AbstractNioChannel$AbstractNioUnsafe.finishConnect(AbstractNioChannel.java:334)
	at com.alibaba.nacos.shaded.io.grpc.netty.shaded.io.netty.channel.nio.NioEventLoop.processSelectedKey(NioEventLoop.java:776)
	at com.alibaba.nacos.shaded.io.grpc.netty.shaded.io.netty.channel.nio.NioEventLoop.processSelectedKeysOptimized(NioEventLoop.java:724)
	at com.alibaba.nacos.shaded.io.grpc.netty.shaded.io.netty.channel.nio.NioEventLoop.processSelectedKeys(NioEventLoop.java:650)
	at com.alibaba.nacos.shaded.io.grpc.netty.shaded.io.netty.channel.nio.NioEventLoop.run(NioEventLoop.java:562)
	at com.alibaba.nacos.shaded.io.grpc.netty.shaded.io.netty.util.concurrent.SingleThreadEventExecutor$4.run(SingleThreadEventExecutor.java:997)
	at com.alibaba.nacos.shaded.io.grpc.netty.shaded.io.netty.util.internal.ThreadExecutorMap$2.run(ThreadExecutorMap.java:74)
	at com.alibaba.nacos.shaded.io.grpc.netty.shaded.io.netty.util.concurrent.FastThreadLocalRunnable.run(FastThreadLocalRunnable.java:30)
	at java.base/java.lang.Thread.run(Thread.java:1583)
2026-07-14 03:56:52.062 INFO  [wc-user] [traceId=none] [com.alibaba.nacos.client.remote.worker.1] c.alibaba.nacos.common.remote.client - [d194ed6e-d24e-4c53-be44-e9209553a88a] Fail to connect server, after trying 51 times, last try server is {serverIp = '127.0.0.1', server main port = 8848}, error = unknown
2026-07-14 03:56:57.068 INFO  [wc-user] [traceId=none] [com.alibaba.nacos.client.remote.worker.1] c.a.n.c.r.client.grpc.GrpcClient - grpc client connection server:127.0.0.1 ip,serverPort:9848,grpcTslConfig:{"sslProvider":"","enableTls":false,"mutualAuthEnable":false,"trustAll":false}
2026-07-14 03:56:57.070 ERROR [wc-user] [traceId=none] [com.alibaba.nacos.client.remote.worker.1] c.a.n.c.r.client.grpc.GrpcClient - Server check fail, please check server 127.0.0.1 ,port 9848 is available , error ={}
java.util.concurrent.ExecutionException: com.alibaba.nacos.shaded.io.grpc.StatusRuntimeException: UNAVAILABLE: io exception
	at com.alibaba.nacos.shaded.com.google.common.util.concurrent.AbstractFuture.getDoneValue(AbstractFuture.java:592)
	at com.alibaba.nacos.shaded.com.google.common.util.concurrent.AbstractFuture.get(AbstractFuture.java:467)
	at com.alibaba.nacos.common.remote.client.grpc.GrpcClient.serverCheck(GrpcClient.java:243)
	at com.alibaba.nacos.common.remote.client.grpc.GrpcClient.connectToServer(GrpcClient.java:367)
	at com.alibaba.nacos.common.remote.client.RpcClient.reconnect(RpcClient.java:502)
	at com.alibaba.nacos.common.remote.client.RpcClient.lambda$start$1(RpcClient.java:329)
	at java.base/java.util.concurrent.Executors$RunnableAdapter.call(Executors.java:572)
	at java.base/java.util.concurrent.FutureTask.run(FutureTask.java:317)
	at java.base/java.util.concurrent.ScheduledThreadPoolExecutor$ScheduledFutureTask.run(ScheduledThreadPoolExecutor.java:304)
	at java.base/java.util.concurrent.ThreadPoolExecutor.runWorker(ThreadPoolExecutor.java:1144)
	at java.base/java.util.concurrent.ThreadPoolExecutor$Worker.run(ThreadPoolExecutor.java:642)
	at java.base/java.lang.Thread.run(Thread.java:1583)
Caused by: com.alibaba.nacos.shaded.io.grpc.StatusRuntimeException: UNAVAILABLE: io exception
	at com.alibaba.nacos.shaded.io.grpc.Status.asRuntimeException(Status.java:537)
	at com.alibaba.nacos.shaded.io.grpc.stub.ClientCalls$UnaryStreamToFuture.onClose(ClientCalls.java:548)
	at com.alibaba.nacos.shaded.io.grpc.internal.DelayedClientCall$DelayedListener$3.run(DelayedClientCall.java:489)
	at com.alibaba.nacos.shaded.io.grpc.internal.DelayedClientCall$DelayedListener.delayOrExecute(DelayedClientCall.java:453)
	at com.alibaba.nacos.shaded.io.grpc.internal.DelayedClientCall$DelayedListener.onClose(DelayedClientCall.java:486)
	at com.alibaba.nacos.shaded.io.grpc.internal.ClientCallImpl.closeObserver(ClientCallImpl.java:567)
	at com.alibaba.nacos.shaded.io.grpc.internal.ClientCallImpl.access$300(ClientCallImpl.java:71)
	at com.alibaba.nacos.shaded.io.grpc.internal.ClientCallImpl$ClientStreamListenerImpl$1StreamClosed.runInternal(ClientCallImpl.java:735)
	at com.alibaba.nacos.shaded.io.grpc.internal.ClientCallImpl$ClientStreamListenerImpl$1StreamClosed.runInContext(ClientCallImpl.java:716)
	at com.alibaba.nacos.shaded.io.grpc.internal.ContextRunnable.run(ContextRunnable.java:37)
	at com.alibaba.nacos.shaded.io.grpc.internal.SerializingExecutor.run(SerializingExecutor.java:133)
	... 3 common frames omitted
Caused by: com.alibaba.nacos.shaded.io.grpc.netty.shaded.io.netty.channel.AbstractChannel$AnnotatedConnectException: Connection refused: getsockopt: /127.0.0.1:9848
Caused by: java.net.ConnectException: Connection refused: getsockopt
	at java.base/sun.nio.ch.Net.pollConnect(Native Method)
	at java.base/sun.nio.ch.Net.pollConnectNow(Net.java:690)
	at java.base/sun.nio.ch.SocketChannelImpl.finishConnect(SocketChannelImpl.java:973)
	at com.alibaba.nacos.shaded.io.grpc.netty.shaded.io.netty.channel.socket.nio.NioSocketChannel.doFinishConnect(NioSocketChannel.java:337)
	at com.alibaba.nacos.shaded.io.grpc.netty.shaded.io.netty.channel.nio.AbstractNioChannel$AbstractNioUnsafe.finishConnect(AbstractNioChannel.java:334)
	at com.alibaba.nacos.shaded.io.grpc.netty.shaded.io.netty.channel.nio.NioEventLoop.processSelectedKey(NioEventLoop.java:776)
	at com.alibaba.nacos.shaded.io.grpc.netty.shaded.io.netty.channel.nio.NioEventLoop.processSelectedKeysOptimized(NioEventLoop.java:724)
	at com.alibaba.nacos.shaded.io.grpc.netty.shaded.io.netty.channel.nio.NioEventLoop.processSelectedKeys(NioEventLoop.java:650)
	at com.alibaba.nacos.shaded.io.grpc.netty.shaded.io.netty.channel.nio.NioEventLoop.run(NioEventLoop.java:562)
	at com.alibaba.nacos.shaded.io.grpc.netty.shaded.io.netty.util.concurrent.SingleThreadEventExecutor$4.run(SingleThreadEventExecutor.java:997)
	at com.alibaba.nacos.shaded.io.grpc.netty.shaded.io.netty.util.internal.ThreadExecutorMap$2.run(ThreadExecutorMap.java:74)
	at com.alibaba.nacos.shaded.io.grpc.netty.shaded.io.netty.util.concurrent.FastThreadLocalRunnable.run(FastThreadLocalRunnable.java:30)
	at java.base/java.lang.Thread.run(Thread.java:1583)
2026-07-14 03:56:57.070 INFO  [wc-user] [traceId=none] [com.alibaba.nacos.client.remote.worker.1] c.alibaba.nacos.common.remote.client - [d194ed6e-d24e-4c53-be44-e9209553a88a] Fail to connect server, after trying 52 times, last try server is {serverIp = '127.0.0.1', server main port = 8848}, error = unknown
2026-07-14 03:57:02.082 INFO  [wc-user] [traceId=none] [com.alibaba.nacos.client.remote.worker.1] c.a.n.c.r.client.grpc.GrpcClient - grpc client connection server:127.0.0.1 ip,serverPort:9848,grpcTslConfig:{"sslProvider":"","enableTls":false,"mutualAuthEnable":false,"trustAll":false}
2026-07-14 03:57:02.086 ERROR [wc-user] [traceId=none] [com.alibaba.nacos.client.remote.worker.1] c.a.n.c.r.client.grpc.GrpcClient - Server check fail, please check server 127.0.0.1 ,port 9848 is available , error ={}
java.util.concurrent.ExecutionException: com.alibaba.nacos.shaded.io.grpc.StatusRuntimeException: UNAVAILABLE: io exception
	at com.alibaba.nacos.shaded.com.google.common.util.concurrent.AbstractFuture.getDoneValue(AbstractFuture.java:592)
	at com.alibaba.nacos.shaded.com.google.common.util.concurrent.AbstractFuture.get(AbstractFuture.java:467)
	at com.alibaba.nacos.common.remote.client.grpc.GrpcClient.serverCheck(GrpcClient.java:243)
	at com.alibaba.nacos.common.remote.client.grpc.GrpcClient.connectToServer(GrpcClient.java:367)
	at com.alibaba.nacos.common.remote.client.RpcClient.reconnect(RpcClient.java:502)
	at com.alibaba.nacos.common.remote.client.RpcClient.lambda$start$1(RpcClient.java:329)
	at java.base/java.util.concurrent.Executors$RunnableAdapter.call(Executors.java:572)
	at java.base/java.util.concurrent.FutureTask.run(FutureTask.java:317)
	at java.base/java.util.concurrent.ScheduledThreadPoolExecutor$ScheduledFutureTask.run(ScheduledThreadPoolExecutor.java:304)
	at java.base/java.util.concurrent.ThreadPoolExecutor.runWorker(ThreadPoolExecutor.java:1144)
	at java.base/java.util.concurrent.ThreadPoolExecutor$Worker.run(ThreadPoolExecutor.java:642)
	at java.base/java.lang.Thread.run(Thread.java:1583)
Caused by: com.alibaba.nacos.shaded.io.grpc.StatusRuntimeException: UNAVAILABLE: io exception
	at com.alibaba.nacos.shaded.io.grpc.Status.asRuntimeException(Status.java:537)
	at com.alibaba.nacos.shaded.io.grpc.stub.ClientCalls$UnaryStreamToFuture.onClose(ClientCalls.java:548)
	at com.alibaba.nacos.shaded.io.grpc.internal.DelayedClientCall$DelayedListener$3.run(DelayedClientCall.java:489)
	at com.alibaba.nacos.shaded.io.grpc.internal.DelayedClientCall$DelayedListener.delayOrExecute(DelayedClientCall.java:453)
	at com.alibaba.nacos.shaded.io.grpc.internal.DelayedClientCall$DelayedListener.onClose(DelayedClientCall.java:486)
	at com.alibaba.nacos.shaded.io.grpc.internal.ClientCallImpl.closeObserver(ClientCallImpl.java:567)
	at com.alibaba.nacos.shaded.io.grpc.internal.ClientCallImpl.access$300(ClientCallImpl.java:71)
	at com.alibaba.nacos.shaded.io.grpc.internal.ClientCallImpl$ClientStreamListenerImpl$1StreamClosed.runInternal(ClientCallImpl.java:735)
	at com.alibaba.nacos.shaded.io.grpc.internal.ClientCallImpl$ClientStreamListenerImpl$1StreamClosed.runInContext(ClientCallImpl.java:716)
	at com.alibaba.nacos.shaded.io.grpc.internal.ContextRunnable.run(ContextRunnable.java:37)
	at com.alibaba.nacos.shaded.io.grpc.internal.SerializingExecutor.run(SerializingExecutor.java:133)
	... 3 common frames omitted
Caused by: com.alibaba.nacos.shaded.io.grpc.netty.shaded.io.netty.channel.AbstractChannel$AnnotatedConnectException: Connection refused: getsockopt: /127.0.0.1:9848
Caused by: java.net.ConnectException: Connection refused: getsockopt
	at java.base/sun.nio.ch.Net.pollConnect(Native Method)
	at java.base/sun.nio.ch.Net.pollConnectNow(Net.java:690)
	at java.base/sun.nio.ch.SocketChannelImpl.finishConnect(SocketChannelImpl.java:973)
	at com.alibaba.nacos.shaded.io.grpc.netty.shaded.io.netty.channel.socket.nio.NioSocketChannel.doFinishConnect(NioSocketChannel.java:337)
	at com.alibaba.nacos.shaded.io.grpc.netty.shaded.io.netty.channel.nio.AbstractNioChannel$AbstractNioUnsafe.finishConnect(AbstractNioChannel.java:334)
	at com.alibaba.nacos.shaded.io.grpc.netty.shaded.io.netty.channel.nio.NioEventLoop.processSelectedKey(NioEventLoop.java:776)
	at com.alibaba.nacos.shaded.io.grpc.netty.shaded.io.netty.channel.nio.NioEventLoop.processSelectedKeysOptimized(NioEventLoop.java:724)
	at com.alibaba.nacos.shaded.io.grpc.netty.shaded.io.netty.channel.nio.NioEventLoop.processSelectedKeys(NioEventLoop.java:650)
	at com.alibaba.nacos.shaded.io.grpc.netty.shaded.io.netty.channel.nio.NioEventLoop.run(NioEventLoop.java:562)
	at com.alibaba.nacos.shaded.io.grpc.netty.shaded.io.netty.util.concurrent.SingleThreadEventExecutor$4.run(SingleThreadEventExecutor.java:997)
	at com.alibaba.nacos.shaded.io.grpc.netty.shaded.io.netty.util.internal.ThreadExecutorMap$2.run(ThreadExecutorMap.java:74)
	at com.alibaba.nacos.shaded.io.grpc.netty.shaded.io.netty.util.concurrent.FastThreadLocalRunnable.run(FastThreadLocalRunnable.java:30)
	at java.base/java.lang.Thread.run(Thread.java:1583)
2026-07-14 03:57:02.086 INFO  [wc-user] [traceId=none] [com.alibaba.nacos.client.remote.worker.1] c.alibaba.nacos.common.remote.client - [d194ed6e-d24e-4c53-be44-e9209553a88a] Fail to connect server, after trying 53 times, last try server is {serverIp = '127.0.0.1', server main port = 8848}, error = unknown
2026-07-14 03:57:07.088 INFO  [wc-user] [traceId=none] [com.alibaba.nacos.client.remote.worker.1] c.a.n.c.r.client.grpc.GrpcClient - grpc client connection server:127.0.0.1 ip,serverPort:9848,grpcTslConfig:{"sslProvider":"","enableTls":false,"mutualAuthEnable":false,"trustAll":false}
2026-07-14 03:57:07.092 ERROR [wc-user] [traceId=none] [com.alibaba.nacos.client.remote.worker.1] c.a.n.c.r.client.grpc.GrpcClient - Server check fail, please check server 127.0.0.1 ,port 9848 is available , error ={}
java.util.concurrent.ExecutionException: com.alibaba.nacos.shaded.io.grpc.StatusRuntimeException: UNAVAILABLE: io exception
	at com.alibaba.nacos.shaded.com.google.common.util.concurrent.AbstractFuture.getDoneValue(AbstractFuture.java:592)
	at com.alibaba.nacos.shaded.com.google.common.util.concurrent.AbstractFuture.get(AbstractFuture.java:467)
	at com.alibaba.nacos.common.remote.client.grpc.GrpcClient.serverCheck(GrpcClient.java:243)
	at com.alibaba.nacos.common.remote.client.grpc.GrpcClient.connectToServer(GrpcClient.java:367)
	at com.alibaba.nacos.common.remote.client.RpcClient.reconnect(RpcClient.java:502)
	at com.alibaba.nacos.common.remote.client.RpcClient.lambda$start$1(RpcClient.java:329)
	at java.base/java.util.concurrent.Executors$RunnableAdapter.call(Executors.java:572)
	at java.base/java.util.concurrent.FutureTask.run(FutureTask.java:317)
	at java.base/java.util.concurrent.ScheduledThreadPoolExecutor$ScheduledFutureTask.run(ScheduledThreadPoolExecutor.java:304)
	at java.base/java.util.concurrent.ThreadPoolExecutor.runWorker(ThreadPoolExecutor.java:1144)
	at java.base/java.util.concurrent.ThreadPoolExecutor$Worker.run(ThreadPoolExecutor.java:642)
	at java.base/java.lang.Thread.run(Thread.java:1583)
Caused by: com.alibaba.nacos.shaded.io.grpc.StatusRuntimeException: UNAVAILABLE: io exception
	at com.alibaba.nacos.shaded.io.grpc.Status.asRuntimeException(Status.java:537)
	at com.alibaba.nacos.shaded.io.grpc.stub.ClientCalls$UnaryStreamToFuture.onClose(ClientCalls.java:548)
	at com.alibaba.nacos.shaded.io.grpc.internal.DelayedClientCall$DelayedListener$3.run(DelayedClientCall.java:489)
	at com.alibaba.nacos.shaded.io.grpc.internal.DelayedClientCall$DelayedListener.delayOrExecute(DelayedClientCall.java:453)
	at com.alibaba.nacos.shaded.io.grpc.internal.DelayedClientCall$DelayedListener.onClose(DelayedClientCall.java:486)
	at com.alibaba.nacos.shaded.io.grpc.internal.ClientCallImpl.closeObserver(ClientCallImpl.java:567)
	at com.alibaba.nacos.shaded.io.grpc.internal.ClientCallImpl.access$300(ClientCallImpl.java:71)
	at com.alibaba.nacos.shaded.io.grpc.internal.ClientCallImpl$ClientStreamListenerImpl$1StreamClosed.runInternal(ClientCallImpl.java:735)
	at com.alibaba.nacos.shaded.io.grpc.internal.ClientCallImpl$ClientStreamListenerImpl$1StreamClosed.runInContext(ClientCallImpl.java:716)
	at com.alibaba.nacos.shaded.io.grpc.internal.ContextRunnable.run(ContextRunnable.java:37)
	at com.alibaba.nacos.shaded.io.grpc.internal.SerializingExecutor.run(SerializingExecutor.java:133)
	... 3 common frames omitted
Caused by: com.alibaba.nacos.shaded.io.grpc.netty.shaded.io.netty.channel.AbstractChannel$AnnotatedConnectException: Connection refused: getsockopt: /127.0.0.1:9848
Caused by: java.net.ConnectException: Connection refused: getsockopt
	at java.base/sun.nio.ch.Net.pollConnect(Native Method)
	at java.base/sun.nio.ch.Net.pollConnectNow(Net.java:690)
	at java.base/sun.nio.ch.SocketChannelImpl.finishConnect(SocketChannelImpl.java:973)
	at com.alibaba.nacos.shaded.io.grpc.netty.shaded.io.netty.channel.socket.nio.NioSocketChannel.doFinishConnect(NioSocketChannel.java:337)
	at com.alibaba.nacos.shaded.io.grpc.netty.shaded.io.netty.channel.nio.AbstractNioChannel$AbstractNioUnsafe.finishConnect(AbstractNioChannel.java:334)
	at com.alibaba.nacos.shaded.io.grpc.netty.shaded.io.netty.channel.nio.NioEventLoop.processSelectedKey(NioEventLoop.java:776)
	at com.alibaba.nacos.shaded.io.grpc.netty.shaded.io.netty.channel.nio.NioEventLoop.processSelectedKeysOptimized(NioEventLoop.java:724)
	at com.alibaba.nacos.shaded.io.grpc.netty.shaded.io.netty.channel.nio.NioEventLoop.processSelectedKeys(NioEventLoop.java:650)
	at com.alibaba.nacos.shaded.io.grpc.netty.shaded.io.netty.channel.nio.NioEventLoop.run(NioEventLoop.java:562)
	at com.alibaba.nacos.shaded.io.grpc.netty.shaded.io.netty.util.concurrent.SingleThreadEventExecutor$4.run(SingleThreadEventExecutor.java:997)
	at com.alibaba.nacos.shaded.io.grpc.netty.shaded.io.netty.util.internal.ThreadExecutorMap$2.run(ThreadExecutorMap.java:74)
	at com.alibaba.nacos.shaded.io.grpc.netty.shaded.io.netty.util.concurrent.FastThreadLocalRunnable.run(FastThreadLocalRunnable.java:30)
	at java.base/java.lang.Thread.run(Thread.java:1583)
2026-07-14 03:57:07.092 INFO  [wc-user] [traceId=none] [com.alibaba.nacos.client.remote.worker.1] c.alibaba.nacos.common.remote.client - [d194ed6e-d24e-4c53-be44-e9209553a88a] Fail to connect server, after trying 54 times, last try server is {serverIp = '127.0.0.1', server main port = 8848}, error = unknown
2026-07-14 03:57:12.098 INFO  [wc-user] [traceId=none] [com.alibaba.nacos.client.remote.worker.1] c.a.n.c.r.client.grpc.GrpcClient - grpc client connection server:127.0.0.1 ip,serverPort:9848,grpcTslConfig:{"sslProvider":"","enableTls":false,"mutualAuthEnable":false,"trustAll":false}
2026-07-14 03:57:12.102 ERROR [wc-user] [traceId=none] [com.alibaba.nacos.client.remote.worker.1] c.a.n.c.r.client.grpc.GrpcClient - Server check fail, please check server 127.0.0.1 ,port 9848 is available , error ={}
java.util.concurrent.ExecutionException: com.alibaba.nacos.shaded.io.grpc.StatusRuntimeException: UNAVAILABLE: io exception
	at com.alibaba.nacos.shaded.com.google.common.util.concurrent.AbstractFuture.getDoneValue(AbstractFuture.java:592)
	at com.alibaba.nacos.shaded.com.google.common.util.concurrent.AbstractFuture.get(AbstractFuture.java:467)
	at com.alibaba.nacos.common.remote.client.grpc.GrpcClient.serverCheck(GrpcClient.java:243)
	at com.alibaba.nacos.common.remote.client.grpc.GrpcClient.connectToServer(GrpcClient.java:367)
	at com.alibaba.nacos.common.remote.client.RpcClient.reconnect(RpcClient.java:502)
	at com.alibaba.nacos.common.remote.client.RpcClient.lambda$start$1(RpcClient.java:329)
	at java.base/java.util.concurrent.Executors$RunnableAdapter.call(Executors.java:572)
	at java.base/java.util.concurrent.FutureTask.run(FutureTask.java:317)
	at java.base/java.util.concurrent.ScheduledThreadPoolExecutor$ScheduledFutureTask.run(ScheduledThreadPoolExecutor.java:304)
	at java.base/java.util.concurrent.ThreadPoolExecutor.runWorker(ThreadPoolExecutor.java:1144)
	at java.base/java.util.concurrent.ThreadPoolExecutor$Worker.run(ThreadPoolExecutor.java:642)
	at java.base/java.lang.Thread.run(Thread.java:1583)
Caused by: com.alibaba.nacos.shaded.io.grpc.StatusRuntimeException: UNAVAILABLE: io exception
	at com.alibaba.nacos.shaded.io.grpc.Status.asRuntimeException(Status.java:537)
	at com.alibaba.nacos.shaded.io.grpc.stub.ClientCalls$UnaryStreamToFuture.onClose(ClientCalls.java:548)
	at com.alibaba.nacos.shaded.io.grpc.internal.DelayedClientCall$DelayedListener$3.run(DelayedClientCall.java:489)
	at com.alibaba.nacos.shaded.io.grpc.internal.DelayedClientCall$DelayedListener.delayOrExecute(DelayedClientCall.java:453)
	at com.alibaba.nacos.shaded.io.grpc.internal.DelayedClientCall$DelayedListener.onClose(DelayedClientCall.java:486)
	at com.alibaba.nacos.shaded.io.grpc.internal.ClientCallImpl.closeObserver(ClientCallImpl.java:567)
	at com.alibaba.nacos.shaded.io.grpc.internal.ClientCallImpl.access$300(ClientCallImpl.java:71)
	at com.alibaba.nacos.shaded.io.grpc.internal.ClientCallImpl$ClientStreamListenerImpl$1StreamClosed.runInternal(ClientCallImpl.java:735)
	at com.alibaba.nacos.shaded.io.grpc.internal.ClientCallImpl$ClientStreamListenerImpl$1StreamClosed.runInContext(ClientCallImpl.java:716)
	at com.alibaba.nacos.shaded.io.grpc.internal.ContextRunnable.run(ContextRunnable.java:37)
	at com.alibaba.nacos.shaded.io.grpc.internal.SerializingExecutor.run(SerializingExecutor.java:133)
	... 3 common frames omitted
Caused by: com.alibaba.nacos.shaded.io.grpc.netty.shaded.io.netty.channel.AbstractChannel$AnnotatedConnectException: Connection refused: getsockopt: /127.0.0.1:9848
Caused by: java.net.ConnectException: Connection refused: getsockopt
	at java.base/sun.nio.ch.Net.pollConnect(Native Method)
	at java.base/sun.nio.ch.Net.pollConnectNow(Net.java:690)
	at java.base/sun.nio.ch.SocketChannelImpl.finishConnect(SocketChannelImpl.java:973)
	at com.alibaba.nacos.shaded.io.grpc.netty.shaded.io.netty.channel.socket.nio.NioSocketChannel.doFinishConnect(NioSocketChannel.java:337)
	at com.alibaba.nacos.shaded.io.grpc.netty.shaded.io.netty.channel.nio.AbstractNioChannel$AbstractNioUnsafe.finishConnect(AbstractNioChannel.java:334)
	at com.alibaba.nacos.shaded.io.grpc.netty.shaded.io.netty.channel.nio.NioEventLoop.processSelectedKey(NioEventLoop.java:776)
	at com.alibaba.nacos.shaded.io.grpc.netty.shaded.io.netty.channel.nio.NioEventLoop.processSelectedKeysOptimized(NioEventLoop.java:724)
	at com.alibaba.nacos.shaded.io.grpc.netty.shaded.io.netty.channel.nio.NioEventLoop.processSelectedKeys(NioEventLoop.java:650)
	at com.alibaba.nacos.shaded.io.grpc.netty.shaded.io.netty.channel.nio.NioEventLoop.run(NioEventLoop.java:562)
	at com.alibaba.nacos.shaded.io.grpc.netty.shaded.io.netty.util.concurrent.SingleThreadEventExecutor$4.run(SingleThreadEventExecutor.java:997)
	at com.alibaba.nacos.shaded.io.grpc.netty.shaded.io.netty.util.internal.ThreadExecutorMap$2.run(ThreadExecutorMap.java:74)
	at com.alibaba.nacos.shaded.io.grpc.netty.shaded.io.netty.util.concurrent.FastThreadLocalRunnable.run(FastThreadLocalRunnable.java:30)
	at java.base/java.lang.Thread.run(Thread.java:1583)
2026-07-14 03:57:12.104 INFO  [wc-user] [traceId=none] [com.alibaba.nacos.client.remote.worker.1] c.alibaba.nacos.common.remote.client - [d194ed6e-d24e-4c53-be44-e9209553a88a] Fail to connect server, after trying 55 times, last try server is {serverIp = '127.0.0.1', server main port = 8848}, error = unknown
2026-07-14 03:57:17.113 INFO  [wc-user] [traceId=none] [com.alibaba.nacos.client.remote.worker.1] c.a.n.c.r.client.grpc.GrpcClient - grpc client connection server:127.0.0.1 ip,serverPort:9848,grpcTslConfig:{"sslProvider":"","enableTls":false,"mutualAuthEnable":false,"trustAll":false}
2026-07-14 03:57:17.113 ERROR [wc-user] [traceId=none] [com.alibaba.nacos.client.remote.worker.1] c.a.n.c.r.client.grpc.GrpcClient - Server check fail, please check server 127.0.0.1 ,port 9848 is available , error ={}
java.util.concurrent.ExecutionException: com.alibaba.nacos.shaded.io.grpc.StatusRuntimeException: UNAVAILABLE: io exception
	at com.alibaba.nacos.shaded.com.google.common.util.concurrent.AbstractFuture.getDoneValue(AbstractFuture.java:592)
	at com.alibaba.nacos.shaded.com.google.common.util.concurrent.AbstractFuture.get(AbstractFuture.java:467)
	at com.alibaba.nacos.common.remote.client.grpc.GrpcClient.serverCheck(GrpcClient.java:243)
	at com.alibaba.nacos.common.remote.client.grpc.GrpcClient.connectToServer(GrpcClient.java:367)
	at com.alibaba.nacos.common.remote.client.RpcClient.reconnect(RpcClient.java:502)
	at com.alibaba.nacos.common.remote.client.RpcClient.lambda$start$1(RpcClient.java:329)
	at java.base/java.util.concurrent.Executors$RunnableAdapter.call(Executors.java:572)
	at java.base/java.util.concurrent.FutureTask.run(FutureTask.java:317)
	at java.base/java.util.concurrent.ScheduledThreadPoolExecutor$ScheduledFutureTask.run(ScheduledThreadPoolExecutor.java:304)
	at java.base/java.util.concurrent.ThreadPoolExecutor.runWorker(ThreadPoolExecutor.java:1144)
	at java.base/java.util.concurrent.ThreadPoolExecutor$Worker.run(ThreadPoolExecutor.java:642)
	at java.base/java.lang.Thread.run(Thread.java:1583)
Caused by: com.alibaba.nacos.shaded.io.grpc.StatusRuntimeException: UNAVAILABLE: io exception
	at com.alibaba.nacos.shaded.io.grpc.Status.asRuntimeException(Status.java:537)
	at com.alibaba.nacos.shaded.io.grpc.stub.ClientCalls$UnaryStreamToFuture.onClose(ClientCalls.java:548)
	at com.alibaba.nacos.shaded.io.grpc.internal.DelayedClientCall$DelayedListener$3.run(DelayedClientCall.java:489)
	at com.alibaba.nacos.shaded.io.grpc.internal.DelayedClientCall$DelayedListener.delayOrExecute(DelayedClientCall.java:453)
	at com.alibaba.nacos.shaded.io.grpc.internal.DelayedClientCall$DelayedListener.onClose(DelayedClientCall.java:486)
	at com.alibaba.nacos.shaded.io.grpc.internal.ClientCallImpl.closeObserver(ClientCallImpl.java:567)
	at com.alibaba.nacos.shaded.io.grpc.internal.ClientCallImpl.access$300(ClientCallImpl.java:71)
	at com.alibaba.nacos.shaded.io.grpc.internal.ClientCallImpl$ClientStreamListenerImpl$1StreamClosed.runInternal(ClientCallImpl.java:735)
	at com.alibaba.nacos.shaded.io.grpc.internal.ClientCallImpl$ClientStreamListenerImpl$1StreamClosed.runInContext(ClientCallImpl.java:716)
	at com.alibaba.nacos.shaded.io.grpc.internal.ContextRunnable.run(ContextRunnable.java:37)
	at com.alibaba.nacos.shaded.io.grpc.internal.SerializingExecutor.run(SerializingExecutor.java:133)
	... 3 common frames omitted
Caused by: com.alibaba.nacos.shaded.io.grpc.netty.shaded.io.netty.channel.AbstractChannel$AnnotatedConnectException: Connection refused: getsockopt: /127.0.0.1:9848
Caused by: java.net.ConnectException: Connection refused: getsockopt
	at java.base/sun.nio.ch.Net.pollConnect(Native Method)
	at java.base/sun.nio.ch.Net.pollConnectNow(Net.java:690)
	at java.base/sun.nio.ch.SocketChannelImpl.finishConnect(SocketChannelImpl.java:973)
	at com.alibaba.nacos.shaded.io.grpc.netty.shaded.io.netty.channel.socket.nio.NioSocketChannel.doFinishConnect(NioSocketChannel.java:337)
	at com.alibaba.nacos.shaded.io.grpc.netty.shaded.io.netty.channel.nio.AbstractNioChannel$AbstractNioUnsafe.finishConnect(AbstractNioChannel.java:334)
	at com.alibaba.nacos.shaded.io.grpc.netty.shaded.io.netty.channel.nio.NioEventLoop.processSelectedKey(NioEventLoop.java:776)
	at com.alibaba.nacos.shaded.io.grpc.netty.shaded.io.netty.channel.nio.NioEventLoop.processSelectedKeysOptimized(NioEventLoop.java:724)
	at com.alibaba.nacos.shaded.io.grpc.netty.shaded.io.netty.channel.nio.NioEventLoop.processSelectedKeys(NioEventLoop.java:650)
	at com.alibaba.nacos.shaded.io.grpc.netty.shaded.io.netty.channel.nio.NioEventLoop.run(NioEventLoop.java:562)
	at com.alibaba.nacos.shaded.io.grpc.netty.shaded.io.netty.util.concurrent.SingleThreadEventExecutor$4.run(SingleThreadEventExecutor.java:997)
	at com.alibaba.nacos.shaded.io.grpc.netty.shaded.io.netty.util.internal.ThreadExecutorMap$2.run(ThreadExecutorMap.java:74)
	at com.alibaba.nacos.shaded.io.grpc.netty.shaded.io.netty.util.concurrent.FastThreadLocalRunnable.run(FastThreadLocalRunnable.java:30)
	at java.base/java.lang.Thread.run(Thread.java:1583)
2026-07-14 03:57:17.113 INFO  [wc-user] [traceId=none] [com.alibaba.nacos.client.remote.worker.1] c.alibaba.nacos.common.remote.client - [d194ed6e-d24e-4c53-be44-e9209553a88a] Fail to connect server, after trying 56 times, last try server is {serverIp = '127.0.0.1', server main port = 8848}, error = unknown
2026-07-14 03:57:22.121 INFO  [wc-user] [traceId=none] [com.alibaba.nacos.client.remote.worker.1] c.a.n.c.r.client.grpc.GrpcClient - grpc client connection server:127.0.0.1 ip,serverPort:9848,grpcTslConfig:{"sslProvider":"","enableTls":false,"mutualAuthEnable":false,"trustAll":false}
2026-07-14 03:57:22.124 ERROR [wc-user] [traceId=none] [com.alibaba.nacos.client.remote.worker.1] c.a.n.c.r.client.grpc.GrpcClient - Server check fail, please check server 127.0.0.1 ,port 9848 is available , error ={}
java.util.concurrent.ExecutionException: com.alibaba.nacos.shaded.io.grpc.StatusRuntimeException: UNAVAILABLE: io exception
	at com.alibaba.nacos.shaded.com.google.common.util.concurrent.AbstractFuture.getDoneValue(AbstractFuture.java:592)
	at com.alibaba.nacos.shaded.com.google.common.util.concurrent.AbstractFuture.get(AbstractFuture.java:467)
	at com.alibaba.nacos.common.remote.client.grpc.GrpcClient.serverCheck(GrpcClient.java:243)
	at com.alibaba.nacos.common.remote.client.grpc.GrpcClient.connectToServer(GrpcClient.java:367)
	at com.alibaba.nacos.common.remote.client.RpcClient.reconnect(RpcClient.java:502)
	at com.alibaba.nacos.common.remote.client.RpcClient.lambda$start$1(RpcClient.java:329)
	at java.base/java.util.concurrent.Executors$RunnableAdapter.call(Executors.java:572)
	at java.base/java.util.concurrent.FutureTask.run(FutureTask.java:317)
	at java.base/java.util.concurrent.ScheduledThreadPoolExecutor$ScheduledFutureTask.run(ScheduledThreadPoolExecutor.java:304)
	at java.base/java.util.concurrent.ThreadPoolExecutor.runWorker(ThreadPoolExecutor.java:1144)
	at java.base/java.util.concurrent.ThreadPoolExecutor$Worker.run(ThreadPoolExecutor.java:642)
	at java.base/java.lang.Thread.run(Thread.java:1583)
Caused by: com.alibaba.nacos.shaded.io.grpc.StatusRuntimeException: UNAVAILABLE: io exception
	at com.alibaba.nacos.shaded.io.grpc.Status.asRuntimeException(Status.java:537)
	at com.alibaba.nacos.shaded.io.grpc.stub.ClientCalls$UnaryStreamToFuture.onClose(ClientCalls.java:548)
	at com.alibaba.nacos.shaded.io.grpc.internal.DelayedClientCall$DelayedListener$3.run(DelayedClientCall.java:489)
	at com.alibaba.nacos.shaded.io.grpc.internal.DelayedClientCall$DelayedListener.delayOrExecute(DelayedClientCall.java:453)
	at com.alibaba.nacos.shaded.io.grpc.internal.DelayedClientCall$DelayedListener.onClose(DelayedClientCall.java:486)
	at com.alibaba.nacos.shaded.io.grpc.internal.ClientCallImpl.closeObserver(ClientCallImpl.java:567)
	at com.alibaba.nacos.shaded.io.grpc.internal.ClientCallImpl.access$300(ClientCallImpl.java:71)
	at com.alibaba.nacos.shaded.io.grpc.internal.ClientCallImpl$ClientStreamListenerImpl$1StreamClosed.runInternal(ClientCallImpl.java:735)
	at com.alibaba.nacos.shaded.io.grpc.internal.ClientCallImpl$ClientStreamListenerImpl$1StreamClosed.runInContext(ClientCallImpl.java:716)
	at com.alibaba.nacos.shaded.io.grpc.internal.ContextRunnable.run(ContextRunnable.java:37)
	at com.alibaba.nacos.shaded.io.grpc.internal.SerializingExecutor.run(SerializingExecutor.java:133)
	... 3 common frames omitted
Caused by: com.alibaba.nacos.shaded.io.grpc.netty.shaded.io.netty.channel.AbstractChannel$AnnotatedConnectException: Connection refused: getsockopt: /127.0.0.1:9848
Caused by: java.net.ConnectException: Connection refused: getsockopt
	at java.base/sun.nio.ch.Net.pollConnect(Native Method)
	at java.base/sun.nio.ch.Net.pollConnectNow(Net.java:690)
	at java.base/sun.nio.ch.SocketChannelImpl.finishConnect(SocketChannelImpl.java:973)
	at com.alibaba.nacos.shaded.io.grpc.netty.shaded.io.netty.channel.socket.nio.NioSocketChannel.doFinishConnect(NioSocketChannel.java:337)
	at com.alibaba.nacos.shaded.io.grpc.netty.shaded.io.netty.channel.nio.AbstractNioChannel$AbstractNioUnsafe.finishConnect(AbstractNioChannel.java:334)
	at com.alibaba.nacos.shaded.io.grpc.netty.shaded.io.netty.channel.nio.NioEventLoop.processSelectedKey(NioEventLoop.java:776)
	at com.alibaba.nacos.shaded.io.grpc.netty.shaded.io.netty.channel.nio.NioEventLoop.processSelectedKeysOptimized(NioEventLoop.java:724)
	at com.alibaba.nacos.shaded.io.grpc.netty.shaded.io.netty.channel.nio.NioEventLoop.processSelectedKeys(NioEventLoop.java:650)
	at com.alibaba.nacos.shaded.io.grpc.netty.shaded.io.netty.channel.nio.NioEventLoop.run(NioEventLoop.java:562)
	at com.alibaba.nacos.shaded.io.grpc.netty.shaded.io.netty.util.concurrent.SingleThreadEventExecutor$4.run(SingleThreadEventExecutor.java:997)
	at com.alibaba.nacos.shaded.io.grpc.netty.shaded.io.netty.util.internal.ThreadExecutorMap$2.run(ThreadExecutorMap.java:74)
	at com.alibaba.nacos.shaded.io.grpc.netty.shaded.io.netty.util.concurrent.FastThreadLocalRunnable.run(FastThreadLocalRunnable.java:30)
	at java.base/java.lang.Thread.run(Thread.java:1583)
2026-07-14 03:57:22.124 INFO  [wc-user] [traceId=none] [com.alibaba.nacos.client.remote.worker.1] c.alibaba.nacos.common.remote.client - [d194ed6e-d24e-4c53-be44-e9209553a88a] Fail to connect server, after trying 57 times, last try server is {serverIp = '127.0.0.1', server main port = 8848}, error = unknown
2026-07-14 03:57:27.131 INFO  [wc-user] [traceId=none] [com.alibaba.nacos.client.remote.worker.1] c.a.n.c.r.client.grpc.GrpcClient - grpc client connection server:127.0.0.1 ip,serverPort:9848,grpcTslConfig:{"sslProvider":"","enableTls":false,"mutualAuthEnable":false,"trustAll":false}
2026-07-14 03:57:27.134 ERROR [wc-user] [traceId=none] [com.alibaba.nacos.client.remote.worker.1] c.a.n.c.r.client.grpc.GrpcClient - Server check fail, please check server 127.0.0.1 ,port 9848 is available , error ={}
java.util.concurrent.ExecutionException: com.alibaba.nacos.shaded.io.grpc.StatusRuntimeException: UNAVAILABLE: io exception
	at com.alibaba.nacos.shaded.com.google.common.util.concurrent.AbstractFuture.getDoneValue(AbstractFuture.java:592)
	at com.alibaba.nacos.shaded.com.google.common.util.concurrent.AbstractFuture.get(AbstractFuture.java:467)
	at com.alibaba.nacos.common.remote.client.grpc.GrpcClient.serverCheck(GrpcClient.java:243)
	at com.alibaba.nacos.common.remote.client.grpc.GrpcClient.connectToServer(GrpcClient.java:367)
	at com.alibaba.nacos.common.remote.client.RpcClient.reconnect(RpcClient.java:502)
	at com.alibaba.nacos.common.remote.client.RpcClient.lambda$start$1(RpcClient.java:329)
	at java.base/java.util.concurrent.Executors$RunnableAdapter.call(Executors.java:572)
	at java.base/java.util.concurrent.FutureTask.run(FutureTask.java:317)
	at java.base/java.util.concurrent.ScheduledThreadPoolExecutor$ScheduledFutureTask.run(ScheduledThreadPoolExecutor.java:304)
	at java.base/java.util.concurrent.ThreadPoolExecutor.runWorker(ThreadPoolExecutor.java:1144)
	at java.base/java.util.concurrent.ThreadPoolExecutor$Worker.run(ThreadPoolExecutor.java:642)
	at java.base/java.lang.Thread.run(Thread.java:1583)
Caused by: com.alibaba.nacos.shaded.io.grpc.StatusRuntimeException: UNAVAILABLE: io exception
	at com.alibaba.nacos.shaded.io.grpc.Status.asRuntimeException(Status.java:537)
	at com.alibaba.nacos.shaded.io.grpc.stub.ClientCalls$UnaryStreamToFuture.onClose(ClientCalls.java:548)
	at com.alibaba.nacos.shaded.io.grpc.internal.DelayedClientCall$DelayedListener$3.run(DelayedClientCall.java:489)
	at com.alibaba.nacos.shaded.io.grpc.internal.DelayedClientCall$DelayedListener.delayOrExecute(DelayedClientCall.java:453)
	at com.alibaba.nacos.shaded.io.grpc.internal.DelayedClientCall$DelayedListener.onClose(DelayedClientCall.java:486)
	at com.alibaba.nacos.shaded.io.grpc.internal.ClientCallImpl.closeObserver(ClientCallImpl.java:567)
	at com.alibaba.nacos.shaded.io.grpc.internal.ClientCallImpl.access$300(ClientCallImpl.java:71)
	at com.alibaba.nacos.shaded.io.grpc.internal.ClientCallImpl$ClientStreamListenerImpl$1StreamClosed.runInternal(ClientCallImpl.java:735)
	at com.alibaba.nacos.shaded.io.grpc.internal.ClientCallImpl$ClientStreamListenerImpl$1StreamClosed.runInContext(ClientCallImpl.java:716)
	at com.alibaba.nacos.shaded.io.grpc.internal.ContextRunnable.run(ContextRunnable.java:37)
	at com.alibaba.nacos.shaded.io.grpc.internal.SerializingExecutor.run(SerializingExecutor.java:133)
	... 3 common frames omitted
Caused by: com.alibaba.nacos.shaded.io.grpc.netty.shaded.io.netty.channel.AbstractChannel$AnnotatedConnectException: Connection refused: getsockopt: /127.0.0.1:9848
Caused by: java.net.ConnectException: Connection refused: getsockopt
	at java.base/sun.nio.ch.Net.pollConnect(Native Method)
	at java.base/sun.nio.ch.Net.pollConnectNow(Net.java:690)
	at java.base/sun.nio.ch.SocketChannelImpl.finishConnect(SocketChannelImpl.java:973)
	at com.alibaba.nacos.shaded.io.grpc.netty.shaded.io.netty.channel.socket.nio.NioSocketChannel.doFinishConnect(NioSocketChannel.java:337)
	at com.alibaba.nacos.shaded.io.grpc.netty.shaded.io.netty.channel.nio.AbstractNioChannel$AbstractNioUnsafe.finishConnect(AbstractNioChannel.java:334)
	at com.alibaba.nacos.shaded.io.grpc.netty.shaded.io.netty.channel.nio.NioEventLoop.processSelectedKey(NioEventLoop.java:776)
	at com.alibaba.nacos.shaded.io.grpc.netty.shaded.io.netty.channel.nio.NioEventLoop.processSelectedKeysOptimized(NioEventLoop.java:724)
	at com.alibaba.nacos.shaded.io.grpc.netty.shaded.io.netty.channel.nio.NioEventLoop.processSelectedKeys(NioEventLoop.java:650)
	at com.alibaba.nacos.shaded.io.grpc.netty.shaded.io.netty.channel.nio.NioEventLoop.run(NioEventLoop.java:562)
	at com.alibaba.nacos.shaded.io.grpc.netty.shaded.io.netty.util.concurrent.SingleThreadEventExecutor$4.run(SingleThreadEventExecutor.java:997)
	at com.alibaba.nacos.shaded.io.grpc.netty.shaded.io.netty.util.internal.ThreadExecutorMap$2.run(ThreadExecutorMap.java:74)
	at com.alibaba.nacos.shaded.io.grpc.netty.shaded.io.netty.util.concurrent.FastThreadLocalRunnable.run(FastThreadLocalRunnable.java:30)
	at java.base/java.lang.Thread.run(Thread.java:1583)
2026-07-14 03:57:27.134 INFO  [wc-user] [traceId=none] [com.alibaba.nacos.client.remote.worker.1] c.alibaba.nacos.common.remote.client - [d194ed6e-d24e-4c53-be44-e9209553a88a] Fail to connect server, after trying 58 times, last try server is {serverIp = '127.0.0.1', server main port = 8848}, error = unknown
2026-07-14 03:57:32.150 INFO  [wc-user] [traceId=none] [com.alibaba.nacos.client.remote.worker.1] c.a.n.c.r.client.grpc.GrpcClient - grpc client connection server:127.0.0.1 ip,serverPort:9848,grpcTslConfig:{"sslProvider":"","enableTls":false,"mutualAuthEnable":false,"trustAll":false}
2026-07-14 03:57:32.153 ERROR [wc-user] [traceId=none] [com.alibaba.nacos.client.remote.worker.1] c.a.n.c.r.client.grpc.GrpcClient - Server check fail, please check server 127.0.0.1 ,port 9848 is available , error ={}
java.util.concurrent.ExecutionException: com.alibaba.nacos.shaded.io.grpc.StatusRuntimeException: UNAVAILABLE: io exception
	at com.alibaba.nacos.shaded.com.google.common.util.concurrent.AbstractFuture.getDoneValue(AbstractFuture.java:592)
	at com.alibaba.nacos.shaded.com.google.common.util.concurrent.AbstractFuture.get(AbstractFuture.java:467)
	at com.alibaba.nacos.common.remote.client.grpc.GrpcClient.serverCheck(GrpcClient.java:243)
	at com.alibaba.nacos.common.remote.client.grpc.GrpcClient.connectToServer(GrpcClient.java:367)
	at com.alibaba.nacos.common.remote.client.RpcClient.reconnect(RpcClient.java:502)
	at com.alibaba.nacos.common.remote.client.RpcClient.lambda$start$1(RpcClient.java:329)
	at java.base/java.util.concurrent.Executors$RunnableAdapter.call(Executors.java:572)
	at java.base/java.util.concurrent.FutureTask.run(FutureTask.java:317)
	at java.base/java.util.concurrent.ScheduledThreadPoolExecutor$ScheduledFutureTask.run(ScheduledThreadPoolExecutor.java:304)
	at java.base/java.util.concurrent.ThreadPoolExecutor.runWorker(ThreadPoolExecutor.java:1144)
	at java.base/java.util.concurrent.ThreadPoolExecutor$Worker.run(ThreadPoolExecutor.java:642)
	at java.base/java.lang.Thread.run(Thread.java:1583)
Caused by: com.alibaba.nacos.shaded.io.grpc.StatusRuntimeException: UNAVAILABLE: io exception
	at com.alibaba.nacos.shaded.io.grpc.Status.asRuntimeException(Status.java:537)
	at com.alibaba.nacos.shaded.io.grpc.stub.ClientCalls$UnaryStreamToFuture.onClose(ClientCalls.java:548)
	at com.alibaba.nacos.shaded.io.grpc.internal.DelayedClientCall$DelayedListener$3.run(DelayedClientCall.java:489)
	at com.alibaba.nacos.shaded.io.grpc.internal.DelayedClientCall$DelayedListener.delayOrExecute(DelayedClientCall.java:453)
	at com.alibaba.nacos.shaded.io.grpc.internal.DelayedClientCall$DelayedListener.onClose(DelayedClientCall.java:486)
	at com.alibaba.nacos.shaded.io.grpc.internal.ClientCallImpl.closeObserver(ClientCallImpl.java:567)
	at com.alibaba.nacos.shaded.io.grpc.internal.ClientCallImpl.access$300(ClientCallImpl.java:71)
	at com.alibaba.nacos.shaded.io.grpc.internal.ClientCallImpl$ClientStreamListenerImpl$1StreamClosed.runInternal(ClientCallImpl.java:735)
	at com.alibaba.nacos.shaded.io.grpc.internal.ClientCallImpl$ClientStreamListenerImpl$1StreamClosed.runInContext(ClientCallImpl.java:716)
	at com.alibaba.nacos.shaded.io.grpc.internal.ContextRunnable.run(ContextRunnable.java:37)
	at com.alibaba.nacos.shaded.io.grpc.internal.SerializingExecutor.run(SerializingExecutor.java:133)
	... 3 common frames omitted
Caused by: com.alibaba.nacos.shaded.io.grpc.netty.shaded.io.netty.channel.AbstractChannel$AnnotatedConnectException: Connection refused: getsockopt: /127.0.0.1:9848
Caused by: java.net.ConnectException: Connection refused: getsockopt
	at java.base/sun.nio.ch.Net.pollConnect(Native Method)
	at java.base/sun.nio.ch.Net.pollConnectNow(Net.java:690)
	at java.base/sun.nio.ch.SocketChannelImpl.finishConnect(SocketChannelImpl.java:973)
	at com.alibaba.nacos.shaded.io.grpc.netty.shaded.io.netty.channel.socket.nio.NioSocketChannel.doFinishConnect(NioSocketChannel.java:337)
	at com.alibaba.nacos.shaded.io.grpc.netty.shaded.io.netty.channel.nio.AbstractNioChannel$AbstractNioUnsafe.finishConnect(AbstractNioChannel.java:334)
	at com.alibaba.nacos.shaded.io.grpc.netty.shaded.io.netty.channel.nio.NioEventLoop.processSelectedKey(NioEventLoop.java:776)
	at com.alibaba.nacos.shaded.io.grpc.netty.shaded.io.netty.channel.nio.NioEventLoop.processSelectedKeysOptimized(NioEventLoop.java:724)
	at com.alibaba.nacos.shaded.io.grpc.netty.shaded.io.netty.channel.nio.NioEventLoop.processSelectedKeys(NioEventLoop.java:650)
	at com.alibaba.nacos.shaded.io.grpc.netty.shaded.io.netty.channel.nio.NioEventLoop.run(NioEventLoop.java:562)
	at com.alibaba.nacos.shaded.io.grpc.netty.shaded.io.netty.util.concurrent.SingleThreadEventExecutor$4.run(SingleThreadEventExecutor.java:997)
	at com.alibaba.nacos.shaded.io.grpc.netty.shaded.io.netty.util.internal.ThreadExecutorMap$2.run(ThreadExecutorMap.java:74)
	at com.alibaba.nacos.shaded.io.grpc.netty.shaded.io.netty.util.concurrent.FastThreadLocalRunnable.run(FastThreadLocalRunnable.java:30)
	at java.base/java.lang.Thread.run(Thread.java:1583)
2026-07-14 03:57:32.153 INFO  [wc-user] [traceId=none] [com.alibaba.nacos.client.remote.worker.1] c.alibaba.nacos.common.remote.client - [d194ed6e-d24e-4c53-be44-e9209553a88a] Fail to connect server, after trying 59 times, last try server is {serverIp = '127.0.0.1', server main port = 8848}, error = unknown
2026-07-14 03:57:37.161 INFO  [wc-user] [traceId=none] [com.alibaba.nacos.client.remote.worker.1] c.a.n.c.r.client.grpc.GrpcClient - grpc client connection server:127.0.0.1 ip,serverPort:9848,grpcTslConfig:{"sslProvider":"","enableTls":false,"mutualAuthEnable":false,"trustAll":false}
2026-07-14 03:57:37.165 ERROR [wc-user] [traceId=none] [com.alibaba.nacos.client.remote.worker.1] c.a.n.c.r.client.grpc.GrpcClient - Server check fail, please check server 127.0.0.1 ,port 9848 is available , error ={}
java.util.concurrent.ExecutionException: com.alibaba.nacos.shaded.io.grpc.StatusRuntimeException: UNAVAILABLE: io exception
	at com.alibaba.nacos.shaded.com.google.common.util.concurrent.AbstractFuture.getDoneValue(AbstractFuture.java:592)
	at com.alibaba.nacos.shaded.com.google.common.util.concurrent.AbstractFuture.get(AbstractFuture.java:467)
	at com.alibaba.nacos.common.remote.client.grpc.GrpcClient.serverCheck(GrpcClient.java:243)
	at com.alibaba.nacos.common.remote.client.grpc.GrpcClient.connectToServer(GrpcClient.java:367)
	at com.alibaba.nacos.common.remote.client.RpcClient.reconnect(RpcClient.java:502)
	at com.alibaba.nacos.common.remote.client.RpcClient.lambda$start$1(RpcClient.java:329)
	at java.base/java.util.concurrent.Executors$RunnableAdapter.call(Executors.java:572)
	at java.base/java.util.concurrent.FutureTask.run(FutureTask.java:317)
	at java.base/java.util.concurrent.ScheduledThreadPoolExecutor$ScheduledFutureTask.run(ScheduledThreadPoolExecutor.java:304)
	at java.base/java.util.concurrent.ThreadPoolExecutor.runWorker(ThreadPoolExecutor.java:1144)
	at java.base/java.util.concurrent.ThreadPoolExecutor$Worker.run(ThreadPoolExecutor.java:642)
	at java.base/java.lang.Thread.run(Thread.java:1583)
Caused by: com.alibaba.nacos.shaded.io.grpc.StatusRuntimeException: UNAVAILABLE: io exception
	at com.alibaba.nacos.shaded.io.grpc.Status.asRuntimeException(Status.java:537)
	at com.alibaba.nacos.shaded.io.grpc.stub.ClientCalls$UnaryStreamToFuture.onClose(ClientCalls.java:548)
	at com.alibaba.nacos.shaded.io.grpc.internal.DelayedClientCall$DelayedListener$3.run(DelayedClientCall.java:489)
	at com.alibaba.nacos.shaded.io.grpc.internal.DelayedClientCall$DelayedListener.delayOrExecute(DelayedClientCall.java:453)
	at com.alibaba.nacos.shaded.io.grpc.internal.DelayedClientCall$DelayedListener.onClose(DelayedClientCall.java:486)
	at com.alibaba.nacos.shaded.io.grpc.internal.ClientCallImpl.closeObserver(ClientCallImpl.java:567)
	at com.alibaba.nacos.shaded.io.grpc.internal.ClientCallImpl.access$300(ClientCallImpl.java:71)
	at com.alibaba.nacos.shaded.io.grpc.internal.ClientCallImpl$ClientStreamListenerImpl$1StreamClosed.runInternal(ClientCallImpl.java:735)
	at com.alibaba.nacos.shaded.io.grpc.internal.ClientCallImpl$ClientStreamListenerImpl$1StreamClosed.runInContext(ClientCallImpl.java:716)
	at com.alibaba.nacos.shaded.io.grpc.internal.ContextRunnable.run(ContextRunnable.java:37)
	at com.alibaba.nacos.shaded.io.grpc.internal.SerializingExecutor.run(SerializingExecutor.java:133)
	... 3 common frames omitted
Caused by: com.alibaba.nacos.shaded.io.grpc.netty.shaded.io.netty.channel.AbstractChannel$AnnotatedConnectException: Connection refused: getsockopt: /127.0.0.1:9848
Caused by: java.net.ConnectException: Connection refused: getsockopt
	at java.base/sun.nio.ch.Net.pollConnect(Native Method)
	at java.base/sun.nio.ch.Net.pollConnectNow(Net.java:690)
	at java.base/sun.nio.ch.SocketChannelImpl.finishConnect(SocketChannelImpl.java:973)
	at com.alibaba.nacos.shaded.io.grpc.netty.shaded.io.netty.channel.socket.nio.NioSocketChannel.doFinishConnect(NioSocketChannel.java:337)
	at com.alibaba.nacos.shaded.io.grpc.netty.shaded.io.netty.channel.nio.AbstractNioChannel$AbstractNioUnsafe.finishConnect(AbstractNioChannel.java:334)
	at com.alibaba.nacos.shaded.io.grpc.netty.shaded.io.netty.channel.nio.NioEventLoop.processSelectedKey(NioEventLoop.java:776)
	at com.alibaba.nacos.shaded.io.grpc.netty.shaded.io.netty.channel.nio.NioEventLoop.processSelectedKeysOptimized(NioEventLoop.java:724)
	at com.alibaba.nacos.shaded.io.grpc.netty.shaded.io.netty.channel.nio.NioEventLoop.processSelectedKeys(NioEventLoop.java:650)
	at com.alibaba.nacos.shaded.io.grpc.netty.shaded.io.netty.channel.nio.NioEventLoop.run(NioEventLoop.java:562)
	at com.alibaba.nacos.shaded.io.grpc.netty.shaded.io.netty.util.concurrent.SingleThreadEventExecutor$4.run(SingleThreadEventExecutor.java:997)
	at com.alibaba.nacos.shaded.io.grpc.netty.shaded.io.netty.util.internal.ThreadExecutorMap$2.run(ThreadExecutorMap.java:74)
	at com.alibaba.nacos.shaded.io.grpc.netty.shaded.io.netty.util.concurrent.FastThreadLocalRunnable.run(FastThreadLocalRunnable.java:30)
	at java.base/java.lang.Thread.run(Thread.java:1583)
2026-07-14 03:57:37.165 INFO  [wc-user] [traceId=none] [com.alibaba.nacos.client.remote.worker.1] c.alibaba.nacos.common.remote.client - [d194ed6e-d24e-4c53-be44-e9209553a88a] Fail to connect server, after trying 60 times, last try server is {serverIp = '127.0.0.1', server main port = 8848}, error = unknown
2026-07-14 03:57:42.175 INFO  [wc-user] [traceId=none] [com.alibaba.nacos.client.remote.worker.1] c.a.n.c.r.client.grpc.GrpcClient - grpc client connection server:127.0.0.1 ip,serverPort:9848,grpcTslConfig:{"sslProvider":"","enableTls":false,"mutualAuthEnable":false,"trustAll":false}
2026-07-14 03:57:42.179 ERROR [wc-user] [traceId=none] [com.alibaba.nacos.client.remote.worker.1] c.a.n.c.r.client.grpc.GrpcClient - Server check fail, please check server 127.0.0.1 ,port 9848 is available , error ={}
java.util.concurrent.ExecutionException: com.alibaba.nacos.shaded.io.grpc.StatusRuntimeException: UNAVAILABLE: io exception
	at com.alibaba.nacos.shaded.com.google.common.util.concurrent.AbstractFuture.getDoneValue(AbstractFuture.java:592)
	at com.alibaba.nacos.shaded.com.google.common.util.concurrent.AbstractFuture.get(AbstractFuture.java:467)
	at com.alibaba.nacos.common.remote.client.grpc.GrpcClient.serverCheck(GrpcClient.java:243)
	at com.alibaba.nacos.common.remote.client.grpc.GrpcClient.connectToServer(GrpcClient.java:367)
	at com.alibaba.nacos.common.remote.client.RpcClient.reconnect(RpcClient.java:502)
	at com.alibaba.nacos.common.remote.client.RpcClient.lambda$start$1(RpcClient.java:329)
	at java.base/java.util.concurrent.Executors$RunnableAdapter.call(Executors.java:572)
	at java.base/java.util.concurrent.FutureTask.run(FutureTask.java:317)
	at java.base/java.util.concurrent.ScheduledThreadPoolExecutor$ScheduledFutureTask.run(ScheduledThreadPoolExecutor.java:304)
	at java.base/java.util.concurrent.ThreadPoolExecutor.runWorker(ThreadPoolExecutor.java:1144)
	at java.base/java.util.concurrent.ThreadPoolExecutor$Worker.run(ThreadPoolExecutor.java:642)
	at java.base/java.lang.Thread.run(Thread.java:1583)
Caused by: com.alibaba.nacos.shaded.io.grpc.StatusRuntimeException: UNAVAILABLE: io exception
	at com.alibaba.nacos.shaded.io.grpc.Status.asRuntimeException(Status.java:537)
	at com.alibaba.nacos.shaded.io.grpc.stub.ClientCalls$UnaryStreamToFuture.onClose(ClientCalls.java:548)
	at com.alibaba.nacos.shaded.io.grpc.internal.DelayedClientCall$DelayedListener$3.run(DelayedClientCall.java:489)
	at com.alibaba.nacos.shaded.io.grpc.internal.DelayedClientCall$DelayedListener.delayOrExecute(DelayedClientCall.java:453)
	at com.alibaba.nacos.shaded.io.grpc.internal.DelayedClientCall$DelayedListener.onClose(DelayedClientCall.java:486)
	at com.alibaba.nacos.shaded.io.grpc.internal.ClientCallImpl.closeObserver(ClientCallImpl.java:567)
	at com.alibaba.nacos.shaded.io.grpc.internal.ClientCallImpl.access$300(ClientCallImpl.java:71)
	at com.alibaba.nacos.shaded.io.grpc.internal.ClientCallImpl$ClientStreamListenerImpl$1StreamClosed.runInternal(ClientCallImpl.java:735)
	at com.alibaba.nacos.shaded.io.grpc.internal.ClientCallImpl$ClientStreamListenerImpl$1StreamClosed.runInContext(ClientCallImpl.java:716)
	at com.alibaba.nacos.shaded.io.grpc.internal.ContextRunnable.run(ContextRunnable.java:37)
	at com.alibaba.nacos.shaded.io.grpc.internal.SerializingExecutor.run(SerializingExecutor.java:133)
	... 3 common frames omitted
Caused by: com.alibaba.nacos.shaded.io.grpc.netty.shaded.io.netty.channel.AbstractChannel$AnnotatedConnectException: Connection refused: getsockopt: /127.0.0.1:9848
Caused by: java.net.ConnectException: Connection refused: getsockopt
	at java.base/sun.nio.ch.Net.pollConnect(Native Method)
	at java.base/sun.nio.ch.Net.pollConnectNow(Net.java:690)
	at java.base/sun.nio.ch.SocketChannelImpl.finishConnect(SocketChannelImpl.java:973)
	at com.alibaba.nacos.shaded.io.grpc.netty.shaded.io.netty.channel.socket.nio.NioSocketChannel.doFinishConnect(NioSocketChannel.java:337)
	at com.alibaba.nacos.shaded.io.grpc.netty.shaded.io.netty.channel.nio.AbstractNioChannel$AbstractNioUnsafe.finishConnect(AbstractNioChannel.java:334)
	at com.alibaba.nacos.shaded.io.grpc.netty.shaded.io.netty.channel.nio.NioEventLoop.processSelectedKey(NioEventLoop.java:776)
	at com.alibaba.nacos.shaded.io.grpc.netty.shaded.io.netty.channel.nio.NioEventLoop.processSelectedKeysOptimized(NioEventLoop.java:724)
	at com.alibaba.nacos.shaded.io.grpc.netty.shaded.io.netty.channel.nio.NioEventLoop.processSelectedKeys(NioEventLoop.java:650)
	at com.alibaba.nacos.shaded.io.grpc.netty.shaded.io.netty.channel.nio.NioEventLoop.run(NioEventLoop.java:562)
	at com.alibaba.nacos.shaded.io.grpc.netty.shaded.io.netty.util.concurrent.SingleThreadEventExecutor$4.run(SingleThreadEventExecutor.java:997)
	at com.alibaba.nacos.shaded.io.grpc.netty.shaded.io.netty.util.internal.ThreadExecutorMap$2.run(ThreadExecutorMap.java:74)
	at com.alibaba.nacos.shaded.io.grpc.netty.shaded.io.netty.util.concurrent.FastThreadLocalRunnable.run(FastThreadLocalRunnable.java:30)
	at java.base/java.lang.Thread.run(Thread.java:1583)
2026-07-14 03:57:42.180 INFO  [wc-user] [traceId=none] [com.alibaba.nacos.client.remote.worker.1] c.alibaba.nacos.common.remote.client - [d194ed6e-d24e-4c53-be44-e9209553a88a] Fail to connect server, after trying 61 times, last try server is {serverIp = '127.0.0.1', server main port = 8848}, error = unknown
2026-07-14 03:57:47.190 INFO  [wc-user] [traceId=none] [com.alibaba.nacos.client.remote.worker.1] c.a.n.c.r.client.grpc.GrpcClient - grpc client connection server:127.0.0.1 ip,serverPort:9848,grpcTslConfig:{"sslProvider":"","enableTls":false,"mutualAuthEnable":false,"trustAll":false}
2026-07-14 03:57:47.194 ERROR [wc-user] [traceId=none] [com.alibaba.nacos.client.remote.worker.1] c.a.n.c.r.client.grpc.GrpcClient - Server check fail, please check server 127.0.0.1 ,port 9848 is available , error ={}
java.util.concurrent.ExecutionException: com.alibaba.nacos.shaded.io.grpc.StatusRuntimeException: UNAVAILABLE: io exception
	at com.alibaba.nacos.shaded.com.google.common.util.concurrent.AbstractFuture.getDoneValue(AbstractFuture.java:592)
	at com.alibaba.nacos.shaded.com.google.common.util.concurrent.AbstractFuture.get(AbstractFuture.java:467)
	at com.alibaba.nacos.common.remote.client.grpc.GrpcClient.serverCheck(GrpcClient.java:243)
	at com.alibaba.nacos.common.remote.client.grpc.GrpcClient.connectToServer(GrpcClient.java:367)
	at com.alibaba.nacos.common.remote.client.RpcClient.reconnect(RpcClient.java:502)
	at com.alibaba.nacos.common.remote.client.RpcClient.lambda$start$1(RpcClient.java:329)
	at java.base/java.util.concurrent.Executors$RunnableAdapter.call(Executors.java:572)
	at java.base/java.util.concurrent.FutureTask.run(FutureTask.java:317)
	at java.base/java.util.concurrent.ScheduledThreadPoolExecutor$ScheduledFutureTask.run(ScheduledThreadPoolExecutor.java:304)
	at java.base/java.util.concurrent.ThreadPoolExecutor.runWorker(ThreadPoolExecutor.java:1144)
	at java.base/java.util.concurrent.ThreadPoolExecutor$Worker.run(ThreadPoolExecutor.java:642)
	at java.base/java.lang.Thread.run(Thread.java:1583)
Caused by: com.alibaba.nacos.shaded.io.grpc.StatusRuntimeException: UNAVAILABLE: io exception
	at com.alibaba.nacos.shaded.io.grpc.Status.asRuntimeException(Status.java:537)
	at com.alibaba.nacos.shaded.io.grpc.stub.ClientCalls$UnaryStreamToFuture.onClose(ClientCalls.java:548)
	at com.alibaba.nacos.shaded.io.grpc.internal.DelayedClientCall$DelayedListener$3.run(DelayedClientCall.java:489)
	at com.alibaba.nacos.shaded.io.grpc.internal.DelayedClientCall$DelayedListener.delayOrExecute(DelayedClientCall.java:453)
	at com.alibaba.nacos.shaded.io.grpc.internal.DelayedClientCall$DelayedListener.onClose(DelayedClientCall.java:486)
	at com.alibaba.nacos.shaded.io.grpc.internal.ClientCallImpl.closeObserver(ClientCallImpl.java:567)
	at com.alibaba.nacos.shaded.io.grpc.internal.ClientCallImpl.access$300(ClientCallImpl.java:71)
	at com.alibaba.nacos.shaded.io.grpc.internal.ClientCallImpl$ClientStreamListenerImpl$1StreamClosed.runInternal(ClientCallImpl.java:735)
	at com.alibaba.nacos.shaded.io.grpc.internal.ClientCallImpl$ClientStreamListenerImpl$1StreamClosed.runInContext(ClientCallImpl.java:716)
	at com.alibaba.nacos.shaded.io.grpc.internal.ContextRunnable.run(ContextRunnable.java:37)
	at com.alibaba.nacos.shaded.io.grpc.internal.SerializingExecutor.run(SerializingExecutor.java:133)
	... 3 common frames omitted
Caused by: com.alibaba.nacos.shaded.io.grpc.netty.shaded.io.netty.channel.AbstractChannel$AnnotatedConnectException: Connection refused: getsockopt: /127.0.0.1:9848
Caused by: java.net.ConnectException: Connection refused: getsockopt
	at java.base/sun.nio.ch.Net.pollConnect(Native Method)
	at java.base/sun.nio.ch.Net.pollConnectNow(Net.java:690)
	at java.base/sun.nio.ch.SocketChannelImpl.finishConnect(SocketChannelImpl.java:973)
	at com.alibaba.nacos.shaded.io.grpc.netty.shaded.io.netty.channel.socket.nio.NioSocketChannel.doFinishConnect(NioSocketChannel.java:337)
	at com.alibaba.nacos.shaded.io.grpc.netty.shaded.io.netty.channel.nio.AbstractNioChannel$AbstractNioUnsafe.finishConnect(AbstractNioChannel.java:334)
	at com.alibaba.nacos.shaded.io.grpc.netty.shaded.io.netty.channel.nio.NioEventLoop.processSelectedKey(NioEventLoop.java:776)
	at com.alibaba.nacos.shaded.io.grpc.netty.shaded.io.netty.channel.nio.NioEventLoop.processSelectedKeysOptimized(NioEventLoop.java:724)
	at com.alibaba.nacos.shaded.io.grpc.netty.shaded.io.netty.channel.nio.NioEventLoop.processSelectedKeys(NioEventLoop.java:650)
	at com.alibaba.nacos.shaded.io.grpc.netty.shaded.io.netty.channel.nio.NioEventLoop.run(NioEventLoop.java:562)
	at com.alibaba.nacos.shaded.io.grpc.netty.shaded.io.netty.util.concurrent.SingleThreadEventExecutor$4.run(SingleThreadEventExecutor.java:997)
	at com.alibaba.nacos.shaded.io.grpc.netty.shaded.io.netty.util.internal.ThreadExecutorMap$2.run(ThreadExecutorMap.java:74)
	at com.alibaba.nacos.shaded.io.grpc.netty.shaded.io.netty.util.concurrent.FastThreadLocalRunnable.run(FastThreadLocalRunnable.java:30)
	at java.base/java.lang.Thread.run(Thread.java:1583)
2026-07-14 03:57:47.195 INFO  [wc-user] [traceId=none] [com.alibaba.nacos.client.remote.worker.1] c.alibaba.nacos.common.remote.client - [d194ed6e-d24e-4c53-be44-e9209553a88a] Fail to connect server, after trying 62 times, last try server is {serverIp = '127.0.0.1', server main port = 8848}, error = unknown
2026-07-14 03:57:52.208 INFO  [wc-user] [traceId=none] [com.alibaba.nacos.client.remote.worker.1] c.a.n.c.r.client.grpc.GrpcClient - grpc client connection server:127.0.0.1 ip,serverPort:9848,grpcTslConfig:{"sslProvider":"","enableTls":false,"mutualAuthEnable":false,"trustAll":false}
2026-07-14 03:57:52.213 ERROR [wc-user] [traceId=none] [com.alibaba.nacos.client.remote.worker.1] c.a.n.c.r.client.grpc.GrpcClient - Server check fail, please check server 127.0.0.1 ,port 9848 is available , error ={}
java.util.concurrent.ExecutionException: com.alibaba.nacos.shaded.io.grpc.StatusRuntimeException: UNAVAILABLE: io exception
	at com.alibaba.nacos.shaded.com.google.common.util.concurrent.AbstractFuture.getDoneValue(AbstractFuture.java:592)
	at com.alibaba.nacos.shaded.com.google.common.util.concurrent.AbstractFuture.get(AbstractFuture.java:467)
	at com.alibaba.nacos.common.remote.client.grpc.GrpcClient.serverCheck(GrpcClient.java:243)
	at com.alibaba.nacos.common.remote.client.grpc.GrpcClient.connectToServer(GrpcClient.java:367)
	at com.alibaba.nacos.common.remote.client.RpcClient.reconnect(RpcClient.java:502)
	at com.alibaba.nacos.common.remote.client.RpcClient.lambda$start$1(RpcClient.java:329)
	at java.base/java.util.concurrent.Executors$RunnableAdapter.call(Executors.java:572)
	at java.base/java.util.concurrent.FutureTask.run(FutureTask.java:317)
	at java.base/java.util.concurrent.ScheduledThreadPoolExecutor$ScheduledFutureTask.run(ScheduledThreadPoolExecutor.java:304)
	at java.base/java.util.concurrent.ThreadPoolExecutor.runWorker(ThreadPoolExecutor.java:1144)
	at java.base/java.util.concurrent.ThreadPoolExecutor$Worker.run(ThreadPoolExecutor.java:642)
	at java.base/java.lang.Thread.run(Thread.java:1583)
Caused by: com.alibaba.nacos.shaded.io.grpc.StatusRuntimeException: UNAVAILABLE: io exception
	at com.alibaba.nacos.shaded.io.grpc.Status.asRuntimeException(Status.java:537)
	at com.alibaba.nacos.shaded.io.grpc.stub.ClientCalls$UnaryStreamToFuture.onClose(ClientCalls.java:548)
	at com.alibaba.nacos.shaded.io.grpc.internal.DelayedClientCall$DelayedListener$3.run(DelayedClientCall.java:489)
	at com.alibaba.nacos.shaded.io.grpc.internal.DelayedClientCall$DelayedListener.delayOrExecute(DelayedClientCall.java:453)
	at com.alibaba.nacos.shaded.io.grpc.internal.DelayedClientCall$DelayedListener.onClose(DelayedClientCall.java:486)
	at com.alibaba.nacos.shaded.io.grpc.internal.ClientCallImpl.closeObserver(ClientCallImpl.java:567)
	at com.alibaba.nacos.shaded.io.grpc.internal.ClientCallImpl.access$300(ClientCallImpl.java:71)
	at com.alibaba.nacos.shaded.io.grpc.internal.ClientCallImpl$ClientStreamListenerImpl$1StreamClosed.runInternal(ClientCallImpl.java:735)
	at com.alibaba.nacos.shaded.io.grpc.internal.ClientCallImpl$ClientStreamListenerImpl$1StreamClosed.runInContext(ClientCallImpl.java:716)
	at com.alibaba.nacos.shaded.io.grpc.internal.ContextRunnable.run(ContextRunnable.java:37)
	at com.alibaba.nacos.shaded.io.grpc.internal.SerializingExecutor.run(SerializingExecutor.java:133)
	... 3 common frames omitted
Caused by: com.alibaba.nacos.shaded.io.grpc.netty.shaded.io.netty.channel.AbstractChannel$AnnotatedConnectException: Connection refused: getsockopt: /127.0.0.1:9848
Caused by: java.net.ConnectException: Connection refused: getsockopt
	at java.base/sun.nio.ch.Net.pollConnect(Native Method)
	at java.base/sun.nio.ch.Net.pollConnectNow(Net.java:690)
	at java.base/sun.nio.ch.SocketChannelImpl.finishConnect(SocketChannelImpl.java:973)
	at com.alibaba.nacos.shaded.io.grpc.netty.shaded.io.netty.channel.socket.nio.NioSocketChannel.doFinishConnect(NioSocketChannel.java:337)
	at com.alibaba.nacos.shaded.io.grpc.netty.shaded.io.netty.channel.nio.AbstractNioChannel$AbstractNioUnsafe.finishConnect(AbstractNioChannel.java:334)
	at com.alibaba.nacos.shaded.io.grpc.netty.shaded.io.netty.channel.nio.NioEventLoop.processSelectedKey(NioEventLoop.java:776)
	at com.alibaba.nacos.shaded.io.grpc.netty.shaded.io.netty.channel.nio.NioEventLoop.processSelectedKeysOptimized(NioEventLoop.java:724)
	at com.alibaba.nacos.shaded.io.grpc.netty.shaded.io.netty.channel.nio.NioEventLoop.processSelectedKeys(NioEventLoop.java:650)
	at com.alibaba.nacos.shaded.io.grpc.netty.shaded.io.netty.channel.nio.NioEventLoop.run(NioEventLoop.java:562)
	at com.alibaba.nacos.shaded.io.grpc.netty.shaded.io.netty.util.concurrent.SingleThreadEventExecutor$4.run(SingleThreadEventExecutor.java:997)
	at com.alibaba.nacos.shaded.io.grpc.netty.shaded.io.netty.util.internal.ThreadExecutorMap$2.run(ThreadExecutorMap.java:74)
	at com.alibaba.nacos.shaded.io.grpc.netty.shaded.io.netty.util.concurrent.FastThreadLocalRunnable.run(FastThreadLocalRunnable.java:30)
	at java.base/java.lang.Thread.run(Thread.java:1583)
2026-07-14 03:57:52.213 INFO  [wc-user] [traceId=none] [com.alibaba.nacos.client.remote.worker.1] c.alibaba.nacos.common.remote.client - [d194ed6e-d24e-4c53-be44-e9209553a88a] Fail to connect server, after trying 63 times, last try server is {serverIp = '127.0.0.1', server main port = 8848}, error = unknown
2026-07-14 03:57:57.221 INFO  [wc-user] [traceId=none] [com.alibaba.nacos.client.remote.worker.1] c.a.n.c.r.client.grpc.GrpcClient - grpc client connection server:127.0.0.1 ip,serverPort:9848,grpcTslConfig:{"sslProvider":"","enableTls":false,"mutualAuthEnable":false,"trustAll":false}
2026-07-14 03:57:57.224 ERROR [wc-user] [traceId=none] [com.alibaba.nacos.client.remote.worker.1] c.a.n.c.r.client.grpc.GrpcClient - Server check fail, please check server 127.0.0.1 ,port 9848 is available , error ={}
java.util.concurrent.ExecutionException: com.alibaba.nacos.shaded.io.grpc.StatusRuntimeException: UNAVAILABLE: io exception
	at com.alibaba.nacos.shaded.com.google.common.util.concurrent.AbstractFuture.getDoneValue(AbstractFuture.java:592)
	at com.alibaba.nacos.shaded.com.google.common.util.concurrent.AbstractFuture.get(AbstractFuture.java:467)
	at com.alibaba.nacos.common.remote.client.grpc.GrpcClient.serverCheck(GrpcClient.java:243)
	at com.alibaba.nacos.common.remote.client.grpc.GrpcClient.connectToServer(GrpcClient.java:367)
	at com.alibaba.nacos.common.remote.client.RpcClient.reconnect(RpcClient.java:502)
	at com.alibaba.nacos.common.remote.client.RpcClient.lambda$start$1(RpcClient.java:329)
	at java.base/java.util.concurrent.Executors$RunnableAdapter.call(Executors.java:572)
	at java.base/java.util.concurrent.FutureTask.run(FutureTask.java:317)
	at java.base/java.util.concurrent.ScheduledThreadPoolExecutor$ScheduledFutureTask.run(ScheduledThreadPoolExecutor.java:304)
	at java.base/java.util.concurrent.ThreadPoolExecutor.runWorker(ThreadPoolExecutor.java:1144)
	at java.base/java.util.concurrent.ThreadPoolExecutor$Worker.run(ThreadPoolExecutor.java:642)
	at java.base/java.lang.Thread.run(Thread.java:1583)
Caused by: com.alibaba.nacos.shaded.io.grpc.StatusRuntimeException: UNAVAILABLE: io exception
	at com.alibaba.nacos.shaded.io.grpc.Status.asRuntimeException(Status.java:537)
	at com.alibaba.nacos.shaded.io.grpc.stub.ClientCalls$UnaryStreamToFuture.onClose(ClientCalls.java:548)
	at com.alibaba.nacos.shaded.io.grpc.internal.DelayedClientCall$DelayedListener$3.run(DelayedClientCall.java:489)
	at com.alibaba.nacos.shaded.io.grpc.internal.DelayedClientCall$DelayedListener.delayOrExecute(DelayedClientCall.java:453)
	at com.alibaba.nacos.shaded.io.grpc.internal.DelayedClientCall$DelayedListener.onClose(DelayedClientCall.java:486)
	at com.alibaba.nacos.shaded.io.grpc.internal.ClientCallImpl.closeObserver(ClientCallImpl.java:567)
	at com.alibaba.nacos.shaded.io.grpc.internal.ClientCallImpl.access$300(ClientCallImpl.java:71)
	at com.alibaba.nacos.shaded.io.grpc.internal.ClientCallImpl$ClientStreamListenerImpl$1StreamClosed.runInternal(ClientCallImpl.java:735)
	at com.alibaba.nacos.shaded.io.grpc.internal.ClientCallImpl$ClientStreamListenerImpl$1StreamClosed.runInContext(ClientCallImpl.java:716)
	at com.alibaba.nacos.shaded.io.grpc.internal.ContextRunnable.run(ContextRunnable.java:37)
	at com.alibaba.nacos.shaded.io.grpc.internal.SerializingExecutor.run(SerializingExecutor.java:133)
	... 3 common frames omitted
Caused by: com.alibaba.nacos.shaded.io.grpc.netty.shaded.io.netty.channel.AbstractChannel$AnnotatedConnectException: Connection refused: getsockopt: /127.0.0.1:9848
Caused by: java.net.ConnectException: Connection refused: getsockopt
	at java.base/sun.nio.ch.Net.pollConnect(Native Method)
	at java.base/sun.nio.ch.Net.pollConnectNow(Net.java:690)
	at java.base/sun.nio.ch.SocketChannelImpl.finishConnect(SocketChannelImpl.java:973)
	at com.alibaba.nacos.shaded.io.grpc.netty.shaded.io.netty.channel.socket.nio.NioSocketChannel.doFinishConnect(NioSocketChannel.java:337)
	at com.alibaba.nacos.shaded.io.grpc.netty.shaded.io.netty.channel.nio.AbstractNioChannel$AbstractNioUnsafe.finishConnect(AbstractNioChannel.java:334)
	at com.alibaba.nacos.shaded.io.grpc.netty.shaded.io.netty.channel.nio.NioEventLoop.processSelectedKey(NioEventLoop.java:776)
	at com.alibaba.nacos.shaded.io.grpc.netty.shaded.io.netty.channel.nio.NioEventLoop.processSelectedKeysOptimized(NioEventLoop.java:724)
	at com.alibaba.nacos.shaded.io.grpc.netty.shaded.io.netty.channel.nio.NioEventLoop.processSelectedKeys(NioEventLoop.java:650)
	at com.alibaba.nacos.shaded.io.grpc.netty.shaded.io.netty.channel.nio.NioEventLoop.run(NioEventLoop.java:562)
	at com.alibaba.nacos.shaded.io.grpc.netty.shaded.io.netty.util.concurrent.SingleThreadEventExecutor$4.run(SingleThreadEventExecutor.java:997)
	at com.alibaba.nacos.shaded.io.grpc.netty.shaded.io.netty.util.internal.ThreadExecutorMap$2.run(ThreadExecutorMap.java:74)
	at com.alibaba.nacos.shaded.io.grpc.netty.shaded.io.netty.util.concurrent.FastThreadLocalRunnable.run(FastThreadLocalRunnable.java:30)
	at java.base/java.lang.Thread.run(Thread.java:1583)
2026-07-14 03:57:57.225 INFO  [wc-user] [traceId=none] [com.alibaba.nacos.client.remote.worker.1] c.alibaba.nacos.common.remote.client - [d194ed6e-d24e-4c53-be44-e9209553a88a] Fail to connect server, after trying 64 times, last try server is {serverIp = '127.0.0.1', server main port = 8848}, error = unknown
2026-07-14 03:58:02.240 INFO  [wc-user] [traceId=none] [com.alibaba.nacos.client.remote.worker.1] c.a.n.c.r.client.grpc.GrpcClient - grpc client connection server:127.0.0.1 ip,serverPort:9848,grpcTslConfig:{"sslProvider":"","enableTls":false,"mutualAuthEnable":false,"trustAll":false}
2026-07-14 03:58:02.243 ERROR [wc-user] [traceId=none] [com.alibaba.nacos.client.remote.worker.1] c.a.n.c.r.client.grpc.GrpcClient - Server check fail, please check server 127.0.0.1 ,port 9848 is available , error ={}
java.util.concurrent.ExecutionException: com.alibaba.nacos.shaded.io.grpc.StatusRuntimeException: UNAVAILABLE: io exception
	at com.alibaba.nacos.shaded.com.google.common.util.concurrent.AbstractFuture.getDoneValue(AbstractFuture.java:592)
	at com.alibaba.nacos.shaded.com.google.common.util.concurrent.AbstractFuture.get(AbstractFuture.java:467)
	at com.alibaba.nacos.common.remote.client.grpc.GrpcClient.serverCheck(GrpcClient.java:243)
	at com.alibaba.nacos.common.remote.client.grpc.GrpcClient.connectToServer(GrpcClient.java:367)
	at com.alibaba.nacos.common.remote.client.RpcClient.reconnect(RpcClient.java:502)
	at com.alibaba.nacos.common.remote.client.RpcClient.lambda$start$1(RpcClient.java:329)
	at java.base/java.util.concurrent.Executors$RunnableAdapter.call(Executors.java:572)
	at java.base/java.util.concurrent.FutureTask.run(FutureTask.java:317)
	at java.base/java.util.concurrent.ScheduledThreadPoolExecutor$ScheduledFutureTask.run(ScheduledThreadPoolExecutor.java:304)
	at java.base/java.util.concurrent.ThreadPoolExecutor.runWorker(ThreadPoolExecutor.java:1144)
	at java.base/java.util.concurrent.ThreadPoolExecutor$Worker.run(ThreadPoolExecutor.java:642)
	at java.base/java.lang.Thread.run(Thread.java:1583)
Caused by: com.alibaba.nacos.shaded.io.grpc.StatusRuntimeException: UNAVAILABLE: io exception
	at com.alibaba.nacos.shaded.io.grpc.Status.asRuntimeException(Status.java:537)
	at com.alibaba.nacos.shaded.io.grpc.stub.ClientCalls$UnaryStreamToFuture.onClose(ClientCalls.java:548)
	at com.alibaba.nacos.shaded.io.grpc.internal.DelayedClientCall$DelayedListener$3.run(DelayedClientCall.java:489)
	at com.alibaba.nacos.shaded.io.grpc.internal.DelayedClientCall$DelayedListener.delayOrExecute(DelayedClientCall.java:453)
	at com.alibaba.nacos.shaded.io.grpc.internal.DelayedClientCall$DelayedListener.onClose(DelayedClientCall.java:486)
	at com.alibaba.nacos.shaded.io.grpc.internal.ClientCallImpl.closeObserver(ClientCallImpl.java:567)
	at com.alibaba.nacos.shaded.io.grpc.internal.ClientCallImpl.access$300(ClientCallImpl.java:71)
	at com.alibaba.nacos.shaded.io.grpc.internal.ClientCallImpl$ClientStreamListenerImpl$1StreamClosed.runInternal(ClientCallImpl.java:735)
	at com.alibaba.nacos.shaded.io.grpc.internal.ClientCallImpl$ClientStreamListenerImpl$1StreamClosed.runInContext(ClientCallImpl.java:716)
	at com.alibaba.nacos.shaded.io.grpc.internal.ContextRunnable.run(ContextRunnable.java:37)
	at com.alibaba.nacos.shaded.io.grpc.internal.SerializingExecutor.run(SerializingExecutor.java:133)
	... 3 common frames omitted
Caused by: com.alibaba.nacos.shaded.io.grpc.netty.shaded.io.netty.channel.AbstractChannel$AnnotatedConnectException: Connection refused: getsockopt: /127.0.0.1:9848
Caused by: java.net.ConnectException: Connection refused: getsockopt
	at java.base/sun.nio.ch.Net.pollConnect(Native Method)
	at java.base/sun.nio.ch.Net.pollConnectNow(Net.java:690)
	at java.base/sun.nio.ch.SocketChannelImpl.finishConnect(SocketChannelImpl.java:973)
	at com.alibaba.nacos.shaded.io.grpc.netty.shaded.io.netty.channel.socket.nio.NioSocketChannel.doFinishConnect(NioSocketChannel.java:337)
	at com.alibaba.nacos.shaded.io.grpc.netty.shaded.io.netty.channel.nio.AbstractNioChannel$AbstractNioUnsafe.finishConnect(AbstractNioChannel.java:334)
	at com.alibaba.nacos.shaded.io.grpc.netty.shaded.io.netty.channel.nio.NioEventLoop.processSelectedKey(NioEventLoop.java:776)
	at com.alibaba.nacos.shaded.io.grpc.netty.shaded.io.netty.channel.nio.NioEventLoop.processSelectedKeysOptimized(NioEventLoop.java:724)
	at com.alibaba.nacos.shaded.io.grpc.netty.shaded.io.netty.channel.nio.NioEventLoop.processSelectedKeys(NioEventLoop.java:650)
	at com.alibaba.nacos.shaded.io.grpc.netty.shaded.io.netty.channel.nio.NioEventLoop.run(NioEventLoop.java:562)
	at com.alibaba.nacos.shaded.io.grpc.netty.shaded.io.netty.util.concurrent.SingleThreadEventExecutor$4.run(SingleThreadEventExecutor.java:997)
	at com.alibaba.nacos.shaded.io.grpc.netty.shaded.io.netty.util.internal.ThreadExecutorMap$2.run(ThreadExecutorMap.java:74)
	at com.alibaba.nacos.shaded.io.grpc.netty.shaded.io.netty.util.concurrent.FastThreadLocalRunnable.run(FastThreadLocalRunnable.java:30)
	at java.base/java.lang.Thread.run(Thread.java:1583)
2026-07-14 03:58:02.244 INFO  [wc-user] [traceId=none] [com.alibaba.nacos.client.remote.worker.1] c.alibaba.nacos.common.remote.client - [d194ed6e-d24e-4c53-be44-e9209553a88a] Fail to connect server, after trying 65 times, last try server is {serverIp = '127.0.0.1', server main port = 8848}, error = unknown
2026-07-14 03:58:07.247 INFO  [wc-user] [traceId=none] [com.alibaba.nacos.client.remote.worker.1] c.a.n.c.r.client.grpc.GrpcClient - grpc client connection server:127.0.0.1 ip,serverPort:9848,grpcTslConfig:{"sslProvider":"","enableTls":false,"mutualAuthEnable":false,"trustAll":false}
2026-07-14 03:58:07.250 ERROR [wc-user] [traceId=none] [com.alibaba.nacos.client.remote.worker.1] c.a.n.c.r.client.grpc.GrpcClient - Server check fail, please check server 127.0.0.1 ,port 9848 is available , error ={}
java.util.concurrent.ExecutionException: com.alibaba.nacos.shaded.io.grpc.StatusRuntimeException: UNAVAILABLE: io exception
	at com.alibaba.nacos.shaded.com.google.common.util.concurrent.AbstractFuture.getDoneValue(AbstractFuture.java:592)
	at com.alibaba.nacos.shaded.com.google.common.util.concurrent.AbstractFuture.get(AbstractFuture.java:467)
	at com.alibaba.nacos.common.remote.client.grpc.GrpcClient.serverCheck(GrpcClient.java:243)
	at com.alibaba.nacos.common.remote.client.grpc.GrpcClient.connectToServer(GrpcClient.java:367)
	at com.alibaba.nacos.common.remote.client.RpcClient.reconnect(RpcClient.java:502)
	at com.alibaba.nacos.common.remote.client.RpcClient.lambda$start$1(RpcClient.java:329)
	at java.base/java.util.concurrent.Executors$RunnableAdapter.call(Executors.java:572)
	at java.base/java.util.concurrent.FutureTask.run(FutureTask.java:317)
	at java.base/java.util.concurrent.ScheduledThreadPoolExecutor$ScheduledFutureTask.run(ScheduledThreadPoolExecutor.java:304)
	at java.base/java.util.concurrent.ThreadPoolExecutor.runWorker(ThreadPoolExecutor.java:1144)
	at java.base/java.util.concurrent.ThreadPoolExecutor$Worker.run(ThreadPoolExecutor.java:642)
	at java.base/java.lang.Thread.run(Thread.java:1583)
Caused by: com.alibaba.nacos.shaded.io.grpc.StatusRuntimeException: UNAVAILABLE: io exception
	at com.alibaba.nacos.shaded.io.grpc.Status.asRuntimeException(Status.java:537)
	at com.alibaba.nacos.shaded.io.grpc.stub.ClientCalls$UnaryStreamToFuture.onClose(ClientCalls.java:548)
	at com.alibaba.nacos.shaded.io.grpc.internal.DelayedClientCall$DelayedListener$3.run(DelayedClientCall.java:489)
	at com.alibaba.nacos.shaded.io.grpc.internal.DelayedClientCall$DelayedListener.delayOrExecute(DelayedClientCall.java:453)
	at com.alibaba.nacos.shaded.io.grpc.internal.DelayedClientCall$DelayedListener.onClose(DelayedClientCall.java:486)
	at com.alibaba.nacos.shaded.io.grpc.internal.ClientCallImpl.closeObserver(ClientCallImpl.java:567)
	at com.alibaba.nacos.shaded.io.grpc.internal.ClientCallImpl.access$300(ClientCallImpl.java:71)
	at com.alibaba.nacos.shaded.io.grpc.internal.ClientCallImpl$ClientStreamListenerImpl$1StreamClosed.runInternal(ClientCallImpl.java:735)
	at com.alibaba.nacos.shaded.io.grpc.internal.ClientCallImpl$ClientStreamListenerImpl$1StreamClosed.runInContext(ClientCallImpl.java:716)
	at com.alibaba.nacos.shaded.io.grpc.internal.ContextRunnable.run(ContextRunnable.java:37)
	at com.alibaba.nacos.shaded.io.grpc.internal.SerializingExecutor.run(SerializingExecutor.java:133)
	... 3 common frames omitted
Caused by: com.alibaba.nacos.shaded.io.grpc.netty.shaded.io.netty.channel.AbstractChannel$AnnotatedConnectException: Connection refused: getsockopt: /127.0.0.1:9848
Caused by: java.net.ConnectException: Connection refused: getsockopt
	at java.base/sun.nio.ch.Net.pollConnect(Native Method)
	at java.base/sun.nio.ch.Net.pollConnectNow(Net.java:690)
	at java.base/sun.nio.ch.SocketChannelImpl.finishConnect(SocketChannelImpl.java:973)
	at com.alibaba.nacos.shaded.io.grpc.netty.shaded.io.netty.channel.socket.nio.NioSocketChannel.doFinishConnect(NioSocketChannel.java:337)
	at com.alibaba.nacos.shaded.io.grpc.netty.shaded.io.netty.channel.nio.AbstractNioChannel$AbstractNioUnsafe.finishConnect(AbstractNioChannel.java:334)
	at com.alibaba.nacos.shaded.io.grpc.netty.shaded.io.netty.channel.nio.NioEventLoop.processSelectedKey(NioEventLoop.java:776)
	at com.alibaba.nacos.shaded.io.grpc.netty.shaded.io.netty.channel.nio.NioEventLoop.processSelectedKeysOptimized(NioEventLoop.java:724)
	at com.alibaba.nacos.shaded.io.grpc.netty.shaded.io.netty.channel.nio.NioEventLoop.processSelectedKeys(NioEventLoop.java:650)
	at com.alibaba.nacos.shaded.io.grpc.netty.shaded.io.netty.channel.nio.NioEventLoop.run(NioEventLoop.java:562)
	at com.alibaba.nacos.shaded.io.grpc.netty.shaded.io.netty.util.concurrent.SingleThreadEventExecutor$4.run(SingleThreadEventExecutor.java:997)
	at com.alibaba.nacos.shaded.io.grpc.netty.shaded.io.netty.util.internal.ThreadExecutorMap$2.run(ThreadExecutorMap.java:74)
	at com.alibaba.nacos.shaded.io.grpc.netty.shaded.io.netty.util.concurrent.FastThreadLocalRunnable.run(FastThreadLocalRunnable.java:30)
	at java.base/java.lang.Thread.run(Thread.java:1583)
2026-07-14 03:58:07.251 INFO  [wc-user] [traceId=none] [com.alibaba.nacos.client.remote.worker.1] c.alibaba.nacos.common.remote.client - [d194ed6e-d24e-4c53-be44-e9209553a88a] Fail to connect server, after trying 66 times, last try server is {serverIp = '127.0.0.1', server main port = 8848}, error = unknown
2026-07-14 03:58:12.252 INFO  [wc-user] [traceId=none] [com.alibaba.nacos.client.remote.worker.1] c.a.n.c.r.client.grpc.GrpcClient - grpc client connection server:127.0.0.1 ip,serverPort:9848,grpcTslConfig:{"sslProvider":"","enableTls":false,"mutualAuthEnable":false,"trustAll":false}
2026-07-14 03:58:12.255 ERROR [wc-user] [traceId=none] [com.alibaba.nacos.client.remote.worker.1] c.a.n.c.r.client.grpc.GrpcClient - Server check fail, please check server 127.0.0.1 ,port 9848 is available , error ={}
java.util.concurrent.ExecutionException: com.alibaba.nacos.shaded.io.grpc.StatusRuntimeException: UNAVAILABLE: io exception
	at com.alibaba.nacos.shaded.com.google.common.util.concurrent.AbstractFuture.getDoneValue(AbstractFuture.java:592)
	at com.alibaba.nacos.shaded.com.google.common.util.concurrent.AbstractFuture.get(AbstractFuture.java:467)
	at com.alibaba.nacos.common.remote.client.grpc.GrpcClient.serverCheck(GrpcClient.java:243)
	at com.alibaba.nacos.common.remote.client.grpc.GrpcClient.connectToServer(GrpcClient.java:367)
	at com.alibaba.nacos.common.remote.client.RpcClient.reconnect(RpcClient.java:502)
	at com.alibaba.nacos.common.remote.client.RpcClient.lambda$start$1(RpcClient.java:329)
	at java.base/java.util.concurrent.Executors$RunnableAdapter.call(Executors.java:572)
	at java.base/java.util.concurrent.FutureTask.run(FutureTask.java:317)
	at java.base/java.util.concurrent.ScheduledThreadPoolExecutor$ScheduledFutureTask.run(ScheduledThreadPoolExecutor.java:304)
	at java.base/java.util.concurrent.ThreadPoolExecutor.runWorker(ThreadPoolExecutor.java:1144)
	at java.base/java.util.concurrent.ThreadPoolExecutor$Worker.run(ThreadPoolExecutor.java:642)
	at java.base/java.lang.Thread.run(Thread.java:1583)
Caused by: com.alibaba.nacos.shaded.io.grpc.StatusRuntimeException: UNAVAILABLE: io exception
	at com.alibaba.nacos.shaded.io.grpc.Status.asRuntimeException(Status.java:537)
	at com.alibaba.nacos.shaded.io.grpc.stub.ClientCalls$UnaryStreamToFuture.onClose(ClientCalls.java:548)
	at com.alibaba.nacos.shaded.io.grpc.internal.DelayedClientCall$DelayedListener$3.run(DelayedClientCall.java:489)
	at com.alibaba.nacos.shaded.io.grpc.internal.DelayedClientCall$DelayedListener.delayOrExecute(DelayedClientCall.java:453)
	at com.alibaba.nacos.shaded.io.grpc.internal.DelayedClientCall$DelayedListener.onClose(DelayedClientCall.java:486)
	at com.alibaba.nacos.shaded.io.grpc.internal.ClientCallImpl.closeObserver(ClientCallImpl.java:567)
	at com.alibaba.nacos.shaded.io.grpc.internal.ClientCallImpl.access$300(ClientCallImpl.java:71)
	at com.alibaba.nacos.shaded.io.grpc.internal.ClientCallImpl$ClientStreamListenerImpl$1StreamClosed.runInternal(ClientCallImpl.java:735)
	at com.alibaba.nacos.shaded.io.grpc.internal.ClientCallImpl$ClientStreamListenerImpl$1StreamClosed.runInContext(ClientCallImpl.java:716)
	at com.alibaba.nacos.shaded.io.grpc.internal.ContextRunnable.run(ContextRunnable.java:37)
	at com.alibaba.nacos.shaded.io.grpc.internal.SerializingExecutor.run(SerializingExecutor.java:133)
	... 3 common frames omitted
Caused by: com.alibaba.nacos.shaded.io.grpc.netty.shaded.io.netty.channel.AbstractChannel$AnnotatedConnectException: Connection refused: getsockopt: /127.0.0.1:9848
Caused by: java.net.ConnectException: Connection refused: getsockopt
	at java.base/sun.nio.ch.Net.pollConnect(Native Method)
	at java.base/sun.nio.ch.Net.pollConnectNow(Net.java:690)
	at java.base/sun.nio.ch.SocketChannelImpl.finishConnect(SocketChannelImpl.java:973)
	at com.alibaba.nacos.shaded.io.grpc.netty.shaded.io.netty.channel.socket.nio.NioSocketChannel.doFinishConnect(NioSocketChannel.java:337)
	at com.alibaba.nacos.shaded.io.grpc.netty.shaded.io.netty.channel.nio.AbstractNioChannel$AbstractNioUnsafe.finishConnect(AbstractNioChannel.java:334)
	at com.alibaba.nacos.shaded.io.grpc.netty.shaded.io.netty.channel.nio.NioEventLoop.processSelectedKey(NioEventLoop.java:776)
	at com.alibaba.nacos.shaded.io.grpc.netty.shaded.io.netty.channel.nio.NioEventLoop.processSelectedKeysOptimized(NioEventLoop.java:724)
	at com.alibaba.nacos.shaded.io.grpc.netty.shaded.io.netty.channel.nio.NioEventLoop.processSelectedKeys(NioEventLoop.java:650)
	at com.alibaba.nacos.shaded.io.grpc.netty.shaded.io.netty.channel.nio.NioEventLoop.run(NioEventLoop.java:562)
	at com.alibaba.nacos.shaded.io.grpc.netty.shaded.io.netty.util.concurrent.SingleThreadEventExecutor$4.run(SingleThreadEventExecutor.java:997)
	at com.alibaba.nacos.shaded.io.grpc.netty.shaded.io.netty.util.internal.ThreadExecutorMap$2.run(ThreadExecutorMap.java:74)
	at com.alibaba.nacos.shaded.io.grpc.netty.shaded.io.netty.util.concurrent.FastThreadLocalRunnable.run(FastThreadLocalRunnable.java:30)
	at java.base/java.lang.Thread.run(Thread.java:1583)
2026-07-14 03:58:12.256 INFO  [wc-user] [traceId=none] [com.alibaba.nacos.client.remote.worker.1] c.alibaba.nacos.common.remote.client - [d194ed6e-d24e-4c53-be44-e9209553a88a] Fail to connect server, after trying 67 times, last try server is {serverIp = '127.0.0.1', server main port = 8848}, error = unknown
2026-07-14 03:58:17.260 INFO  [wc-user] [traceId=none] [com.alibaba.nacos.client.remote.worker.1] c.a.n.c.r.client.grpc.GrpcClient - grpc client connection server:127.0.0.1 ip,serverPort:9848,grpcTslConfig:{"sslProvider":"","enableTls":false,"mutualAuthEnable":false,"trustAll":false}
2026-07-14 03:58:17.262 ERROR [wc-user] [traceId=none] [com.alibaba.nacos.client.remote.worker.1] c.a.n.c.r.client.grpc.GrpcClient - Server check fail, please check server 127.0.0.1 ,port 9848 is available , error ={}
java.util.concurrent.ExecutionException: com.alibaba.nacos.shaded.io.grpc.StatusRuntimeException: UNAVAILABLE: io exception
	at com.alibaba.nacos.shaded.com.google.common.util.concurrent.AbstractFuture.getDoneValue(AbstractFuture.java:592)
	at com.alibaba.nacos.shaded.com.google.common.util.concurrent.AbstractFuture.get(AbstractFuture.java:467)
	at com.alibaba.nacos.common.remote.client.grpc.GrpcClient.serverCheck(GrpcClient.java:243)
	at com.alibaba.nacos.common.remote.client.grpc.GrpcClient.connectToServer(GrpcClient.java:367)
	at com.alibaba.nacos.common.remote.client.RpcClient.reconnect(RpcClient.java:502)
	at com.alibaba.nacos.common.remote.client.RpcClient.lambda$start$1(RpcClient.java:329)
	at java.base/java.util.concurrent.Executors$RunnableAdapter.call(Executors.java:572)
	at java.base/java.util.concurrent.FutureTask.run(FutureTask.java:317)
	at java.base/java.util.concurrent.ScheduledThreadPoolExecutor$ScheduledFutureTask.run(ScheduledThreadPoolExecutor.java:304)
	at java.base/java.util.concurrent.ThreadPoolExecutor.runWorker(ThreadPoolExecutor.java:1144)
	at java.base/java.util.concurrent.ThreadPoolExecutor$Worker.run(ThreadPoolExecutor.java:642)
	at java.base/java.lang.Thread.run(Thread.java:1583)
Caused by: com.alibaba.nacos.shaded.io.grpc.StatusRuntimeException: UNAVAILABLE: io exception
	at com.alibaba.nacos.shaded.io.grpc.Status.asRuntimeException(Status.java:537)
	at com.alibaba.nacos.shaded.io.grpc.stub.ClientCalls$UnaryStreamToFuture.onClose(ClientCalls.java:548)
	at com.alibaba.nacos.shaded.io.grpc.internal.DelayedClientCall$DelayedListener$3.run(DelayedClientCall.java:489)
	at com.alibaba.nacos.shaded.io.grpc.internal.DelayedClientCall$DelayedListener.delayOrExecute(DelayedClientCall.java:453)
	at com.alibaba.nacos.shaded.io.grpc.internal.DelayedClientCall$DelayedListener.onClose(DelayedClientCall.java:486)
	at com.alibaba.nacos.shaded.io.grpc.internal.ClientCallImpl.closeObserver(ClientCallImpl.java:567)
	at com.alibaba.nacos.shaded.io.grpc.internal.ClientCallImpl.access$300(ClientCallImpl.java:71)
	at com.alibaba.nacos.shaded.io.grpc.internal.ClientCallImpl$ClientStreamListenerImpl$1StreamClosed.runInternal(ClientCallImpl.java:735)
	at com.alibaba.nacos.shaded.io.grpc.internal.ClientCallImpl$ClientStreamListenerImpl$1StreamClosed.runInContext(ClientCallImpl.java:716)
	at com.alibaba.nacos.shaded.io.grpc.internal.ContextRunnable.run(ContextRunnable.java:37)
	at com.alibaba.nacos.shaded.io.grpc.internal.SerializingExecutor.run(SerializingExecutor.java:133)
	... 3 common frames omitted
Caused by: com.alibaba.nacos.shaded.io.grpc.netty.shaded.io.netty.channel.AbstractChannel$AnnotatedConnectException: Connection refused: getsockopt: /127.0.0.1:9848
Caused by: java.net.ConnectException: Connection refused: getsockopt
	at java.base/sun.nio.ch.Net.pollConnect(Native Method)
	at java.base/sun.nio.ch.Net.pollConnectNow(Net.java:690)
	at java.base/sun.nio.ch.SocketChannelImpl.finishConnect(SocketChannelImpl.java:973)
	at com.alibaba.nacos.shaded.io.grpc.netty.shaded.io.netty.channel.socket.nio.NioSocketChannel.doFinishConnect(NioSocketChannel.java:337)
	at com.alibaba.nacos.shaded.io.grpc.netty.shaded.io.netty.channel.nio.AbstractNioChannel$AbstractNioUnsafe.finishConnect(AbstractNioChannel.java:334)
	at com.alibaba.nacos.shaded.io.grpc.netty.shaded.io.netty.channel.nio.NioEventLoop.processSelectedKey(NioEventLoop.java:776)
	at com.alibaba.nacos.shaded.io.grpc.netty.shaded.io.netty.channel.nio.NioEventLoop.processSelectedKeysOptimized(NioEventLoop.java:724)
	at com.alibaba.nacos.shaded.io.grpc.netty.shaded.io.netty.channel.nio.NioEventLoop.processSelectedKeys(NioEventLoop.java:650)
	at com.alibaba.nacos.shaded.io.grpc.netty.shaded.io.netty.channel.nio.NioEventLoop.run(NioEventLoop.java:562)
	at com.alibaba.nacos.shaded.io.grpc.netty.shaded.io.netty.util.concurrent.SingleThreadEventExecutor$4.run(SingleThreadEventExecutor.java:997)
	at com.alibaba.nacos.shaded.io.grpc.netty.shaded.io.netty.util.internal.ThreadExecutorMap$2.run(ThreadExecutorMap.java:74)
	at com.alibaba.nacos.shaded.io.grpc.netty.shaded.io.netty.util.concurrent.FastThreadLocalRunnable.run(FastThreadLocalRunnable.java:30)
	at java.base/java.lang.Thread.run(Thread.java:1583)
2026-07-14 03:58:17.262 INFO  [wc-user] [traceId=none] [com.alibaba.nacos.client.remote.worker.1] c.alibaba.nacos.common.remote.client - [d194ed6e-d24e-4c53-be44-e9209553a88a] Fail to connect server, after trying 68 times, last try server is {serverIp = '127.0.0.1', server main port = 8848}, error = unknown
2026-07-14 03:58:22.266 INFO  [wc-user] [traceId=none] [com.alibaba.nacos.client.remote.worker.1] c.a.n.c.r.client.grpc.GrpcClient - grpc client connection server:127.0.0.1 ip,serverPort:9848,grpcTslConfig:{"sslProvider":"","enableTls":false,"mutualAuthEnable":false,"trustAll":false}
2026-07-14 03:58:22.267 ERROR [wc-user] [traceId=none] [com.alibaba.nacos.client.remote.worker.1] c.a.n.c.r.client.grpc.GrpcClient - Server check fail, please check server 127.0.0.1 ,port 9848 is available , error ={}
java.util.concurrent.ExecutionException: com.alibaba.nacos.shaded.io.grpc.StatusRuntimeException: UNAVAILABLE: io exception
	at com.alibaba.nacos.shaded.com.google.common.util.concurrent.AbstractFuture.getDoneValue(AbstractFuture.java:592)
	at com.alibaba.nacos.shaded.com.google.common.util.concurrent.AbstractFuture.get(AbstractFuture.java:467)
	at com.alibaba.nacos.common.remote.client.grpc.GrpcClient.serverCheck(GrpcClient.java:243)
	at com.alibaba.nacos.common.remote.client.grpc.GrpcClient.connectToServer(GrpcClient.java:367)
	at com.alibaba.nacos.common.remote.client.RpcClient.reconnect(RpcClient.java:502)
	at com.alibaba.nacos.common.remote.client.RpcClient.lambda$start$1(RpcClient.java:329)
	at java.base/java.util.concurrent.Executors$RunnableAdapter.call(Executors.java:572)
	at java.base/java.util.concurrent.FutureTask.run(FutureTask.java:317)
	at java.base/java.util.concurrent.ScheduledThreadPoolExecutor$ScheduledFutureTask.run(ScheduledThreadPoolExecutor.java:304)
	at java.base/java.util.concurrent.ThreadPoolExecutor.runWorker(ThreadPoolExecutor.java:1144)
	at java.base/java.util.concurrent.ThreadPoolExecutor$Worker.run(ThreadPoolExecutor.java:642)
	at java.base/java.lang.Thread.run(Thread.java:1583)
Caused by: com.alibaba.nacos.shaded.io.grpc.StatusRuntimeException: UNAVAILABLE: io exception
	at com.alibaba.nacos.shaded.io.grpc.Status.asRuntimeException(Status.java:537)
	at com.alibaba.nacos.shaded.io.grpc.stub.ClientCalls$UnaryStreamToFuture.onClose(ClientCalls.java:548)
	at com.alibaba.nacos.shaded.io.grpc.internal.DelayedClientCall$DelayedListener$3.run(DelayedClientCall.java:489)
	at com.alibaba.nacos.shaded.io.grpc.internal.DelayedClientCall$DelayedListener.delayOrExecute(DelayedClientCall.java:453)
	at com.alibaba.nacos.shaded.io.grpc.internal.DelayedClientCall$DelayedListener.onClose(DelayedClientCall.java:486)
	at com.alibaba.nacos.shaded.io.grpc.internal.ClientCallImpl.closeObserver(ClientCallImpl.java:567)
	at com.alibaba.nacos.shaded.io.grpc.internal.ClientCallImpl.access$300(ClientCallImpl.java:71)
	at com.alibaba.nacos.shaded.io.grpc.internal.ClientCallImpl$ClientStreamListenerImpl$1StreamClosed.runInternal(ClientCallImpl.java:735)
	at com.alibaba.nacos.shaded.io.grpc.internal.ClientCallImpl$ClientStreamListenerImpl$1StreamClosed.runInContext(ClientCallImpl.java:716)
	at com.alibaba.nacos.shaded.io.grpc.internal.ContextRunnable.run(ContextRunnable.java:37)
	at com.alibaba.nacos.shaded.io.grpc.internal.SerializingExecutor.run(SerializingExecutor.java:133)
	... 3 common frames omitted
Caused by: com.alibaba.nacos.shaded.io.grpc.netty.shaded.io.netty.channel.AbstractChannel$AnnotatedConnectException: Connection refused: getsockopt: /127.0.0.1:9848
Caused by: java.net.ConnectException: Connection refused: getsockopt
	at java.base/sun.nio.ch.Net.pollConnect(Native Method)
	at java.base/sun.nio.ch.Net.pollConnectNow(Net.java:690)
	at java.base/sun.nio.ch.SocketChannelImpl.finishConnect(SocketChannelImpl.java:973)
	at com.alibaba.nacos.shaded.io.grpc.netty.shaded.io.netty.channel.socket.nio.NioSocketChannel.doFinishConnect(NioSocketChannel.java:337)
	at com.alibaba.nacos.shaded.io.grpc.netty.shaded.io.netty.channel.nio.AbstractNioChannel$AbstractNioUnsafe.finishConnect(AbstractNioChannel.java:334)
	at com.alibaba.nacos.shaded.io.grpc.netty.shaded.io.netty.channel.nio.NioEventLoop.processSelectedKey(NioEventLoop.java:776)
	at com.alibaba.nacos.shaded.io.grpc.netty.shaded.io.netty.channel.nio.NioEventLoop.processSelectedKeysOptimized(NioEventLoop.java:724)
	at com.alibaba.nacos.shaded.io.grpc.netty.shaded.io.netty.channel.nio.NioEventLoop.processSelectedKeys(NioEventLoop.java:650)
	at com.alibaba.nacos.shaded.io.grpc.netty.shaded.io.netty.channel.nio.NioEventLoop.run(NioEventLoop.java:562)
	at com.alibaba.nacos.shaded.io.grpc.netty.shaded.io.netty.util.concurrent.SingleThreadEventExecutor$4.run(SingleThreadEventExecutor.java:997)
	at com.alibaba.nacos.shaded.io.grpc.netty.shaded.io.netty.util.internal.ThreadExecutorMap$2.run(ThreadExecutorMap.java:74)
	at com.alibaba.nacos.shaded.io.grpc.netty.shaded.io.netty.util.concurrent.FastThreadLocalRunnable.run(FastThreadLocalRunnable.java:30)
	at java.base/java.lang.Thread.run(Thread.java:1583)
2026-07-14 03:58:22.267 INFO  [wc-user] [traceId=none] [com.alibaba.nacos.client.remote.worker.1] c.alibaba.nacos.common.remote.client - [d194ed6e-d24e-4c53-be44-e9209553a88a] Fail to connect server, after trying 69 times, last try server is {serverIp = '127.0.0.1', server main port = 8848}, error = unknown
2026-07-14 03:58:27.277 INFO  [wc-user] [traceId=none] [com.alibaba.nacos.client.remote.worker.1] c.a.n.c.r.client.grpc.GrpcClient - grpc client connection server:127.0.0.1 ip,serverPort:9848,grpcTslConfig:{"sslProvider":"","enableTls":false,"mutualAuthEnable":false,"trustAll":false}
2026-07-14 03:58:27.281 ERROR [wc-user] [traceId=none] [com.alibaba.nacos.client.remote.worker.1] c.a.n.c.r.client.grpc.GrpcClient - Server check fail, please check server 127.0.0.1 ,port 9848 is available , error ={}
java.util.concurrent.ExecutionException: com.alibaba.nacos.shaded.io.grpc.StatusRuntimeException: UNAVAILABLE: io exception
	at com.alibaba.nacos.shaded.com.google.common.util.concurrent.AbstractFuture.getDoneValue(AbstractFuture.java:592)
	at com.alibaba.nacos.shaded.com.google.common.util.concurrent.AbstractFuture.get(AbstractFuture.java:467)
	at com.alibaba.nacos.common.remote.client.grpc.GrpcClient.serverCheck(GrpcClient.java:243)
	at com.alibaba.nacos.common.remote.client.grpc.GrpcClient.connectToServer(GrpcClient.java:367)
	at com.alibaba.nacos.common.remote.client.RpcClient.reconnect(RpcClient.java:502)
	at com.alibaba.nacos.common.remote.client.RpcClient.lambda$start$1(RpcClient.java:329)
	at java.base/java.util.concurrent.Executors$RunnableAdapter.call(Executors.java:572)
	at java.base/java.util.concurrent.FutureTask.run(FutureTask.java:317)
	at java.base/java.util.concurrent.ScheduledThreadPoolExecutor$ScheduledFutureTask.run(ScheduledThreadPoolExecutor.java:304)
	at java.base/java.util.concurrent.ThreadPoolExecutor.runWorker(ThreadPoolExecutor.java:1144)
	at java.base/java.util.concurrent.ThreadPoolExecutor$Worker.run(ThreadPoolExecutor.java:642)
	at java.base/java.lang.Thread.run(Thread.java:1583)
Caused by: com.alibaba.nacos.shaded.io.grpc.StatusRuntimeException: UNAVAILABLE: io exception
	at com.alibaba.nacos.shaded.io.grpc.Status.asRuntimeException(Status.java:537)
	at com.alibaba.nacos.shaded.io.grpc.stub.ClientCalls$UnaryStreamToFuture.onClose(ClientCalls.java:548)
	at com.alibaba.nacos.shaded.io.grpc.internal.DelayedClientCall$DelayedListener$3.run(DelayedClientCall.java:489)
	at com.alibaba.nacos.shaded.io.grpc.internal.DelayedClientCall$DelayedListener.delayOrExecute(DelayedClientCall.java:453)
	at com.alibaba.nacos.shaded.io.grpc.internal.DelayedClientCall$DelayedListener.onClose(DelayedClientCall.java:486)
	at com.alibaba.nacos.shaded.io.grpc.internal.ClientCallImpl.closeObserver(ClientCallImpl.java:567)
	at com.alibaba.nacos.shaded.io.grpc.internal.ClientCallImpl.access$300(ClientCallImpl.java:71)
	at com.alibaba.nacos.shaded.io.grpc.internal.ClientCallImpl$ClientStreamListenerImpl$1StreamClosed.runInternal(ClientCallImpl.java:735)
	at com.alibaba.nacos.shaded.io.grpc.internal.ClientCallImpl$ClientStreamListenerImpl$1StreamClosed.runInContext(ClientCallImpl.java:716)
	at com.alibaba.nacos.shaded.io.grpc.internal.ContextRunnable.run(ContextRunnable.java:37)
	at com.alibaba.nacos.shaded.io.grpc.internal.SerializingExecutor.run(SerializingExecutor.java:133)
	... 3 common frames omitted
Caused by: com.alibaba.nacos.shaded.io.grpc.netty.shaded.io.netty.channel.AbstractChannel$AnnotatedConnectException: Connection refused: getsockopt: /127.0.0.1:9848
Caused by: java.net.ConnectException: Connection refused: getsockopt
	at java.base/sun.nio.ch.Net.pollConnect(Native Method)
	at java.base/sun.nio.ch.Net.pollConnectNow(Net.java:690)
	at java.base/sun.nio.ch.SocketChannelImpl.finishConnect(SocketChannelImpl.java:973)
	at com.alibaba.nacos.shaded.io.grpc.netty.shaded.io.netty.channel.socket.nio.NioSocketChannel.doFinishConnect(NioSocketChannel.java:337)
	at com.alibaba.nacos.shaded.io.grpc.netty.shaded.io.netty.channel.nio.AbstractNioChannel$AbstractNioUnsafe.finishConnect(AbstractNioChannel.java:334)
	at com.alibaba.nacos.shaded.io.grpc.netty.shaded.io.netty.channel.nio.NioEventLoop.processSelectedKey(NioEventLoop.java:776)
	at com.alibaba.nacos.shaded.io.grpc.netty.shaded.io.netty.channel.nio.NioEventLoop.processSelectedKeysOptimized(NioEventLoop.java:724)
	at com.alibaba.nacos.shaded.io.grpc.netty.shaded.io.netty.channel.nio.NioEventLoop.processSelectedKeys(NioEventLoop.java:650)
	at com.alibaba.nacos.shaded.io.grpc.netty.shaded.io.netty.channel.nio.NioEventLoop.run(NioEventLoop.java:562)
	at com.alibaba.nacos.shaded.io.grpc.netty.shaded.io.netty.util.concurrent.SingleThreadEventExecutor$4.run(SingleThreadEventExecutor.java:997)
	at com.alibaba.nacos.shaded.io.grpc.netty.shaded.io.netty.util.internal.ThreadExecutorMap$2.run(ThreadExecutorMap.java:74)
	at com.alibaba.nacos.shaded.io.grpc.netty.shaded.io.netty.util.concurrent.FastThreadLocalRunnable.run(FastThreadLocalRunnable.java:30)
	at java.base/java.lang.Thread.run(Thread.java:1583)
2026-07-14 03:58:27.281 INFO  [wc-user] [traceId=none] [com.alibaba.nacos.client.remote.worker.1] c.alibaba.nacos.common.remote.client - [d194ed6e-d24e-4c53-be44-e9209553a88a] Fail to connect server, after trying 70 times, last try server is {serverIp = '127.0.0.1', server main port = 8848}, error = unknown
2026-07-14 03:58:32.288 INFO  [wc-user] [traceId=none] [com.alibaba.nacos.client.remote.worker.1] c.a.n.c.r.client.grpc.GrpcClient - grpc client connection server:127.0.0.1 ip,serverPort:9848,grpcTslConfig:{"sslProvider":"","enableTls":false,"mutualAuthEnable":false,"trustAll":false}
2026-07-14 03:58:32.291 ERROR [wc-user] [traceId=none] [com.alibaba.nacos.client.remote.worker.1] c.a.n.c.r.client.grpc.GrpcClient - Server check fail, please check server 127.0.0.1 ,port 9848 is available , error ={}
java.util.concurrent.ExecutionException: com.alibaba.nacos.shaded.io.grpc.StatusRuntimeException: UNAVAILABLE: io exception
	at com.alibaba.nacos.shaded.com.google.common.util.concurrent.AbstractFuture.getDoneValue(AbstractFuture.java:592)
	at com.alibaba.nacos.shaded.com.google.common.util.concurrent.AbstractFuture.get(AbstractFuture.java:467)
	at com.alibaba.nacos.common.remote.client.grpc.GrpcClient.serverCheck(GrpcClient.java:243)
	at com.alibaba.nacos.common.remote.client.grpc.GrpcClient.connectToServer(GrpcClient.java:367)
	at com.alibaba.nacos.common.remote.client.RpcClient.reconnect(RpcClient.java:502)
	at com.alibaba.nacos.common.remote.client.RpcClient.lambda$start$1(RpcClient.java:329)
	at java.base/java.util.concurrent.Executors$RunnableAdapter.call(Executors.java:572)
	at java.base/java.util.concurrent.FutureTask.run(FutureTask.java:317)
	at java.base/java.util.concurrent.ScheduledThreadPoolExecutor$ScheduledFutureTask.run(ScheduledThreadPoolExecutor.java:304)
	at java.base/java.util.concurrent.ThreadPoolExecutor.runWorker(ThreadPoolExecutor.java:1144)
	at java.base/java.util.concurrent.ThreadPoolExecutor$Worker.run(ThreadPoolExecutor.java:642)
	at java.base/java.lang.Thread.run(Thread.java:1583)
Caused by: com.alibaba.nacos.shaded.io.grpc.StatusRuntimeException: UNAVAILABLE: io exception
	at com.alibaba.nacos.shaded.io.grpc.Status.asRuntimeException(Status.java:537)
	at com.alibaba.nacos.shaded.io.grpc.stub.ClientCalls$UnaryStreamToFuture.onClose(ClientCalls.java:548)
	at com.alibaba.nacos.shaded.io.grpc.internal.DelayedClientCall$DelayedListener$3.run(DelayedClientCall.java:489)
	at com.alibaba.nacos.shaded.io.grpc.internal.DelayedClientCall$DelayedListener.delayOrExecute(DelayedClientCall.java:453)
	at com.alibaba.nacos.shaded.io.grpc.internal.DelayedClientCall$DelayedListener.onClose(DelayedClientCall.java:486)
	at com.alibaba.nacos.shaded.io.grpc.internal.ClientCallImpl.closeObserver(ClientCallImpl.java:567)
	at com.alibaba.nacos.shaded.io.grpc.internal.ClientCallImpl.access$300(ClientCallImpl.java:71)
	at com.alibaba.nacos.shaded.io.grpc.internal.ClientCallImpl$ClientStreamListenerImpl$1StreamClosed.runInternal(ClientCallImpl.java:735)
	at com.alibaba.nacos.shaded.io.grpc.internal.ClientCallImpl$ClientStreamListenerImpl$1StreamClosed.runInContext(ClientCallImpl.java:716)
	at com.alibaba.nacos.shaded.io.grpc.internal.ContextRunnable.run(ContextRunnable.java:37)
	at com.alibaba.nacos.shaded.io.grpc.internal.SerializingExecutor.run(SerializingExecutor.java:133)
	... 3 common frames omitted
Caused by: com.alibaba.nacos.shaded.io.grpc.netty.shaded.io.netty.channel.AbstractChannel$AnnotatedConnectException: Connection refused: getsockopt: /127.0.0.1:9848
Caused by: java.net.ConnectException: Connection refused: getsockopt
	at java.base/sun.nio.ch.Net.pollConnect(Native Method)
	at java.base/sun.nio.ch.Net.pollConnectNow(Net.java:690)
	at java.base/sun.nio.ch.SocketChannelImpl.finishConnect(SocketChannelImpl.java:973)
	at com.alibaba.nacos.shaded.io.grpc.netty.shaded.io.netty.channel.socket.nio.NioSocketChannel.doFinishConnect(NioSocketChannel.java:337)
	at com.alibaba.nacos.shaded.io.grpc.netty.shaded.io.netty.channel.nio.AbstractNioChannel$AbstractNioUnsafe.finishConnect(AbstractNioChannel.java:334)
	at com.alibaba.nacos.shaded.io.grpc.netty.shaded.io.netty.channel.nio.NioEventLoop.processSelectedKey(NioEventLoop.java:776)
	at com.alibaba.nacos.shaded.io.grpc.netty.shaded.io.netty.channel.nio.NioEventLoop.processSelectedKeysOptimized(NioEventLoop.java:724)
	at com.alibaba.nacos.shaded.io.grpc.netty.shaded.io.netty.channel.nio.NioEventLoop.processSelectedKeys(NioEventLoop.java:650)
	at com.alibaba.nacos.shaded.io.grpc.netty.shaded.io.netty.channel.nio.NioEventLoop.run(NioEventLoop.java:562)
	at com.alibaba.nacos.shaded.io.grpc.netty.shaded.io.netty.util.concurrent.SingleThreadEventExecutor$4.run(SingleThreadEventExecutor.java:997)
	at com.alibaba.nacos.shaded.io.grpc.netty.shaded.io.netty.util.internal.ThreadExecutorMap$2.run(ThreadExecutorMap.java:74)
	at com.alibaba.nacos.shaded.io.grpc.netty.shaded.io.netty.util.concurrent.FastThreadLocalRunnable.run(FastThreadLocalRunnable.java:30)
	at java.base/java.lang.Thread.run(Thread.java:1583)
2026-07-14 03:58:32.292 INFO  [wc-user] [traceId=none] [com.alibaba.nacos.client.remote.worker.1] c.alibaba.nacos.common.remote.client - [d194ed6e-d24e-4c53-be44-e9209553a88a] Fail to connect server, after trying 71 times, last try server is {serverIp = '127.0.0.1', server main port = 8848}, error = unknown
2026-07-14 03:58:37.300 INFO  [wc-user] [traceId=none] [com.alibaba.nacos.client.remote.worker.1] c.a.n.c.r.client.grpc.GrpcClient - grpc client connection server:127.0.0.1 ip,serverPort:9848,grpcTslConfig:{"sslProvider":"","enableTls":false,"mutualAuthEnable":false,"trustAll":false}
2026-07-14 03:58:37.304 ERROR [wc-user] [traceId=none] [com.alibaba.nacos.client.remote.worker.1] c.a.n.c.r.client.grpc.GrpcClient - Server check fail, please check server 127.0.0.1 ,port 9848 is available , error ={}
java.util.concurrent.ExecutionException: com.alibaba.nacos.shaded.io.grpc.StatusRuntimeException: UNAVAILABLE: io exception
	at com.alibaba.nacos.shaded.com.google.common.util.concurrent.AbstractFuture.getDoneValue(AbstractFuture.java:592)
	at com.alibaba.nacos.shaded.com.google.common.util.concurrent.AbstractFuture.get(AbstractFuture.java:467)
	at com.alibaba.nacos.common.remote.client.grpc.GrpcClient.serverCheck(GrpcClient.java:243)
	at com.alibaba.nacos.common.remote.client.grpc.GrpcClient.connectToServer(GrpcClient.java:367)
	at com.alibaba.nacos.common.remote.client.RpcClient.reconnect(RpcClient.java:502)
	at com.alibaba.nacos.common.remote.client.RpcClient.lambda$start$1(RpcClient.java:329)
	at java.base/java.util.concurrent.Executors$RunnableAdapter.call(Executors.java:572)
	at java.base/java.util.concurrent.FutureTask.run(FutureTask.java:317)
	at java.base/java.util.concurrent.ScheduledThreadPoolExecutor$ScheduledFutureTask.run(ScheduledThreadPoolExecutor.java:304)
	at java.base/java.util.concurrent.ThreadPoolExecutor.runWorker(ThreadPoolExecutor.java:1144)
	at java.base/java.util.concurrent.ThreadPoolExecutor$Worker.run(ThreadPoolExecutor.java:642)
	at java.base/java.lang.Thread.run(Thread.java:1583)
Caused by: com.alibaba.nacos.shaded.io.grpc.StatusRuntimeException: UNAVAILABLE: io exception
	at com.alibaba.nacos.shaded.io.grpc.Status.asRuntimeException(Status.java:537)
	at com.alibaba.nacos.shaded.io.grpc.stub.ClientCalls$UnaryStreamToFuture.onClose(ClientCalls.java:548)
	at com.alibaba.nacos.shaded.io.grpc.internal.DelayedClientCall$DelayedListener$3.run(DelayedClientCall.java:489)
	at com.alibaba.nacos.shaded.io.grpc.internal.DelayedClientCall$DelayedListener.delayOrExecute(DelayedClientCall.java:453)
	at com.alibaba.nacos.shaded.io.grpc.internal.DelayedClientCall$DelayedListener.onClose(DelayedClientCall.java:486)
	at com.alibaba.nacos.shaded.io.grpc.internal.ClientCallImpl.closeObserver(ClientCallImpl.java:567)
	at com.alibaba.nacos.shaded.io.grpc.internal.ClientCallImpl.access$300(ClientCallImpl.java:71)
	at com.alibaba.nacos.shaded.io.grpc.internal.ClientCallImpl$ClientStreamListenerImpl$1StreamClosed.runInternal(ClientCallImpl.java:735)
	at com.alibaba.nacos.shaded.io.grpc.internal.ClientCallImpl$ClientStreamListenerImpl$1StreamClosed.runInContext(ClientCallImpl.java:716)
	at com.alibaba.nacos.shaded.io.grpc.internal.ContextRunnable.run(ContextRunnable.java:37)
	at com.alibaba.nacos.shaded.io.grpc.internal.SerializingExecutor.run(SerializingExecutor.java:133)
	... 3 common frames omitted
Caused by: com.alibaba.nacos.shaded.io.grpc.netty.shaded.io.netty.channel.AbstractChannel$AnnotatedConnectException: Connection refused: getsockopt: /127.0.0.1:9848
Caused by: java.net.ConnectException: Connection refused: getsockopt
	at java.base/sun.nio.ch.Net.pollConnect(Native Method)
	at java.base/sun.nio.ch.Net.pollConnectNow(Net.java:690)
	at java.base/sun.nio.ch.SocketChannelImpl.finishConnect(SocketChannelImpl.java:973)
	at com.alibaba.nacos.shaded.io.grpc.netty.shaded.io.netty.channel.socket.nio.NioSocketChannel.doFinishConnect(NioSocketChannel.java:337)
	at com.alibaba.nacos.shaded.io.grpc.netty.shaded.io.netty.channel.nio.AbstractNioChannel$AbstractNioUnsafe.finishConnect(AbstractNioChannel.java:334)
	at com.alibaba.nacos.shaded.io.grpc.netty.shaded.io.netty.channel.nio.NioEventLoop.processSelectedKey(NioEventLoop.java:776)
	at com.alibaba.nacos.shaded.io.grpc.netty.shaded.io.netty.channel.nio.NioEventLoop.processSelectedKeysOptimized(NioEventLoop.java:724)
	at com.alibaba.nacos.shaded.io.grpc.netty.shaded.io.netty.channel.nio.NioEventLoop.processSelectedKeys(NioEventLoop.java:650)
	at com.alibaba.nacos.shaded.io.grpc.netty.shaded.io.netty.channel.nio.NioEventLoop.run(NioEventLoop.java:562)
	at com.alibaba.nacos.shaded.io.grpc.netty.shaded.io.netty.util.concurrent.SingleThreadEventExecutor$4.run(SingleThreadEventExecutor.java:997)
	at com.alibaba.nacos.shaded.io.grpc.netty.shaded.io.netty.util.internal.ThreadExecutorMap$2.run(ThreadExecutorMap.java:74)
	at com.alibaba.nacos.shaded.io.grpc.netty.shaded.io.netty.util.concurrent.FastThreadLocalRunnable.run(FastThreadLocalRunnable.java:30)
	at java.base/java.lang.Thread.run(Thread.java:1583)
2026-07-14 03:58:37.305 INFO  [wc-user] [traceId=none] [com.alibaba.nacos.client.remote.worker.1] c.alibaba.nacos.common.remote.client - [d194ed6e-d24e-4c53-be44-e9209553a88a] Fail to connect server, after trying 72 times, last try server is {serverIp = '127.0.0.1', server main port = 8848}, error = unknown
2026-07-14 03:58:42.320 INFO  [wc-user] [traceId=none] [com.alibaba.nacos.client.remote.worker.1] c.a.n.c.r.client.grpc.GrpcClient - grpc client connection server:127.0.0.1 ip,serverPort:9848,grpcTslConfig:{"sslProvider":"","enableTls":false,"mutualAuthEnable":false,"trustAll":false}
2026-07-14 03:58:42.324 ERROR [wc-user] [traceId=none] [com.alibaba.nacos.client.remote.worker.1] c.a.n.c.r.client.grpc.GrpcClient - Server check fail, please check server 127.0.0.1 ,port 9848 is available , error ={}
java.util.concurrent.ExecutionException: com.alibaba.nacos.shaded.io.grpc.StatusRuntimeException: UNAVAILABLE: io exception
	at com.alibaba.nacos.shaded.com.google.common.util.concurrent.AbstractFuture.getDoneValue(AbstractFuture.java:592)
	at com.alibaba.nacos.shaded.com.google.common.util.concurrent.AbstractFuture.get(AbstractFuture.java:467)
	at com.alibaba.nacos.common.remote.client.grpc.GrpcClient.serverCheck(GrpcClient.java:243)
	at com.alibaba.nacos.common.remote.client.grpc.GrpcClient.connectToServer(GrpcClient.java:367)
	at com.alibaba.nacos.common.remote.client.RpcClient.reconnect(RpcClient.java:502)
	at com.alibaba.nacos.common.remote.client.RpcClient.lambda$start$1(RpcClient.java:329)
	at java.base/java.util.concurrent.Executors$RunnableAdapter.call(Executors.java:572)
	at java.base/java.util.concurrent.FutureTask.run(FutureTask.java:317)
	at java.base/java.util.concurrent.ScheduledThreadPoolExecutor$ScheduledFutureTask.run(ScheduledThreadPoolExecutor.java:304)
	at java.base/java.util.concurrent.ThreadPoolExecutor.runWorker(ThreadPoolExecutor.java:1144)
	at java.base/java.util.concurrent.ThreadPoolExecutor$Worker.run(ThreadPoolExecutor.java:642)
	at java.base/java.lang.Thread.run(Thread.java:1583)
Caused by: com.alibaba.nacos.shaded.io.grpc.StatusRuntimeException: UNAVAILABLE: io exception
	at com.alibaba.nacos.shaded.io.grpc.Status.asRuntimeException(Status.java:537)
	at com.alibaba.nacos.shaded.io.grpc.stub.ClientCalls$UnaryStreamToFuture.onClose(ClientCalls.java:548)
	at com.alibaba.nacos.shaded.io.grpc.internal.DelayedClientCall$DelayedListener$3.run(DelayedClientCall.java:489)
	at com.alibaba.nacos.shaded.io.grpc.internal.DelayedClientCall$DelayedListener.delayOrExecute(DelayedClientCall.java:453)
	at com.alibaba.nacos.shaded.io.grpc.internal.DelayedClientCall$DelayedListener.onClose(DelayedClientCall.java:486)
	at com.alibaba.nacos.shaded.io.grpc.internal.ClientCallImpl.closeObserver(ClientCallImpl.java:567)
	at com.alibaba.nacos.shaded.io.grpc.internal.ClientCallImpl.access$300(ClientCallImpl.java:71)
	at com.alibaba.nacos.shaded.io.grpc.internal.ClientCallImpl$ClientStreamListenerImpl$1StreamClosed.runInternal(ClientCallImpl.java:735)
	at com.alibaba.nacos.shaded.io.grpc.internal.ClientCallImpl$ClientStreamListenerImpl$1StreamClosed.runInContext(ClientCallImpl.java:716)
	at com.alibaba.nacos.shaded.io.grpc.internal.ContextRunnable.run(ContextRunnable.java:37)
	at com.alibaba.nacos.shaded.io.grpc.internal.SerializingExecutor.run(SerializingExecutor.java:133)
	... 3 common frames omitted
Caused by: com.alibaba.nacos.shaded.io.grpc.netty.shaded.io.netty.channel.AbstractChannel$AnnotatedConnectException: Connection refused: getsockopt: /127.0.0.1:9848
Caused by: java.net.ConnectException: Connection refused: getsockopt
	at java.base/sun.nio.ch.Net.pollConnect(Native Method)
	at java.base/sun.nio.ch.Net.pollConnectNow(Net.java:690)
	at java.base/sun.nio.ch.SocketChannelImpl.finishConnect(SocketChannelImpl.java:973)
	at com.alibaba.nacos.shaded.io.grpc.netty.shaded.io.netty.channel.socket.nio.NioSocketChannel.doFinishConnect(NioSocketChannel.java:337)
	at com.alibaba.nacos.shaded.io.grpc.netty.shaded.io.netty.channel.nio.AbstractNioChannel$AbstractNioUnsafe.finishConnect(AbstractNioChannel.java:334)
	at com.alibaba.nacos.shaded.io.grpc.netty.shaded.io.netty.channel.nio.NioEventLoop.processSelectedKey(NioEventLoop.java:776)
	at com.alibaba.nacos.shaded.io.grpc.netty.shaded.io.netty.channel.nio.NioEventLoop.processSelectedKeysOptimized(NioEventLoop.java:724)
	at com.alibaba.nacos.shaded.io.grpc.netty.shaded.io.netty.channel.nio.NioEventLoop.processSelectedKeys(NioEventLoop.java:650)
	at com.alibaba.nacos.shaded.io.grpc.netty.shaded.io.netty.channel.nio.NioEventLoop.run(NioEventLoop.java:562)
	at com.alibaba.nacos.shaded.io.grpc.netty.shaded.io.netty.util.concurrent.SingleThreadEventExecutor$4.run(SingleThreadEventExecutor.java:997)
	at com.alibaba.nacos.shaded.io.grpc.netty.shaded.io.netty.util.internal.ThreadExecutorMap$2.run(ThreadExecutorMap.java:74)
	at com.alibaba.nacos.shaded.io.grpc.netty.shaded.io.netty.util.concurrent.FastThreadLocalRunnable.run(FastThreadLocalRunnable.java:30)
	at java.base/java.lang.Thread.run(Thread.java:1583)
2026-07-14 03:58:42.326 INFO  [wc-user] [traceId=none] [com.alibaba.nacos.client.remote.worker.1] c.alibaba.nacos.common.remote.client - [d194ed6e-d24e-4c53-be44-e9209553a88a] Fail to connect server, after trying 73 times, last try server is {serverIp = '127.0.0.1', server main port = 8848}, error = unknown
2026-07-14 03:58:47.328 INFO  [wc-user] [traceId=none] [com.alibaba.nacos.client.remote.worker.1] c.a.n.c.r.client.grpc.GrpcClient - grpc client connection server:127.0.0.1 ip,serverPort:9848,grpcTslConfig:{"sslProvider":"","enableTls":false,"mutualAuthEnable":false,"trustAll":false}
2026-07-14 03:58:47.331 ERROR [wc-user] [traceId=none] [com.alibaba.nacos.client.remote.worker.1] c.a.n.c.r.client.grpc.GrpcClient - Server check fail, please check server 127.0.0.1 ,port 9848 is available , error ={}
java.util.concurrent.ExecutionException: com.alibaba.nacos.shaded.io.grpc.StatusRuntimeException: UNAVAILABLE: io exception
	at com.alibaba.nacos.shaded.com.google.common.util.concurrent.AbstractFuture.getDoneValue(AbstractFuture.java:592)
	at com.alibaba.nacos.shaded.com.google.common.util.concurrent.AbstractFuture.get(AbstractFuture.java:467)
	at com.alibaba.nacos.common.remote.client.grpc.GrpcClient.serverCheck(GrpcClient.java:243)
	at com.alibaba.nacos.common.remote.client.grpc.GrpcClient.connectToServer(GrpcClient.java:367)
	at com.alibaba.nacos.common.remote.client.RpcClient.reconnect(RpcClient.java:502)
	at com.alibaba.nacos.common.remote.client.RpcClient.lambda$start$1(RpcClient.java:329)
	at java.base/java.util.concurrent.Executors$RunnableAdapter.call(Executors.java:572)
	at java.base/java.util.concurrent.FutureTask.run(FutureTask.java:317)
	at java.base/java.util.concurrent.ScheduledThreadPoolExecutor$ScheduledFutureTask.run(ScheduledThreadPoolExecutor.java:304)
	at java.base/java.util.concurrent.ThreadPoolExecutor.runWorker(ThreadPoolExecutor.java:1144)
	at java.base/java.util.concurrent.ThreadPoolExecutor$Worker.run(ThreadPoolExecutor.java:642)
	at java.base/java.lang.Thread.run(Thread.java:1583)
Caused by: com.alibaba.nacos.shaded.io.grpc.StatusRuntimeException: UNAVAILABLE: io exception
	at com.alibaba.nacos.shaded.io.grpc.Status.asRuntimeException(Status.java:537)
	at com.alibaba.nacos.shaded.io.grpc.stub.ClientCalls$UnaryStreamToFuture.onClose(ClientCalls.java:548)
	at com.alibaba.nacos.shaded.io.grpc.internal.DelayedClientCall$DelayedListener$3.run(DelayedClientCall.java:489)
	at com.alibaba.nacos.shaded.io.grpc.internal.DelayedClientCall$DelayedListener.delayOrExecute(DelayedClientCall.java:453)
	at com.alibaba.nacos.shaded.io.grpc.internal.DelayedClientCall$DelayedListener.onClose(DelayedClientCall.java:486)
	at com.alibaba.nacos.shaded.io.grpc.internal.ClientCallImpl.closeObserver(ClientCallImpl.java:567)
	at com.alibaba.nacos.shaded.io.grpc.internal.ClientCallImpl.access$300(ClientCallImpl.java:71)
	at com.alibaba.nacos.shaded.io.grpc.internal.ClientCallImpl$ClientStreamListenerImpl$1StreamClosed.runInternal(ClientCallImpl.java:735)
	at com.alibaba.nacos.shaded.io.grpc.internal.ClientCallImpl$ClientStreamListenerImpl$1StreamClosed.runInContext(ClientCallImpl.java:716)
	at com.alibaba.nacos.shaded.io.grpc.internal.ContextRunnable.run(ContextRunnable.java:37)
	at com.alibaba.nacos.shaded.io.grpc.internal.SerializingExecutor.run(SerializingExecutor.java:133)
	... 3 common frames omitted
Caused by: com.alibaba.nacos.shaded.io.grpc.netty.shaded.io.netty.channel.AbstractChannel$AnnotatedConnectException: Connection refused: getsockopt: /127.0.0.1:9848
Caused by: java.net.ConnectException: Connection refused: getsockopt
	at java.base/sun.nio.ch.Net.pollConnect(Native Method)
	at java.base/sun.nio.ch.Net.pollConnectNow(Net.java:690)
	at java.base/sun.nio.ch.SocketChannelImpl.finishConnect(SocketChannelImpl.java:973)
	at com.alibaba.nacos.shaded.io.grpc.netty.shaded.io.netty.channel.socket.nio.NioSocketChannel.doFinishConnect(NioSocketChannel.java:337)
	at com.alibaba.nacos.shaded.io.grpc.netty.shaded.io.netty.channel.nio.AbstractNioChannel$AbstractNioUnsafe.finishConnect(AbstractNioChannel.java:334)
	at com.alibaba.nacos.shaded.io.grpc.netty.shaded.io.netty.channel.nio.NioEventLoop.processSelectedKey(NioEventLoop.java:776)
	at com.alibaba.nacos.shaded.io.grpc.netty.shaded.io.netty.channel.nio.NioEventLoop.processSelectedKeysOptimized(NioEventLoop.java:724)
	at com.alibaba.nacos.shaded.io.grpc.netty.shaded.io.netty.channel.nio.NioEventLoop.processSelectedKeys(NioEventLoop.java:650)
	at com.alibaba.nacos.shaded.io.grpc.netty.shaded.io.netty.channel.nio.NioEventLoop.run(NioEventLoop.java:562)
	at com.alibaba.nacos.shaded.io.grpc.netty.shaded.io.netty.util.concurrent.SingleThreadEventExecutor$4.run(SingleThreadEventExecutor.java:997)
	at com.alibaba.nacos.shaded.io.grpc.netty.shaded.io.netty.util.internal.ThreadExecutorMap$2.run(ThreadExecutorMap.java:74)
	at com.alibaba.nacos.shaded.io.grpc.netty.shaded.io.netty.util.concurrent.FastThreadLocalRunnable.run(FastThreadLocalRunnable.java:30)
	at java.base/java.lang.Thread.run(Thread.java:1583)
2026-07-14 03:58:47.333 INFO  [wc-user] [traceId=none] [com.alibaba.nacos.client.remote.worker.1] c.alibaba.nacos.common.remote.client - [d194ed6e-d24e-4c53-be44-e9209553a88a] Fail to connect server, after trying 74 times, last try server is {serverIp = '127.0.0.1', server main port = 8848}, error = unknown
2026-07-14 03:58:52.346 INFO  [wc-user] [traceId=none] [com.alibaba.nacos.client.remote.worker.1] c.a.n.c.r.client.grpc.GrpcClient - grpc client connection server:127.0.0.1 ip,serverPort:9848,grpcTslConfig:{"sslProvider":"","enableTls":false,"mutualAuthEnable":false,"trustAll":false}
2026-07-14 03:58:52.349 ERROR [wc-user] [traceId=none] [com.alibaba.nacos.client.remote.worker.1] c.a.n.c.r.client.grpc.GrpcClient - Server check fail, please check server 127.0.0.1 ,port 9848 is available , error ={}
java.util.concurrent.ExecutionException: com.alibaba.nacos.shaded.io.grpc.StatusRuntimeException: UNAVAILABLE: io exception
	at com.alibaba.nacos.shaded.com.google.common.util.concurrent.AbstractFuture.getDoneValue(AbstractFuture.java:592)
	at com.alibaba.nacos.shaded.com.google.common.util.concurrent.AbstractFuture.get(AbstractFuture.java:467)
	at com.alibaba.nacos.common.remote.client.grpc.GrpcClient.serverCheck(GrpcClient.java:243)
	at com.alibaba.nacos.common.remote.client.grpc.GrpcClient.connectToServer(GrpcClient.java:367)
	at com.alibaba.nacos.common.remote.client.RpcClient.reconnect(RpcClient.java:502)
	at com.alibaba.nacos.common.remote.client.RpcClient.lambda$start$1(RpcClient.java:329)
	at java.base/java.util.concurrent.Executors$RunnableAdapter.call(Executors.java:572)
	at java.base/java.util.concurrent.FutureTask.run(FutureTask.java:317)
	at java.base/java.util.concurrent.ScheduledThreadPoolExecutor$ScheduledFutureTask.run(ScheduledThreadPoolExecutor.java:304)
	at java.base/java.util.concurrent.ThreadPoolExecutor.runWorker(ThreadPoolExecutor.java:1144)
	at java.base/java.util.concurrent.ThreadPoolExecutor$Worker.run(ThreadPoolExecutor.java:642)
	at java.base/java.lang.Thread.run(Thread.java:1583)
Caused by: com.alibaba.nacos.shaded.io.grpc.StatusRuntimeException: UNAVAILABLE: io exception
	at com.alibaba.nacos.shaded.io.grpc.Status.asRuntimeException(Status.java:537)
	at com.alibaba.nacos.shaded.io.grpc.stub.ClientCalls$UnaryStreamToFuture.onClose(ClientCalls.java:548)
	at com.alibaba.nacos.shaded.io.grpc.internal.DelayedClientCall$DelayedListener$3.run(DelayedClientCall.java:489)
	at com.alibaba.nacos.shaded.io.grpc.internal.DelayedClientCall$DelayedListener.delayOrExecute(DelayedClientCall.java:453)
	at com.alibaba.nacos.shaded.io.grpc.internal.DelayedClientCall$DelayedListener.onClose(DelayedClientCall.java:486)
	at com.alibaba.nacos.shaded.io.grpc.internal.ClientCallImpl.closeObserver(ClientCallImpl.java:567)
	at com.alibaba.nacos.shaded.io.grpc.internal.ClientCallImpl.access$300(ClientCallImpl.java:71)
	at com.alibaba.nacos.shaded.io.grpc.internal.ClientCallImpl$ClientStreamListenerImpl$1StreamClosed.runInternal(ClientCallImpl.java:735)
	at com.alibaba.nacos.shaded.io.grpc.internal.ClientCallImpl$ClientStreamListenerImpl$1StreamClosed.runInContext(ClientCallImpl.java:716)
	at com.alibaba.nacos.shaded.io.grpc.internal.ContextRunnable.run(ContextRunnable.java:37)
	at com.alibaba.nacos.shaded.io.grpc.internal.SerializingExecutor.run(SerializingExecutor.java:133)
	... 3 common frames omitted
Caused by: com.alibaba.nacos.shaded.io.grpc.netty.shaded.io.netty.channel.AbstractChannel$AnnotatedConnectException: Connection refused: getsockopt: /127.0.0.1:9848
Caused by: java.net.ConnectException: Connection refused: getsockopt
	at java.base/sun.nio.ch.Net.pollConnect(Native Method)
	at java.base/sun.nio.ch.Net.pollConnectNow(Net.java:690)
	at java.base/sun.nio.ch.SocketChannelImpl.finishConnect(SocketChannelImpl.java:973)
	at com.alibaba.nacos.shaded.io.grpc.netty.shaded.io.netty.channel.socket.nio.NioSocketChannel.doFinishConnect(NioSocketChannel.java:337)
	at com.alibaba.nacos.shaded.io.grpc.netty.shaded.io.netty.channel.nio.AbstractNioChannel$AbstractNioUnsafe.finishConnect(AbstractNioChannel.java:334)
	at com.alibaba.nacos.shaded.io.grpc.netty.shaded.io.netty.channel.nio.NioEventLoop.processSelectedKey(NioEventLoop.java:776)
	at com.alibaba.nacos.shaded.io.grpc.netty.shaded.io.netty.channel.nio.NioEventLoop.processSelectedKeysOptimized(NioEventLoop.java:724)
	at com.alibaba.nacos.shaded.io.grpc.netty.shaded.io.netty.channel.nio.NioEventLoop.processSelectedKeys(NioEventLoop.java:650)
	at com.alibaba.nacos.shaded.io.grpc.netty.shaded.io.netty.channel.nio.NioEventLoop.run(NioEventLoop.java:562)
	at com.alibaba.nacos.shaded.io.grpc.netty.shaded.io.netty.util.concurrent.SingleThreadEventExecutor$4.run(SingleThreadEventExecutor.java:997)
	at com.alibaba.nacos.shaded.io.grpc.netty.shaded.io.netty.util.internal.ThreadExecutorMap$2.run(ThreadExecutorMap.java:74)
	at com.alibaba.nacos.shaded.io.grpc.netty.shaded.io.netty.util.concurrent.FastThreadLocalRunnable.run(FastThreadLocalRunnable.java:30)
	at java.base/java.lang.Thread.run(Thread.java:1583)
2026-07-14 03:58:52.350 INFO  [wc-user] [traceId=none] [com.alibaba.nacos.client.remote.worker.1] c.alibaba.nacos.common.remote.client - [d194ed6e-d24e-4c53-be44-e9209553a88a] Fail to connect server, after trying 75 times, last try server is {serverIp = '127.0.0.1', server main port = 8848}, error = unknown
2026-07-14 03:58:57.357 INFO  [wc-user] [traceId=none] [com.alibaba.nacos.client.remote.worker.1] c.a.n.c.r.client.grpc.GrpcClient - grpc client connection server:127.0.0.1 ip,serverPort:9848,grpcTslConfig:{"sslProvider":"","enableTls":false,"mutualAuthEnable":false,"trustAll":false}
2026-07-14 03:58:57.357 ERROR [wc-user] [traceId=none] [com.alibaba.nacos.client.remote.worker.1] c.a.n.c.r.client.grpc.GrpcClient - Server check fail, please check server 127.0.0.1 ,port 9848 is available , error ={}
java.util.concurrent.ExecutionException: com.alibaba.nacos.shaded.io.grpc.StatusRuntimeException: UNAVAILABLE: io exception
	at com.alibaba.nacos.shaded.com.google.common.util.concurrent.AbstractFuture.getDoneValue(AbstractFuture.java:592)
	at com.alibaba.nacos.shaded.com.google.common.util.concurrent.AbstractFuture.get(AbstractFuture.java:467)
	at com.alibaba.nacos.common.remote.client.grpc.GrpcClient.serverCheck(GrpcClient.java:243)
	at com.alibaba.nacos.common.remote.client.grpc.GrpcClient.connectToServer(GrpcClient.java:367)
	at com.alibaba.nacos.common.remote.client.RpcClient.reconnect(RpcClient.java:502)
	at com.alibaba.nacos.common.remote.client.RpcClient.lambda$start$1(RpcClient.java:329)
	at java.base/java.util.concurrent.Executors$RunnableAdapter.call(Executors.java:572)
	at java.base/java.util.concurrent.FutureTask.run(FutureTask.java:317)
	at java.base/java.util.concurrent.ScheduledThreadPoolExecutor$ScheduledFutureTask.run(ScheduledThreadPoolExecutor.java:304)
	at java.base/java.util.concurrent.ThreadPoolExecutor.runWorker(ThreadPoolExecutor.java:1144)
	at java.base/java.util.concurrent.ThreadPoolExecutor$Worker.run(ThreadPoolExecutor.java:642)
	at java.base/java.lang.Thread.run(Thread.java:1583)
Caused by: com.alibaba.nacos.shaded.io.grpc.StatusRuntimeException: UNAVAILABLE: io exception
	at com.alibaba.nacos.shaded.io.grpc.Status.asRuntimeException(Status.java:537)
	at com.alibaba.nacos.shaded.io.grpc.stub.ClientCalls$UnaryStreamToFuture.onClose(ClientCalls.java:548)
	at com.alibaba.nacos.shaded.io.grpc.internal.DelayedClientCall$DelayedListener$3.run(DelayedClientCall.java:489)
	at com.alibaba.nacos.shaded.io.grpc.internal.DelayedClientCall$DelayedListener.delayOrExecute(DelayedClientCall.java:453)
	at com.alibaba.nacos.shaded.io.grpc.internal.DelayedClientCall$DelayedListener.onClose(DelayedClientCall.java:486)
	at com.alibaba.nacos.shaded.io.grpc.internal.ClientCallImpl.closeObserver(ClientCallImpl.java:567)
	at com.alibaba.nacos.shaded.io.grpc.internal.ClientCallImpl.access$300(ClientCallImpl.java:71)
	at com.alibaba.nacos.shaded.io.grpc.internal.ClientCallImpl$ClientStreamListenerImpl$1StreamClosed.runInternal(ClientCallImpl.java:735)
	at com.alibaba.nacos.shaded.io.grpc.internal.ClientCallImpl$ClientStreamListenerImpl$1StreamClosed.runInContext(ClientCallImpl.java:716)
	at com.alibaba.nacos.shaded.io.grpc.internal.ContextRunnable.run(ContextRunnable.java:37)
	at com.alibaba.nacos.shaded.io.grpc.internal.SerializingExecutor.run(SerializingExecutor.java:133)
	... 3 common frames omitted
Caused by: com.alibaba.nacos.shaded.io.grpc.netty.shaded.io.netty.channel.AbstractChannel$AnnotatedConnectException: Connection refused: getsockopt: /127.0.0.1:9848
Caused by: java.net.ConnectException: Connection refused: getsockopt
	at java.base/sun.nio.ch.Net.pollConnect(Native Method)
	at java.base/sun.nio.ch.Net.pollConnectNow(Net.java:690)
	at java.base/sun.nio.ch.SocketChannelImpl.finishConnect(SocketChannelImpl.java:973)
	at com.alibaba.nacos.shaded.io.grpc.netty.shaded.io.netty.channel.socket.nio.NioSocketChannel.doFinishConnect(NioSocketChannel.java:337)
	at com.alibaba.nacos.shaded.io.grpc.netty.shaded.io.netty.channel.nio.AbstractNioChannel$AbstractNioUnsafe.finishConnect(AbstractNioChannel.java:334)
	at com.alibaba.nacos.shaded.io.grpc.netty.shaded.io.netty.channel.nio.NioEventLoop.processSelectedKey(NioEventLoop.java:776)
	at com.alibaba.nacos.shaded.io.grpc.netty.shaded.io.netty.channel.nio.NioEventLoop.processSelectedKeysOptimized(NioEventLoop.java:724)
	at com.alibaba.nacos.shaded.io.grpc.netty.shaded.io.netty.channel.nio.NioEventLoop.processSelectedKeys(NioEventLoop.java:650)
	at com.alibaba.nacos.shaded.io.grpc.netty.shaded.io.netty.channel.nio.NioEventLoop.run(NioEventLoop.java:562)
	at com.alibaba.nacos.shaded.io.grpc.netty.shaded.io.netty.util.concurrent.SingleThreadEventExecutor$4.run(SingleThreadEventExecutor.java:997)
	at com.alibaba.nacos.shaded.io.grpc.netty.shaded.io.netty.util.internal.ThreadExecutorMap$2.run(ThreadExecutorMap.java:74)
	at com.alibaba.nacos.shaded.io.grpc.netty.shaded.io.netty.util.concurrent.FastThreadLocalRunnable.run(FastThreadLocalRunnable.java:30)
	at java.base/java.lang.Thread.run(Thread.java:1583)
2026-07-14 03:58:57.361 INFO  [wc-user] [traceId=none] [com.alibaba.nacos.client.remote.worker.1] c.alibaba.nacos.common.remote.client - [d194ed6e-d24e-4c53-be44-e9209553a88a] Fail to connect server, after trying 76 times, last try server is {serverIp = '127.0.0.1', server main port = 8848}, error = unknown
2026-07-14 03:59:02.368 INFO  [wc-user] [traceId=none] [com.alibaba.nacos.client.remote.worker.1] c.a.n.c.r.client.grpc.GrpcClient - grpc client connection server:127.0.0.1 ip,serverPort:9848,grpcTslConfig:{"sslProvider":"","enableTls":false,"mutualAuthEnable":false,"trustAll":false}
2026-07-14 03:59:02.371 ERROR [wc-user] [traceId=none] [com.alibaba.nacos.client.remote.worker.1] c.a.n.c.r.client.grpc.GrpcClient - Server check fail, please check server 127.0.0.1 ,port 9848 is available , error ={}
java.util.concurrent.ExecutionException: com.alibaba.nacos.shaded.io.grpc.StatusRuntimeException: UNAVAILABLE: io exception
	at com.alibaba.nacos.shaded.com.google.common.util.concurrent.AbstractFuture.getDoneValue(AbstractFuture.java:592)
	at com.alibaba.nacos.shaded.com.google.common.util.concurrent.AbstractFuture.get(AbstractFuture.java:467)
	at com.alibaba.nacos.common.remote.client.grpc.GrpcClient.serverCheck(GrpcClient.java:243)
	at com.alibaba.nacos.common.remote.client.grpc.GrpcClient.connectToServer(GrpcClient.java:367)
	at com.alibaba.nacos.common.remote.client.RpcClient.reconnect(RpcClient.java:502)
	at com.alibaba.nacos.common.remote.client.RpcClient.lambda$start$1(RpcClient.java:329)
	at java.base/java.util.concurrent.Executors$RunnableAdapter.call(Executors.java:572)
	at java.base/java.util.concurrent.FutureTask.run(FutureTask.java:317)
	at java.base/java.util.concurrent.ScheduledThreadPoolExecutor$ScheduledFutureTask.run(ScheduledThreadPoolExecutor.java:304)
	at java.base/java.util.concurrent.ThreadPoolExecutor.runWorker(ThreadPoolExecutor.java:1144)
	at java.base/java.util.concurrent.ThreadPoolExecutor$Worker.run(ThreadPoolExecutor.java:642)
	at java.base/java.lang.Thread.run(Thread.java:1583)
Caused by: com.alibaba.nacos.shaded.io.grpc.StatusRuntimeException: UNAVAILABLE: io exception
	at com.alibaba.nacos.shaded.io.grpc.Status.asRuntimeException(Status.java:537)
	at com.alibaba.nacos.shaded.io.grpc.stub.ClientCalls$UnaryStreamToFuture.onClose(ClientCalls.java:548)
	at com.alibaba.nacos.shaded.io.grpc.internal.DelayedClientCall$DelayedListener$3.run(DelayedClientCall.java:489)
	at com.alibaba.nacos.shaded.io.grpc.internal.DelayedClientCall$DelayedListener.delayOrExecute(DelayedClientCall.java:453)
	at com.alibaba.nacos.shaded.io.grpc.internal.DelayedClientCall$DelayedListener.onClose(DelayedClientCall.java:486)
	at com.alibaba.nacos.shaded.io.grpc.internal.ClientCallImpl.closeObserver(ClientCallImpl.java:567)
	at com.alibaba.nacos.shaded.io.grpc.internal.ClientCallImpl.access$300(ClientCallImpl.java:71)
	at com.alibaba.nacos.shaded.io.grpc.internal.ClientCallImpl$ClientStreamListenerImpl$1StreamClosed.runInternal(ClientCallImpl.java:735)
	at com.alibaba.nacos.shaded.io.grpc.internal.ClientCallImpl$ClientStreamListenerImpl$1StreamClosed.runInContext(ClientCallImpl.java:716)
	at com.alibaba.nacos.shaded.io.grpc.internal.ContextRunnable.run(ContextRunnable.java:37)
	at com.alibaba.nacos.shaded.io.grpc.internal.SerializingExecutor.run(SerializingExecutor.java:133)
	... 3 common frames omitted
Caused by: com.alibaba.nacos.shaded.io.grpc.netty.shaded.io.netty.channel.AbstractChannel$AnnotatedConnectException: Connection refused: getsockopt: /127.0.0.1:9848
Caused by: java.net.ConnectException: Connection refused: getsockopt
	at java.base/sun.nio.ch.Net.pollConnect(Native Method)
	at java.base/sun.nio.ch.Net.pollConnectNow(Net.java:690)
	at java.base/sun.nio.ch.SocketChannelImpl.finishConnect(SocketChannelImpl.java:973)
	at com.alibaba.nacos.shaded.io.grpc.netty.shaded.io.netty.channel.socket.nio.NioSocketChannel.doFinishConnect(NioSocketChannel.java:337)
	at com.alibaba.nacos.shaded.io.grpc.netty.shaded.io.netty.channel.nio.AbstractNioChannel$AbstractNioUnsafe.finishConnect(AbstractNioChannel.java:334)
	at com.alibaba.nacos.shaded.io.grpc.netty.shaded.io.netty.channel.nio.NioEventLoop.processSelectedKey(NioEventLoop.java:776)
	at com.alibaba.nacos.shaded.io.grpc.netty.shaded.io.netty.channel.nio.NioEventLoop.processSelectedKeysOptimized(NioEventLoop.java:724)
	at com.alibaba.nacos.shaded.io.grpc.netty.shaded.io.netty.channel.nio.NioEventLoop.processSelectedKeys(NioEventLoop.java:650)
	at com.alibaba.nacos.shaded.io.grpc.netty.shaded.io.netty.channel.nio.NioEventLoop.run(NioEventLoop.java:562)
	at com.alibaba.nacos.shaded.io.grpc.netty.shaded.io.netty.util.concurrent.SingleThreadEventExecutor$4.run(SingleThreadEventExecutor.java:997)
	at com.alibaba.nacos.shaded.io.grpc.netty.shaded.io.netty.util.internal.ThreadExecutorMap$2.run(ThreadExecutorMap.java:74)
	at com.alibaba.nacos.shaded.io.grpc.netty.shaded.io.netty.util.concurrent.FastThreadLocalRunnable.run(FastThreadLocalRunnable.java:30)
	at java.base/java.lang.Thread.run(Thread.java:1583)
2026-07-14 03:59:02.373 INFO  [wc-user] [traceId=none] [com.alibaba.nacos.client.remote.worker.1] c.alibaba.nacos.common.remote.client - [d194ed6e-d24e-4c53-be44-e9209553a88a] Fail to connect server, after trying 77 times, last try server is {serverIp = '127.0.0.1', server main port = 8848}, error = unknown
2026-07-14 03:59:07.385 INFO  [wc-user] [traceId=none] [com.alibaba.nacos.client.remote.worker.1] c.a.n.c.r.client.grpc.GrpcClient - grpc client connection server:127.0.0.1 ip,serverPort:9848,grpcTslConfig:{"sslProvider":"","enableTls":false,"mutualAuthEnable":false,"trustAll":false}
2026-07-14 03:59:07.389 ERROR [wc-user] [traceId=none] [com.alibaba.nacos.client.remote.worker.1] c.a.n.c.r.client.grpc.GrpcClient - Server check fail, please check server 127.0.0.1 ,port 9848 is available , error ={}
java.util.concurrent.ExecutionException: com.alibaba.nacos.shaded.io.grpc.StatusRuntimeException: UNAVAILABLE: io exception
	at com.alibaba.nacos.shaded.com.google.common.util.concurrent.AbstractFuture.getDoneValue(AbstractFuture.java:592)
	at com.alibaba.nacos.shaded.com.google.common.util.concurrent.AbstractFuture.get(AbstractFuture.java:467)
	at com.alibaba.nacos.common.remote.client.grpc.GrpcClient.serverCheck(GrpcClient.java:243)
	at com.alibaba.nacos.common.remote.client.grpc.GrpcClient.connectToServer(GrpcClient.java:367)
	at com.alibaba.nacos.common.remote.client.RpcClient.reconnect(RpcClient.java:502)
	at com.alibaba.nacos.common.remote.client.RpcClient.lambda$start$1(RpcClient.java:329)
	at java.base/java.util.concurrent.Executors$RunnableAdapter.call(Executors.java:572)
	at java.base/java.util.concurrent.FutureTask.run(FutureTask.java:317)
	at java.base/java.util.concurrent.ScheduledThreadPoolExecutor$ScheduledFutureTask.run(ScheduledThreadPoolExecutor.java:304)
	at java.base/java.util.concurrent.ThreadPoolExecutor.runWorker(ThreadPoolExecutor.java:1144)
	at java.base/java.util.concurrent.ThreadPoolExecutor$Worker.run(ThreadPoolExecutor.java:642)
	at java.base/java.lang.Thread.run(Thread.java:1583)
Caused by: com.alibaba.nacos.shaded.io.grpc.StatusRuntimeException: UNAVAILABLE: io exception
	at com.alibaba.nacos.shaded.io.grpc.Status.asRuntimeException(Status.java:537)
	at com.alibaba.nacos.shaded.io.grpc.stub.ClientCalls$UnaryStreamToFuture.onClose(ClientCalls.java:548)
	at com.alibaba.nacos.shaded.io.grpc.internal.DelayedClientCall$DelayedListener$3.run(DelayedClientCall.java:489)
	at com.alibaba.nacos.shaded.io.grpc.internal.DelayedClientCall$DelayedListener.delayOrExecute(DelayedClientCall.java:453)
	at com.alibaba.nacos.shaded.io.grpc.internal.DelayedClientCall$DelayedListener.onClose(DelayedClientCall.java:486)
	at com.alibaba.nacos.shaded.io.grpc.internal.ClientCallImpl.closeObserver(ClientCallImpl.java:567)
	at com.alibaba.nacos.shaded.io.grpc.internal.ClientCallImpl.access$300(ClientCallImpl.java:71)
	at com.alibaba.nacos.shaded.io.grpc.internal.ClientCallImpl$ClientStreamListenerImpl$1StreamClosed.runInternal(ClientCallImpl.java:735)
	at com.alibaba.nacos.shaded.io.grpc.internal.ClientCallImpl$ClientStreamListenerImpl$1StreamClosed.runInContext(ClientCallImpl.java:716)
	at com.alibaba.nacos.shaded.io.grpc.internal.ContextRunnable.run(ContextRunnable.java:37)
	at com.alibaba.nacos.shaded.io.grpc.internal.SerializingExecutor.run(SerializingExecutor.java:133)
	... 3 common frames omitted
Caused by: com.alibaba.nacos.shaded.io.grpc.netty.shaded.io.netty.channel.AbstractChannel$AnnotatedConnectException: Connection refused: getsockopt: /127.0.0.1:9848
Caused by: java.net.ConnectException: Connection refused: getsockopt
	at java.base/sun.nio.ch.Net.pollConnect(Native Method)
	at java.base/sun.nio.ch.Net.pollConnectNow(Net.java:690)
	at java.base/sun.nio.ch.SocketChannelImpl.finishConnect(SocketChannelImpl.java:973)
	at com.alibaba.nacos.shaded.io.grpc.netty.shaded.io.netty.channel.socket.nio.NioSocketChannel.doFinishConnect(NioSocketChannel.java:337)
	at com.alibaba.nacos.shaded.io.grpc.netty.shaded.io.netty.channel.nio.AbstractNioChannel$AbstractNioUnsafe.finishConnect(AbstractNioChannel.java:334)
	at com.alibaba.nacos.shaded.io.grpc.netty.shaded.io.netty.channel.nio.NioEventLoop.processSelectedKey(NioEventLoop.java:776)
	at com.alibaba.nacos.shaded.io.grpc.netty.shaded.io.netty.channel.nio.NioEventLoop.processSelectedKeysOptimized(NioEventLoop.java:724)
	at com.alibaba.nacos.shaded.io.grpc.netty.shaded.io.netty.channel.nio.NioEventLoop.processSelectedKeys(NioEventLoop.java:650)
	at com.alibaba.nacos.shaded.io.grpc.netty.shaded.io.netty.channel.nio.NioEventLoop.run(NioEventLoop.java:562)
	at com.alibaba.nacos.shaded.io.grpc.netty.shaded.io.netty.util.concurrent.SingleThreadEventExecutor$4.run(SingleThreadEventExecutor.java:997)
	at com.alibaba.nacos.shaded.io.grpc.netty.shaded.io.netty.util.internal.ThreadExecutorMap$2.run(ThreadExecutorMap.java:74)
	at com.alibaba.nacos.shaded.io.grpc.netty.shaded.io.netty.util.concurrent.FastThreadLocalRunnable.run(FastThreadLocalRunnable.java:30)
	at java.base/java.lang.Thread.run(Thread.java:1583)
2026-07-14 03:59:07.389 INFO  [wc-user] [traceId=none] [com.alibaba.nacos.client.remote.worker.1] c.alibaba.nacos.common.remote.client - [d194ed6e-d24e-4c53-be44-e9209553a88a] Fail to connect server, after trying 78 times, last try server is {serverIp = '127.0.0.1', server main port = 8848}, error = unknown
2026-07-14 03:59:12.393 INFO  [wc-user] [traceId=none] [com.alibaba.nacos.client.remote.worker.1] c.a.n.c.r.client.grpc.GrpcClient - grpc client connection server:127.0.0.1 ip,serverPort:9848,grpcTslConfig:{"sslProvider":"","enableTls":false,"mutualAuthEnable":false,"trustAll":false}
2026-07-14 03:59:12.397 ERROR [wc-user] [traceId=none] [com.alibaba.nacos.client.remote.worker.1] c.a.n.c.r.client.grpc.GrpcClient - Server check fail, please check server 127.0.0.1 ,port 9848 is available , error ={}
java.util.concurrent.ExecutionException: com.alibaba.nacos.shaded.io.grpc.StatusRuntimeException: UNAVAILABLE: io exception
	at com.alibaba.nacos.shaded.com.google.common.util.concurrent.AbstractFuture.getDoneValue(AbstractFuture.java:592)
	at com.alibaba.nacos.shaded.com.google.common.util.concurrent.AbstractFuture.get(AbstractFuture.java:467)
	at com.alibaba.nacos.common.remote.client.grpc.GrpcClient.serverCheck(GrpcClient.java:243)
	at com.alibaba.nacos.common.remote.client.grpc.GrpcClient.connectToServer(GrpcClient.java:367)
	at com.alibaba.nacos.common.remote.client.RpcClient.reconnect(RpcClient.java:502)
	at com.alibaba.nacos.common.remote.client.RpcClient.lambda$start$1(RpcClient.java:329)
	at java.base/java.util.concurrent.Executors$RunnableAdapter.call(Executors.java:572)
	at java.base/java.util.concurrent.FutureTask.run(FutureTask.java:317)
	at java.base/java.util.concurrent.ScheduledThreadPoolExecutor$ScheduledFutureTask.run(ScheduledThreadPoolExecutor.java:304)
	at java.base/java.util.concurrent.ThreadPoolExecutor.runWorker(ThreadPoolExecutor.java:1144)
	at java.base/java.util.concurrent.ThreadPoolExecutor$Worker.run(ThreadPoolExecutor.java:642)
	at java.base/java.lang.Thread.run(Thread.java:1583)
Caused by: com.alibaba.nacos.shaded.io.grpc.StatusRuntimeException: UNAVAILABLE: io exception
	at com.alibaba.nacos.shaded.io.grpc.Status.asRuntimeException(Status.java:537)
	at com.alibaba.nacos.shaded.io.grpc.stub.ClientCalls$UnaryStreamToFuture.onClose(ClientCalls.java:548)
	at com.alibaba.nacos.shaded.io.grpc.internal.DelayedClientCall$DelayedListener$3.run(DelayedClientCall.java:489)
	at com.alibaba.nacos.shaded.io.grpc.internal.DelayedClientCall$DelayedListener.delayOrExecute(DelayedClientCall.java:453)
	at com.alibaba.nacos.shaded.io.grpc.internal.DelayedClientCall$DelayedListener.onClose(DelayedClientCall.java:486)
	at com.alibaba.nacos.shaded.io.grpc.internal.ClientCallImpl.closeObserver(ClientCallImpl.java:567)
	at com.alibaba.nacos.shaded.io.grpc.internal.ClientCallImpl.access$300(ClientCallImpl.java:71)
	at com.alibaba.nacos.shaded.io.grpc.internal.ClientCallImpl$ClientStreamListenerImpl$1StreamClosed.runInternal(ClientCallImpl.java:735)
	at com.alibaba.nacos.shaded.io.grpc.internal.ClientCallImpl$ClientStreamListenerImpl$1StreamClosed.runInContext(ClientCallImpl.java:716)
	at com.alibaba.nacos.shaded.io.grpc.internal.ContextRunnable.run(ContextRunnable.java:37)
	at com.alibaba.nacos.shaded.io.grpc.internal.SerializingExecutor.run(SerializingExecutor.java:133)
	... 3 common frames omitted
Caused by: com.alibaba.nacos.shaded.io.grpc.netty.shaded.io.netty.channel.AbstractChannel$AnnotatedConnectException: Connection refused: getsockopt: /127.0.0.1:9848
Caused by: java.net.ConnectException: Connection refused: getsockopt
	at java.base/sun.nio.ch.Net.pollConnect(Native Method)
	at java.base/sun.nio.ch.Net.pollConnectNow(Net.java:690)
	at java.base/sun.nio.ch.SocketChannelImpl.finishConnect(SocketChannelImpl.java:973)
	at com.alibaba.nacos.shaded.io.grpc.netty.shaded.io.netty.channel.socket.nio.NioSocketChannel.doFinishConnect(NioSocketChannel.java:337)
	at com.alibaba.nacos.shaded.io.grpc.netty.shaded.io.netty.channel.nio.AbstractNioChannel$AbstractNioUnsafe.finishConnect(AbstractNioChannel.java:334)
	at com.alibaba.nacos.shaded.io.grpc.netty.shaded.io.netty.channel.nio.NioEventLoop.processSelectedKey(NioEventLoop.java:776)
	at com.alibaba.nacos.shaded.io.grpc.netty.shaded.io.netty.channel.nio.NioEventLoop.processSelectedKeysOptimized(NioEventLoop.java:724)
	at com.alibaba.nacos.shaded.io.grpc.netty.shaded.io.netty.channel.nio.NioEventLoop.processSelectedKeys(NioEventLoop.java:650)
	at com.alibaba.nacos.shaded.io.grpc.netty.shaded.io.netty.channel.nio.NioEventLoop.run(NioEventLoop.java:562)
	at com.alibaba.nacos.shaded.io.grpc.netty.shaded.io.netty.util.concurrent.SingleThreadEventExecutor$4.run(SingleThreadEventExecutor.java:997)
	at com.alibaba.nacos.shaded.io.grpc.netty.shaded.io.netty.util.internal.ThreadExecutorMap$2.run(ThreadExecutorMap.java:74)
	at com.alibaba.nacos.shaded.io.grpc.netty.shaded.io.netty.util.concurrent.FastThreadLocalRunnable.run(FastThreadLocalRunnable.java:30)
	at java.base/java.lang.Thread.run(Thread.java:1583)
2026-07-14 03:59:12.397 INFO  [wc-user] [traceId=none] [com.alibaba.nacos.client.remote.worker.1] c.alibaba.nacos.common.remote.client - [d194ed6e-d24e-4c53-be44-e9209553a88a] Fail to connect server, after trying 79 times, last try server is {serverIp = '127.0.0.1', server main port = 8848}, error = unknown
2026-07-14 03:59:17.400 INFO  [wc-user] [traceId=none] [com.alibaba.nacos.client.remote.worker.1] c.a.n.c.r.client.grpc.GrpcClient - grpc client connection server:127.0.0.1 ip,serverPort:9848,grpcTslConfig:{"sslProvider":"","enableTls":false,"mutualAuthEnable":false,"trustAll":false}
2026-07-14 03:59:17.403 ERROR [wc-user] [traceId=none] [com.alibaba.nacos.client.remote.worker.1] c.a.n.c.r.client.grpc.GrpcClient - Server check fail, please check server 127.0.0.1 ,port 9848 is available , error ={}
java.util.concurrent.ExecutionException: com.alibaba.nacos.shaded.io.grpc.StatusRuntimeException: UNAVAILABLE: io exception
	at com.alibaba.nacos.shaded.com.google.common.util.concurrent.AbstractFuture.getDoneValue(AbstractFuture.java:592)
	at com.alibaba.nacos.shaded.com.google.common.util.concurrent.AbstractFuture.get(AbstractFuture.java:467)
	at com.alibaba.nacos.common.remote.client.grpc.GrpcClient.serverCheck(GrpcClient.java:243)
	at com.alibaba.nacos.common.remote.client.grpc.GrpcClient.connectToServer(GrpcClient.java:367)
	at com.alibaba.nacos.common.remote.client.RpcClient.reconnect(RpcClient.java:502)
	at com.alibaba.nacos.common.remote.client.RpcClient.lambda$start$1(RpcClient.java:329)
	at java.base/java.util.concurrent.Executors$RunnableAdapter.call(Executors.java:572)
	at java.base/java.util.concurrent.FutureTask.run(FutureTask.java:317)
	at java.base/java.util.concurrent.ScheduledThreadPoolExecutor$ScheduledFutureTask.run(ScheduledThreadPoolExecutor.java:304)
	at java.base/java.util.concurrent.ThreadPoolExecutor.runWorker(ThreadPoolExecutor.java:1144)
	at java.base/java.util.concurrent.ThreadPoolExecutor$Worker.run(ThreadPoolExecutor.java:642)
	at java.base/java.lang.Thread.run(Thread.java:1583)
Caused by: com.alibaba.nacos.shaded.io.grpc.StatusRuntimeException: UNAVAILABLE: io exception
	at com.alibaba.nacos.shaded.io.grpc.Status.asRuntimeException(Status.java:537)
	at com.alibaba.nacos.shaded.io.grpc.stub.ClientCalls$UnaryStreamToFuture.onClose(ClientCalls.java:548)
	at com.alibaba.nacos.shaded.io.grpc.internal.DelayedClientCall$DelayedListener$3.run(DelayedClientCall.java:489)
	at com.alibaba.nacos.shaded.io.grpc.internal.DelayedClientCall$DelayedListener.delayOrExecute(DelayedClientCall.java:453)
	at com.alibaba.nacos.shaded.io.grpc.internal.DelayedClientCall$DelayedListener.onClose(DelayedClientCall.java:486)
	at com.alibaba.nacos.shaded.io.grpc.internal.ClientCallImpl.closeObserver(ClientCallImpl.java:567)
	at com.alibaba.nacos.shaded.io.grpc.internal.ClientCallImpl.access$300(ClientCallImpl.java:71)
	at com.alibaba.nacos.shaded.io.grpc.internal.ClientCallImpl$ClientStreamListenerImpl$1StreamClosed.runInternal(ClientCallImpl.java:735)
	at com.alibaba.nacos.shaded.io.grpc.internal.ClientCallImpl$ClientStreamListenerImpl$1StreamClosed.runInContext(ClientCallImpl.java:716)
	at com.alibaba.nacos.shaded.io.grpc.internal.ContextRunnable.run(ContextRunnable.java:37)
	at com.alibaba.nacos.shaded.io.grpc.internal.SerializingExecutor.run(SerializingExecutor.java:133)
	... 3 common frames omitted
Caused by: com.alibaba.nacos.shaded.io.grpc.netty.shaded.io.netty.channel.AbstractChannel$AnnotatedConnectException: Connection refused: getsockopt: /127.0.0.1:9848
Caused by: java.net.ConnectException: Connection refused: getsockopt
	at java.base/sun.nio.ch.Net.pollConnect(Native Method)
	at java.base/sun.nio.ch.Net.pollConnectNow(Net.java:690)
	at java.base/sun.nio.ch.SocketChannelImpl.finishConnect(SocketChannelImpl.java:973)
	at com.alibaba.nacos.shaded.io.grpc.netty.shaded.io.netty.channel.socket.nio.NioSocketChannel.doFinishConnect(NioSocketChannel.java:337)
	at com.alibaba.nacos.shaded.io.grpc.netty.shaded.io.netty.channel.nio.AbstractNioChannel$AbstractNioUnsafe.finishConnect(AbstractNioChannel.java:334)
	at com.alibaba.nacos.shaded.io.grpc.netty.shaded.io.netty.channel.nio.NioEventLoop.processSelectedKey(NioEventLoop.java:776)
	at com.alibaba.nacos.shaded.io.grpc.netty.shaded.io.netty.channel.nio.NioEventLoop.processSelectedKeysOptimized(NioEventLoop.java:724)
	at com.alibaba.nacos.shaded.io.grpc.netty.shaded.io.netty.channel.nio.NioEventLoop.processSelectedKeys(NioEventLoop.java:650)
	at com.alibaba.nacos.shaded.io.grpc.netty.shaded.io.netty.channel.nio.NioEventLoop.run(NioEventLoop.java:562)
	at com.alibaba.nacos.shaded.io.grpc.netty.shaded.io.netty.util.concurrent.SingleThreadEventExecutor$4.run(SingleThreadEventExecutor.java:997)
	at com.alibaba.nacos.shaded.io.grpc.netty.shaded.io.netty.util.internal.ThreadExecutorMap$2.run(ThreadExecutorMap.java:74)
	at com.alibaba.nacos.shaded.io.grpc.netty.shaded.io.netty.util.concurrent.FastThreadLocalRunnable.run(FastThreadLocalRunnable.java:30)
	at java.base/java.lang.Thread.run(Thread.java:1583)
2026-07-14 03:59:17.403 INFO  [wc-user] [traceId=none] [com.alibaba.nacos.client.remote.worker.1] c.alibaba.nacos.common.remote.client - [d194ed6e-d24e-4c53-be44-e9209553a88a] Fail to connect server, after trying 80 times, last try server is {serverIp = '127.0.0.1', server main port = 8848}, error = unknown
2026-07-14 03:59:22.405 INFO  [wc-user] [traceId=none] [com.alibaba.nacos.client.remote.worker.1] c.a.n.c.r.client.grpc.GrpcClient - grpc client connection server:127.0.0.1 ip,serverPort:9848,grpcTslConfig:{"sslProvider":"","enableTls":false,"mutualAuthEnable":false,"trustAll":false}
2026-07-14 03:59:22.408 ERROR [wc-user] [traceId=none] [com.alibaba.nacos.client.remote.worker.1] c.a.n.c.r.client.grpc.GrpcClient - Server check fail, please check server 127.0.0.1 ,port 9848 is available , error ={}
java.util.concurrent.ExecutionException: com.alibaba.nacos.shaded.io.grpc.StatusRuntimeException: UNAVAILABLE: io exception
	at com.alibaba.nacos.shaded.com.google.common.util.concurrent.AbstractFuture.getDoneValue(AbstractFuture.java:592)
	at com.alibaba.nacos.shaded.com.google.common.util.concurrent.AbstractFuture.get(AbstractFuture.java:467)
	at com.alibaba.nacos.common.remote.client.grpc.GrpcClient.serverCheck(GrpcClient.java:243)
	at com.alibaba.nacos.common.remote.client.grpc.GrpcClient.connectToServer(GrpcClient.java:367)
	at com.alibaba.nacos.common.remote.client.RpcClient.reconnect(RpcClient.java:502)
	at com.alibaba.nacos.common.remote.client.RpcClient.lambda$start$1(RpcClient.java:329)
	at java.base/java.util.concurrent.Executors$RunnableAdapter.call(Executors.java:572)
	at java.base/java.util.concurrent.FutureTask.run(FutureTask.java:317)
	at java.base/java.util.concurrent.ScheduledThreadPoolExecutor$ScheduledFutureTask.run(ScheduledThreadPoolExecutor.java:304)
	at java.base/java.util.concurrent.ThreadPoolExecutor.runWorker(ThreadPoolExecutor.java:1144)
	at java.base/java.util.concurrent.ThreadPoolExecutor$Worker.run(ThreadPoolExecutor.java:642)
	at java.base/java.lang.Thread.run(Thread.java:1583)
Caused by: com.alibaba.nacos.shaded.io.grpc.StatusRuntimeException: UNAVAILABLE: io exception
	at com.alibaba.nacos.shaded.io.grpc.Status.asRuntimeException(Status.java:537)
	at com.alibaba.nacos.shaded.io.grpc.stub.ClientCalls$UnaryStreamToFuture.onClose(ClientCalls.java:548)
	at com.alibaba.nacos.shaded.io.grpc.internal.DelayedClientCall$DelayedListener$3.run(DelayedClientCall.java:489)
	at com.alibaba.nacos.shaded.io.grpc.internal.DelayedClientCall$DelayedListener.delayOrExecute(DelayedClientCall.java:453)
	at com.alibaba.nacos.shaded.io.grpc.internal.DelayedClientCall$DelayedListener.onClose(DelayedClientCall.java:486)
	at com.alibaba.nacos.shaded.io.grpc.internal.ClientCallImpl.closeObserver(ClientCallImpl.java:567)
	at com.alibaba.nacos.shaded.io.grpc.internal.ClientCallImpl.access$300(ClientCallImpl.java:71)
	at com.alibaba.nacos.shaded.io.grpc.internal.ClientCallImpl$ClientStreamListenerImpl$1StreamClosed.runInternal(ClientCallImpl.java:735)
	at com.alibaba.nacos.shaded.io.grpc.internal.ClientCallImpl$ClientStreamListenerImpl$1StreamClosed.runInContext(ClientCallImpl.java:716)
	at com.alibaba.nacos.shaded.io.grpc.internal.ContextRunnable.run(ContextRunnable.java:37)
	at com.alibaba.nacos.shaded.io.grpc.internal.SerializingExecutor.run(SerializingExecutor.java:133)
	... 3 common frames omitted
Caused by: com.alibaba.nacos.shaded.io.grpc.netty.shaded.io.netty.channel.AbstractChannel$AnnotatedConnectException: Connection refused: getsockopt: /127.0.0.1:9848
Caused by: java.net.ConnectException: Connection refused: getsockopt
	at java.base/sun.nio.ch.Net.pollConnect(Native Method)
	at java.base/sun.nio.ch.Net.pollConnectNow(Net.java:690)
	at java.base/sun.nio.ch.SocketChannelImpl.finishConnect(SocketChannelImpl.java:973)
	at com.alibaba.nacos.shaded.io.grpc.netty.shaded.io.netty.channel.socket.nio.NioSocketChannel.doFinishConnect(NioSocketChannel.java:337)
	at com.alibaba.nacos.shaded.io.grpc.netty.shaded.io.netty.channel.nio.AbstractNioChannel$AbstractNioUnsafe.finishConnect(AbstractNioChannel.java:334)
	at com.alibaba.nacos.shaded.io.grpc.netty.shaded.io.netty.channel.nio.NioEventLoop.processSelectedKey(NioEventLoop.java:776)
	at com.alibaba.nacos.shaded.io.grpc.netty.shaded.io.netty.channel.nio.NioEventLoop.processSelectedKeysOptimized(NioEventLoop.java:724)
	at com.alibaba.nacos.shaded.io.grpc.netty.shaded.io.netty.channel.nio.NioEventLoop.processSelectedKeys(NioEventLoop.java:650)
	at com.alibaba.nacos.shaded.io.grpc.netty.shaded.io.netty.channel.nio.NioEventLoop.run(NioEventLoop.java:562)
	at com.alibaba.nacos.shaded.io.grpc.netty.shaded.io.netty.util.concurrent.SingleThreadEventExecutor$4.run(SingleThreadEventExecutor.java:997)
	at com.alibaba.nacos.shaded.io.grpc.netty.shaded.io.netty.util.internal.ThreadExecutorMap$2.run(ThreadExecutorMap.java:74)
	at com.alibaba.nacos.shaded.io.grpc.netty.shaded.io.netty.util.concurrent.FastThreadLocalRunnable.run(FastThreadLocalRunnable.java:30)
	at java.base/java.lang.Thread.run(Thread.java:1583)
2026-07-14 03:59:22.408 INFO  [wc-user] [traceId=none] [com.alibaba.nacos.client.remote.worker.1] c.alibaba.nacos.common.remote.client - [d194ed6e-d24e-4c53-be44-e9209553a88a] Fail to connect server, after trying 81 times, last try server is {serverIp = '127.0.0.1', server main port = 8848}, error = unknown
2026-07-14 03:59:27.425 INFO  [wc-user] [traceId=none] [com.alibaba.nacos.client.remote.worker.1] c.a.n.c.r.client.grpc.GrpcClient - grpc client connection server:127.0.0.1 ip,serverPort:9848,grpcTslConfig:{"sslProvider":"","enableTls":false,"mutualAuthEnable":false,"trustAll":false}
2026-07-14 03:59:27.434 ERROR [wc-user] [traceId=none] [com.alibaba.nacos.client.remote.worker.1] c.a.n.c.r.client.grpc.GrpcClient - Server check fail, please check server 127.0.0.1 ,port 9848 is available , error ={}
java.util.concurrent.ExecutionException: com.alibaba.nacos.shaded.io.grpc.StatusRuntimeException: UNAVAILABLE: Network closed for unknown reason
	at com.alibaba.nacos.shaded.com.google.common.util.concurrent.AbstractFuture.getDoneValue(AbstractFuture.java:592)
	at com.alibaba.nacos.shaded.com.google.common.util.concurrent.AbstractFuture.get(AbstractFuture.java:467)
	at com.alibaba.nacos.common.remote.client.grpc.GrpcClient.serverCheck(GrpcClient.java:243)
	at com.alibaba.nacos.common.remote.client.grpc.GrpcClient.connectToServer(GrpcClient.java:367)
	at com.alibaba.nacos.common.remote.client.RpcClient.reconnect(RpcClient.java:502)
	at com.alibaba.nacos.common.remote.client.RpcClient.lambda$start$1(RpcClient.java:329)
	at java.base/java.util.concurrent.Executors$RunnableAdapter.call(Executors.java:572)
	at java.base/java.util.concurrent.FutureTask.run(FutureTask.java:317)
	at java.base/java.util.concurrent.ScheduledThreadPoolExecutor$ScheduledFutureTask.run(ScheduledThreadPoolExecutor.java:304)
	at java.base/java.util.concurrent.ThreadPoolExecutor.runWorker(ThreadPoolExecutor.java:1144)
	at java.base/java.util.concurrent.ThreadPoolExecutor$Worker.run(ThreadPoolExecutor.java:642)
	at java.base/java.lang.Thread.run(Thread.java:1583)
Caused by: com.alibaba.nacos.shaded.io.grpc.StatusRuntimeException: UNAVAILABLE: Network closed for unknown reason
	at com.alibaba.nacos.shaded.io.grpc.Status.asRuntimeException(Status.java:537)
	at com.alibaba.nacos.shaded.io.grpc.stub.ClientCalls$UnaryStreamToFuture.onClose(ClientCalls.java:548)
	at com.alibaba.nacos.shaded.io.grpc.internal.DelayedClientCall$DelayedListener$3.run(DelayedClientCall.java:489)
	at com.alibaba.nacos.shaded.io.grpc.internal.DelayedClientCall$DelayedListener.delayOrExecute(DelayedClientCall.java:453)
	at com.alibaba.nacos.shaded.io.grpc.internal.DelayedClientCall$DelayedListener.onClose(DelayedClientCall.java:486)
	at com.alibaba.nacos.shaded.io.grpc.internal.ClientCallImpl.closeObserver(ClientCallImpl.java:567)
	at com.alibaba.nacos.shaded.io.grpc.internal.ClientCallImpl.access$300(ClientCallImpl.java:71)
	at com.alibaba.nacos.shaded.io.grpc.internal.ClientCallImpl$ClientStreamListenerImpl$1StreamClosed.runInternal(ClientCallImpl.java:735)
	at com.alibaba.nacos.shaded.io.grpc.internal.ClientCallImpl$ClientStreamListenerImpl$1StreamClosed.runInContext(ClientCallImpl.java:716)
	at com.alibaba.nacos.shaded.io.grpc.internal.ContextRunnable.run(ContextRunnable.java:37)
	at com.alibaba.nacos.shaded.io.grpc.internal.SerializingExecutor.run(SerializingExecutor.java:133)
	... 3 common frames omitted
2026-07-14 03:59:27.435 INFO  [wc-user] [traceId=none] [com.alibaba.nacos.client.remote.worker.1] c.alibaba.nacos.common.remote.client - [d194ed6e-d24e-4c53-be44-e9209553a88a] Fail to connect server, after trying 82 times, last try server is {serverIp = '127.0.0.1', server main port = 8848}, error = unknown
2026-07-14 03:59:32.442 INFO  [wc-user] [traceId=none] [com.alibaba.nacos.client.remote.worker.1] c.a.n.c.r.client.grpc.GrpcClient - grpc client connection server:127.0.0.1 ip,serverPort:9848,grpcTslConfig:{"sslProvider":"","enableTls":false,"mutualAuthEnable":false,"trustAll":false}
2026-07-14 03:59:32.563 INFO  [wc-user] [traceId=none] [com.alibaba.nacos.client.remote.worker.1] c.alibaba.nacos.common.remote.client - [d194ed6e-d24e-4c53-be44-e9209553a88a] Fail to connect server, after trying 83 times, last try server is {serverIp = '127.0.0.1', server main port = 8848}, error = unknown
2026-07-14 03:59:37.576 INFO  [wc-user] [traceId=none] [com.alibaba.nacos.client.remote.worker.1] c.a.n.c.r.client.grpc.GrpcClient - grpc client connection server:127.0.0.1 ip,serverPort:9848,grpcTslConfig:{"sslProvider":"","enableTls":false,"mutualAuthEnable":false,"trustAll":false}
2026-07-14 03:59:37.618 INFO  [wc-user] [traceId=none] [com.alibaba.nacos.client.remote.worker.1] c.alibaba.nacos.common.remote.client - [d194ed6e-d24e-4c53-be44-e9209553a88a] Success to connect a server [127.0.0.1:8848], connectionId = 1783972777584_172.17.0.1_43586
2026-07-14 03:59:37.618 INFO  [wc-user] [traceId=none] [com.alibaba.nacos.client.remote.worker.1] c.alibaba.nacos.common.remote.client - [d194ed6e-d24e-4c53-be44-e9209553a88a] Abandon prev connection, server is 127.0.0.1:8848, connectionId is 1783972338722_172.17.0.1_52556
2026-07-14 03:59:37.618 INFO  [wc-user] [traceId=none] [com.alibaba.nacos.client.remote.worker.1] c.alibaba.nacos.common.remote.client - Close current connection 1783972338722_172.17.0.1_52556
2026-07-14 03:59:37.619 INFO  [wc-user] [traceId=none] [com.alibaba.nacos.client.remote.worker.0] c.alibaba.nacos.common.remote.client - [d194ed6e-d24e-4c53-be44-e9209553a88a] Notify disconnected event to listeners
2026-07-14 03:59:37.619 WARN  [wc-user] [traceId=none] [com.alibaba.nacos.client.remote.worker.0] com.alibaba.nacos.client.naming - Grpc connection disconnect, mark to redo
2026-07-14 03:59:37.621 WARN  [wc-user] [traceId=none] [com.alibaba.nacos.client.remote.worker.0] com.alibaba.nacos.client.naming - mark to redo completed
2026-07-14 03:59:37.621 INFO  [wc-user] [traceId=none] [com.alibaba.nacos.client.remote.worker.0] c.alibaba.nacos.common.remote.client - [d194ed6e-d24e-4c53-be44-e9209553a88a] Notify connected event to listeners.
2026-07-14 03:59:37.621 INFO  [wc-user] [traceId=none] [com.alibaba.nacos.client.remote.worker.0] com.alibaba.nacos.client.naming - Grpc connection connect
2026-07-14 03:59:39.669 INFO  [wc-user] [traceId=none] [com.alibaba.nacos.client.naming.grpc.redo.0] com.alibaba.nacos.client.naming - Redo instance operation REGISTER for DEFAULT_GROUP@@wc-user
2026-07-14 03:59:45.546 WARN  [wc-user] [traceId=7c06f1060ef246a98466b37588ca994f] [http-nio-8082-exec-10] com.zaxxer.hikari.pool.PoolBase - HikariPool-1 - Failed to validate connection com.mysql.cj.jdbc.ConnectionImpl@3b31f215 (No operations allowed after connection closed.). Possibly consider using a shorter maxLifetime value.
2026-07-14 03:59:45.546 WARN  [wc-user] [traceId=7c06f1060ef246a98466b37588ca994f] [http-nio-8082-exec-10] com.zaxxer.hikari.pool.PoolBase - HikariPool-1 - Failed to validate connection com.mysql.cj.jdbc.ConnectionImpl@5c77a280 (No operations allowed after connection closed.). Possibly consider using a shorter maxLifetime value.
2026-07-14 03:59:45.548 WARN  [wc-user] [traceId=7c06f1060ef246a98466b37588ca994f] [http-nio-8082-exec-10] com.zaxxer.hikari.pool.PoolBase - HikariPool-1 - Failed to validate connection com.mysql.cj.jdbc.ConnectionImpl@4a37d644 (No operations allowed after connection closed.). Possibly consider using a shorter maxLifetime value.
2026-07-14 03:59:45.549 WARN  [wc-user] [traceId=7c06f1060ef246a98466b37588ca994f] [http-nio-8082-exec-10] com.zaxxer.hikari.pool.PoolBase - HikariPool-1 - Failed to validate connection com.mysql.cj.jdbc.ConnectionImpl@64d04253 (No operations allowed after connection closed.). Possibly consider using a shorter maxLifetime value.
2026-07-14 03:59:45.550 WARN  [wc-user] [traceId=7c06f1060ef246a98466b37588ca994f] [http-nio-8082-exec-10] com.zaxxer.hikari.pool.PoolBase - HikariPool-1 - Failed to validate connection com.mysql.cj.jdbc.ConnectionImpl@260ee7 (No operations allowed after connection closed.). Possibly consider using a shorter maxLifetime value.
2026-07-14 03:59:45.551 WARN  [wc-user] [traceId=7c06f1060ef246a98466b37588ca994f] [http-nio-8082-exec-10] com.zaxxer.hikari.pool.PoolBase - HikariPool-1 - Failed to validate connection com.mysql.cj.jdbc.ConnectionImpl@6124dfc1 (No operations allowed after connection closed.). Possibly consider using a shorter maxLifetime value.
2026-07-14 03:59:45.552 WARN  [wc-user] [traceId=7c06f1060ef246a98466b37588ca994f] [http-nio-8082-exec-10] com.zaxxer.hikari.pool.PoolBase - HikariPool-1 - Failed to validate connection com.mysql.cj.jdbc.ConnectionImpl@15d5b057 (No operations allowed after connection closed.). Possibly consider using a shorter maxLifetime value.
2026-07-14 03:59:45.553 WARN  [wc-user] [traceId=7c06f1060ef246a98466b37588ca994f] [http-nio-8082-exec-10] com.zaxxer.hikari.pool.PoolBase - HikariPool-1 - Failed to validate connection com.mysql.cj.jdbc.ConnectionImpl@7371ba64 (No operations allowed after connection closed.). Possibly consider using a shorter maxLifetime value.
2026-07-14 03:59:45.553 WARN  [wc-user] [traceId=7c06f1060ef246a98466b37588ca994f] [http-nio-8082-exec-10] com.zaxxer.hikari.pool.PoolBase - HikariPool-1 - Failed to validate connection com.mysql.cj.jdbc.ConnectionImpl@4390c3db (No operations allowed after connection closed.). Possibly consider using a shorter maxLifetime value.
2026-07-14 03:59:45.554 WARN  [wc-user] [traceId=7c06f1060ef246a98466b37588ca994f] [http-nio-8082-exec-10] com.zaxxer.hikari.pool.PoolBase - HikariPool-1 - Failed to validate connection com.mysql.cj.jdbc.ConnectionImpl@48dc6bf (No operations allowed after connection closed.). Possibly consider using a shorter maxLifetime value.
2026-07-14 03:59:48.098 INFO  [wc-user] [traceId=89b2c5e796dd49ed8e85500cba67c8ce] [http-nio-8082-exec-3] o.s.a.r.c.CachingConnectionFactory - Attempting to connect to: [localhost:5672]
2026-07-14 03:59:48.103 INFO  [wc-user] [traceId=89b2c5e796dd49ed8e85500cba67c8ce] [http-nio-8082-exec-3] o.s.a.r.c.CachingConnectionFactory - Created new connection: rabbitConnectionFactory#60c33609:1/SimpleConnection@7ec56086 [delegate=amqp://guest@127.0.0.1:5672/, localPort=63506]
2026-07-14 04:06:56.448 INFO  [wc-user] [traceId=none] [background-preinit] o.h.validator.internal.util.Version - HV000001: Hibernate Validator 8.0.1.Final
2026-07-14 04:06:56.543 INFO  [wc-user] [traceId=none] [main] c.l.worldcoffee.user.UserApplication - Starting UserApplication v0.0.1-SNAPSHOT using Java 21.0.10 with PID 35640 (D:\mycode\worldCoffee\worldCoffee\microservices\wc-user\target\wc-user-0.0.1-SNAPSHOT-exec.jar started by 李现 in D:\mycode\worldCoffee\worldCoffee\microservices)
2026-07-14 04:06:56.544 INFO  [wc-user] [traceId=none] [main] c.l.worldcoffee.user.UserApplication - No active profile set, falling back to 1 default profile: "default"
2026-07-14 04:06:57.944 INFO  [wc-user] [traceId=none] [main] o.s.d.r.c.RepositoryConfigurationDelegate - Multiple Spring Data modules found, entering strict repository configuration mode
2026-07-14 04:06:57.946 INFO  [wc-user] [traceId=none] [main] o.s.d.r.c.RepositoryConfigurationDelegate - Bootstrapping Spring Data Redis repositories in DEFAULT mode.
2026-07-14 04:06:57.976 INFO  [wc-user] [traceId=none] [main] o.s.d.r.c.RepositoryConfigurationDelegate - Finished Spring Data repository scanning in 12 ms. Found 0 Redis repository interfaces.
2026-07-14 04:06:58.243 INFO  [wc-user] [traceId=none] [main] o.s.cloud.context.scope.GenericScope - BeanFactory id=1e46841a-c6f1-36e9-9a48-ed49476b675a
2026-07-14 04:06:59.397 INFO  [wc-user] [traceId=none] [main] o.s.b.w.e.tomcat.TomcatWebServer - Tomcat initialized with port 8082 (http)
2026-07-14 04:06:59.418 INFO  [wc-user] [traceId=none] [main] o.a.coyote.http11.Http11NioProtocol - Initializing ProtocolHandler ["http-nio-8082"]
2026-07-14 04:06:59.426 INFO  [wc-user] [traceId=none] [main] o.a.catalina.core.StandardService - Starting service [Tomcat]
2026-07-14 04:06:59.427 INFO  [wc-user] [traceId=none] [main] o.a.catalina.core.StandardEngine - Starting Servlet engine: [Apache Tomcat/10.1.20]
2026-07-14 04:06:59.475 INFO  [wc-user] [traceId=none] [main] o.a.c.c.C.[Tomcat].[localhost].[/] - Initializing Spring embedded WebApplicationContext
2026-07-14 04:06:59.475 INFO  [wc-user] [traceId=none] [main] o.s.b.w.s.c.ServletWebServerApplicationContext - Root WebApplicationContext: initialization completed in 2839 ms
2026-07-14 04:07:00.807 INFO  [wc-user] [traceId=none] [main] org.redisson.Version - Redisson 3.27.0
2026-07-14 04:07:01.650 INFO  [wc-user] [traceId=none] [redisson-netty-1-5] o.r.connection.ConnectionsHolder - 1 connections initialized for localhost/127.0.0.1:6379
2026-07-14 04:07:01.765 INFO  [wc-user] [traceId=none] [redisson-netty-1-20] o.r.connection.ConnectionsHolder - 24 connections initialized for localhost/127.0.0.1:6379
2026-07-14 04:07:04.554 INFO  [wc-user] [traceId=none] [main] o.s.cloud.commons.util.InetUtils - Cannot determine local hostname
2026-07-14 04:07:07.190 INFO  [wc-user] [traceId=none] [main] o.s.cloud.commons.util.InetUtils - Cannot determine local hostname
2026-07-14 04:07:07.244 INFO  [wc-user] [traceId=none] [main] o.s.b.a.e.web.EndpointLinksResolver - Exposing 2 endpoint(s) beneath base path '/actuator'
2026-07-14 04:07:07.344 INFO  [wc-user] [traceId=none] [main] o.a.coyote.http11.Http11NioProtocol - Starting ProtocolHandler ["http-nio-8082"]
2026-07-14 04:07:07.365 INFO  [wc-user] [traceId=none] [main] o.s.b.w.e.tomcat.TomcatWebServer - Tomcat started on port 8082 (http) with context path ''
2026-07-14 04:07:07.383 INFO  [wc-user] [traceId=none] [main] com.alibaba.nacos.client.naming - initializer namespace from ans.namespace attribute : null
2026-07-14 04:07:07.388 INFO  [wc-user] [traceId=none] [main] com.alibaba.nacos.client.naming - initializer namespace from ALIBABA_ALIWARE_NAMESPACE attribute :null
2026-07-14 04:07:07.388 INFO  [wc-user] [traceId=none] [main] com.alibaba.nacos.client.naming - initializer namespace from namespace attribute :null
2026-07-14 04:07:07.388 INFO  [wc-user] [traceId=none] [Thread-3] c.a.n.c.a.r.i.CredentialWatcher - null No credential found
2026-07-14 04:07:07.409 INFO  [wc-user] [traceId=none] [main] com.alibaba.nacos.client.naming - FailoverDataSource type is class com.alibaba.nacos.client.naming.backups.datasource.DiskFailoverDataSource
2026-07-14 04:07:07.429 INFO  [wc-user] [traceId=none] [main] c.a.nacos.client.utils.ParamUtil - [settings] [req-serv] nacos-server port:8848
2026-07-14 04:07:07.432 INFO  [wc-user] [traceId=none] [main] c.a.nacos.client.utils.ParamUtil - [settings] [http-client] connect timeout:1000
2026-07-14 04:07:07.436 INFO  [wc-user] [traceId=none] [main] c.a.nacos.client.utils.ParamUtil - PER_TASK_CONFIG_SIZE: 3000.0
2026-07-14 04:07:07.443 INFO  [wc-user] [traceId=none] [main] c.a.n.p.a.s.c.ClientAuthPluginManager - [ClientAuthPluginManager] Load ClientAuthService com.alibaba.nacos.client.auth.impl.NacosClientAuthServiceImpl success.
2026-07-14 04:07:07.444 INFO  [wc-user] [traceId=none] [main] c.a.n.p.a.s.c.ClientAuthPluginManager - [ClientAuthPluginManager] Load ClientAuthService com.alibaba.nacos.client.auth.ram.RamClientAuthServiceImpl success.
2026-07-14 04:07:07.656 INFO  [wc-user] [traceId=none] [main] c.alibaba.nacos.common.remote.client - [RpcClientFactory] create a new rpc client of eaa42d71-244a-403e-8487-ff145e48f9c3
2026-07-14 04:07:07.678 INFO  [wc-user] [traceId=none] [main] com.alibaba.nacos.client.naming - Create naming rpc client for uuid->eaa42d71-244a-403e-8487-ff145e48f9c3
2026-07-14 04:07:07.678 INFO  [wc-user] [traceId=none] [main] c.alibaba.nacos.common.remote.client - [eaa42d71-244a-403e-8487-ff145e48f9c3] RpcClient init, ServerListFactory = com.alibaba.nacos.client.naming.core.ServerListManager
2026-07-14 04:07:07.678 INFO  [wc-user] [traceId=none] [main] c.alibaba.nacos.common.remote.client - [eaa42d71-244a-403e-8487-ff145e48f9c3] Registry connection listener to current client:com.alibaba.nacos.client.naming.remote.gprc.redo.NamingGrpcRedoService
2026-07-14 04:07:07.678 INFO  [wc-user] [traceId=none] [main] c.alibaba.nacos.common.remote.client - [eaa42d71-244a-403e-8487-ff145e48f9c3] Register server push request handler:com.alibaba.nacos.client.naming.remote.gprc.NamingPushRequestHandler
2026-07-14 04:07:07.682 INFO  [wc-user] [traceId=none] [main] c.alibaba.nacos.common.remote.client - [eaa42d71-244a-403e-8487-ff145e48f9c3] Try to connect to server on start up, server: {serverIp = '127.0.0.1', server main port = 8848}
2026-07-14 04:07:07.704 INFO  [wc-user] [traceId=none] [main] c.a.n.c.r.client.grpc.GrpcClient - grpc client connection server:127.0.0.1 ip,serverPort:9848,grpcTslConfig:{"sslProvider":"","enableTls":false,"mutualAuthEnable":false,"trustAll":false}
2026-07-14 04:07:08.444 INFO  [wc-user] [traceId=none] [main] c.a.n.c.a.AbstractAbilityControlManager - Ready to get current node abilities...
2026-07-14 04:07:08.444 INFO  [wc-user] [traceId=none] [main] c.a.n.c.a.AbstractAbilityControlManager - Ready to initialize current node abilities, support modes: [SDK_CLIENT]
2026-07-14 04:07:08.447 INFO  [wc-user] [traceId=none] [main] c.a.n.c.a.AbstractAbilityControlManager - Initialize current abilities finish...
2026-07-14 04:07:08.448 INFO  [wc-user] [traceId=none] [main] c.a.n.c.a.d.NacosAbilityManagerHolder - [AbilityControlManager] Successfully initialize AbilityControlManager
2026-07-14 04:07:08.477 INFO  [wc-user] [traceId=none] [main] c.alibaba.nacos.common.remote.client - [eaa42d71-244a-403e-8487-ff145e48f9c3] Success to connect to server [127.0.0.1:8848] on start up, connectionId = 1783973228300_172.17.0.1_55120
2026-07-14 04:07:08.479 INFO  [wc-user] [traceId=none] [com.alibaba.nacos.client.remote.worker.0] c.alibaba.nacos.common.remote.client - [eaa42d71-244a-403e-8487-ff145e48f9c3] Notify connected event to listeners.
2026-07-14 04:07:08.479 INFO  [wc-user] [traceId=none] [main] c.alibaba.nacos.common.remote.client - [eaa42d71-244a-403e-8487-ff145e48f9c3] Register server push request handler:com.alibaba.nacos.common.remote.client.RpcClient$ConnectResetRequestHandler
2026-07-14 04:07:08.479 INFO  [wc-user] [traceId=none] [com.alibaba.nacos.client.remote.worker.0] com.alibaba.nacos.client.naming - Grpc connection connect
2026-07-14 04:07:08.479 INFO  [wc-user] [traceId=none] [main] c.alibaba.nacos.common.remote.client - [eaa42d71-244a-403e-8487-ff145e48f9c3] Register server push request handler:com.alibaba.nacos.common.remote.client.RpcClient$$Lambda/0x00000265bdae20e0
2026-07-14 04:07:08.480 INFO  [wc-user] [traceId=none] [main] com.alibaba.nacos.client.naming - [REGISTER-SERVICE] public registering service wc-user with instance Instance{instanceId='null', ip='192.168.88.1', port=8082, weight=1.0, healthy=true, enabled=true, ephemeral=true, clusterName='', serviceName='null', metadata={IPv6=null, preserved.register.source=SPRING_CLOUD}}
2026-07-14 04:07:08.501 INFO  [wc-user] [traceId=none] [main] c.a.c.n.r.NacosServiceRegistry - nacos registry, DEFAULT_GROUP wc-user 192.168.88.1:8082 register finished
2026-07-14 04:07:09.522 INFO  [wc-user] [traceId=none] [main] o.s.cloud.commons.util.InetUtils - Cannot determine local hostname
2026-07-14 04:07:09.535 INFO  [wc-user] [traceId=none] [main] c.l.worldcoffee.user.UserApplication - Started UserApplication in 14.583 seconds (process running for 15.189)
2026-07-14 04:07:14.846 INFO  [wc-user] [traceId=none] [http-nio-8082-exec-2] o.a.c.c.C.[Tomcat].[localhost].[/] - Initializing Spring DispatcherServlet 'dispatcherServlet'
2026-07-14 04:07:14.847 INFO  [wc-user] [traceId=none] [http-nio-8082-exec-2] o.s.web.servlet.DispatcherServlet - Initializing Servlet 'dispatcherServlet'
2026-07-14 04:07:14.849 INFO  [wc-user] [traceId=none] [http-nio-8082-exec-2] o.s.web.servlet.DispatcherServlet - Completed initialization in 1 ms
2026-07-14 04:07:14.906 INFO  [wc-user] [traceId=df50e0b9c9a44939b04ed99530393cc1] [http-nio-8082-exec-2] o.s.a.r.c.CachingConnectionFactory - Attempting to connect to: [localhost:5672]
2026-07-14 04:07:14.946 INFO  [wc-user] [traceId=df50e0b9c9a44939b04ed99530393cc1] [http-nio-8082-exec-2] o.s.a.r.c.CachingConnectionFactory - Created new connection: rabbitConnectionFactory#27d4513e:0/SimpleConnection@7cb385be [delegate=amqp://guest@127.0.0.1:5672/, localPort=60270]
2026-07-14 04:07:15.003 INFO  [wc-user] [traceId=df50e0b9c9a44939b04ed99530393cc1] [http-nio-8082-exec-2] com.zaxxer.hikari.HikariDataSource - HikariPool-1 - Starting...
2026-07-14 04:07:15.303 INFO  [wc-user] [traceId=df50e0b9c9a44939b04ed99530393cc1] [http-nio-8082-exec-2] com.zaxxer.hikari.pool.HikariPool - HikariPool-1 - Added connection com.mysql.cj.jdbc.ConnectionImpl@5494e584
2026-07-14 04:07:15.307 INFO  [wc-user] [traceId=df50e0b9c9a44939b04ed99530393cc1] [http-nio-8082-exec-2] com.zaxxer.hikari.HikariDataSource - HikariPool-1 - Start completed.
2026-07-14 04:16:36.078 INFO  [wc-user] [traceId=none] [background-preinit] o.h.validator.internal.util.Version - HV000001: Hibernate Validator 8.0.1.Final
2026-07-14 04:16:36.177 INFO  [wc-user] [traceId=none] [main] c.l.worldcoffee.user.UserApplication - Starting UserApplication v0.0.1-SNAPSHOT using Java 21.0.10 with PID 15208 (D:\mycode\worldCoffee\worldCoffee\microservices\wc-user\target\wc-user-0.0.1-SNAPSHOT-exec.jar started by 李现 in D:\mycode\worldCoffee\worldCoffee\microservices)
2026-07-14 04:16:36.179 INFO  [wc-user] [traceId=none] [main] c.l.worldcoffee.user.UserApplication - No active profile set, falling back to 1 default profile: "default"
2026-07-14 04:16:37.794 INFO  [wc-user] [traceId=none] [main] o.s.d.r.c.RepositoryConfigurationDelegate - Multiple Spring Data modules found, entering strict repository configuration mode
2026-07-14 04:16:37.799 INFO  [wc-user] [traceId=none] [main] o.s.d.r.c.RepositoryConfigurationDelegate - Bootstrapping Spring Data Redis repositories in DEFAULT mode.
2026-07-14 04:16:37.842 INFO  [wc-user] [traceId=none] [main] o.s.d.r.c.RepositoryConfigurationDelegate - Finished Spring Data repository scanning in 17 ms. Found 0 Redis repository interfaces.
2026-07-14 04:16:38.134 INFO  [wc-user] [traceId=none] [main] o.s.cloud.context.scope.GenericScope - BeanFactory id=1e46841a-c6f1-36e9-9a48-ed49476b675a
2026-07-14 04:16:39.981 INFO  [wc-user] [traceId=none] [main] o.s.b.w.e.tomcat.TomcatWebServer - Tomcat initialized with port 8082 (http)
2026-07-14 04:16:40.002 INFO  [wc-user] [traceId=none] [main] o.a.coyote.http11.Http11NioProtocol - Initializing ProtocolHandler ["http-nio-8082"]
2026-07-14 04:16:40.014 INFO  [wc-user] [traceId=none] [main] o.a.catalina.core.StandardService - Starting service [Tomcat]
2026-07-14 04:16:40.014 INFO  [wc-user] [traceId=none] [main] o.a.catalina.core.StandardEngine - Starting Servlet engine: [Apache Tomcat/10.1.20]
2026-07-14 04:16:40.095 INFO  [wc-user] [traceId=none] [main] o.a.c.c.C.[Tomcat].[localhost].[/] - Initializing Spring embedded WebApplicationContext
2026-07-14 04:16:40.096 INFO  [wc-user] [traceId=none] [main] o.s.b.w.s.c.ServletWebServerApplicationContext - Root WebApplicationContext: initialization completed in 3817 ms
2026-07-14 04:16:41.807 INFO  [wc-user] [traceId=none] [main] org.redisson.Version - Redisson 3.27.0
2026-07-14 04:16:42.600 INFO  [wc-user] [traceId=none] [redisson-netty-1-6] o.r.connection.ConnectionsHolder - 1 connections initialized for localhost/127.0.0.1:6379
2026-07-14 04:16:42.820 INFO  [wc-user] [traceId=none] [redisson-netty-1-20] o.r.connection.ConnectionsHolder - 24 connections initialized for localhost/127.0.0.1:6379
2026-07-14 04:16:45.837 INFO  [wc-user] [traceId=none] [main] o.s.cloud.commons.util.InetUtils - Cannot determine local hostname
2026-07-14 04:16:48.221 INFO  [wc-user] [traceId=none] [main] o.s.cloud.commons.util.InetUtils - Cannot determine local hostname
2026-07-14 04:16:48.278 INFO  [wc-user] [traceId=none] [main] o.s.b.a.e.web.EndpointLinksResolver - Exposing 2 endpoint(s) beneath base path '/actuator'
2026-07-14 04:16:48.400 INFO  [wc-user] [traceId=none] [main] o.a.coyote.http11.Http11NioProtocol - Starting ProtocolHandler ["http-nio-8082"]
2026-07-14 04:16:48.422 INFO  [wc-user] [traceId=none] [main] o.s.b.w.e.tomcat.TomcatWebServer - Tomcat started on port 8082 (http) with context path ''
2026-07-14 04:16:48.440 INFO  [wc-user] [traceId=none] [main] com.alibaba.nacos.client.naming - initializer namespace from ans.namespace attribute : null
2026-07-14 04:16:48.441 INFO  [wc-user] [traceId=none] [main] com.alibaba.nacos.client.naming - initializer namespace from ALIBABA_ALIWARE_NAMESPACE attribute :null
2026-07-14 04:16:48.443 INFO  [wc-user] [traceId=none] [main] com.alibaba.nacos.client.naming - initializer namespace from namespace attribute :null
2026-07-14 04:16:48.447 INFO  [wc-user] [traceId=none] [Thread-3] c.a.n.c.a.r.i.CredentialWatcher - null No credential found
2026-07-14 04:16:48.460 INFO  [wc-user] [traceId=none] [main] com.alibaba.nacos.client.naming - FailoverDataSource type is class com.alibaba.nacos.client.naming.backups.datasource.DiskFailoverDataSource
2026-07-14 04:16:48.489 INFO  [wc-user] [traceId=none] [main] c.a.nacos.client.utils.ParamUtil - [settings] [req-serv] nacos-server port:8848
2026-07-14 04:16:48.490 INFO  [wc-user] [traceId=none] [main] c.a.nacos.client.utils.ParamUtil - [settings] [http-client] connect timeout:1000
2026-07-14 04:16:48.492 INFO  [wc-user] [traceId=none] [main] c.a.nacos.client.utils.ParamUtil - PER_TASK_CONFIG_SIZE: 3000.0
2026-07-14 04:16:48.501 INFO  [wc-user] [traceId=none] [main] c.a.n.p.a.s.c.ClientAuthPluginManager - [ClientAuthPluginManager] Load ClientAuthService com.alibaba.nacos.client.auth.impl.NacosClientAuthServiceImpl success.
2026-07-14 04:16:48.502 INFO  [wc-user] [traceId=none] [main] c.a.n.p.a.s.c.ClientAuthPluginManager - [ClientAuthPluginManager] Load ClientAuthService com.alibaba.nacos.client.auth.ram.RamClientAuthServiceImpl success.
2026-07-14 04:16:48.663 INFO  [wc-user] [traceId=none] [main] c.alibaba.nacos.common.remote.client - [RpcClientFactory] create a new rpc client of 16d27f7c-583f-4dd3-926f-912ed8c376f5
2026-07-14 04:16:48.695 INFO  [wc-user] [traceId=none] [main] com.alibaba.nacos.client.naming - Create naming rpc client for uuid->16d27f7c-583f-4dd3-926f-912ed8c376f5
2026-07-14 04:16:48.697 INFO  [wc-user] [traceId=none] [main] c.alibaba.nacos.common.remote.client - [16d27f7c-583f-4dd3-926f-912ed8c376f5] RpcClient init, ServerListFactory = com.alibaba.nacos.client.naming.core.ServerListManager
2026-07-14 04:16:48.697 INFO  [wc-user] [traceId=none] [main] c.alibaba.nacos.common.remote.client - [16d27f7c-583f-4dd3-926f-912ed8c376f5] Registry connection listener to current client:com.alibaba.nacos.client.naming.remote.gprc.redo.NamingGrpcRedoService
2026-07-14 04:16:48.699 INFO  [wc-user] [traceId=none] [main] c.alibaba.nacos.common.remote.client - [16d27f7c-583f-4dd3-926f-912ed8c376f5] Register server push request handler:com.alibaba.nacos.client.naming.remote.gprc.NamingPushRequestHandler
2026-07-14 04:16:48.701 INFO  [wc-user] [traceId=none] [main] c.alibaba.nacos.common.remote.client - [16d27f7c-583f-4dd3-926f-912ed8c376f5] Try to connect to server on start up, server: {serverIp = '127.0.0.1', server main port = 8848}
2026-07-14 04:16:48.735 INFO  [wc-user] [traceId=none] [main] c.a.n.c.r.client.grpc.GrpcClient - grpc client connection server:127.0.0.1 ip,serverPort:9848,grpcTslConfig:{"sslProvider":"","enableTls":false,"mutualAuthEnable":false,"trustAll":false}
2026-07-14 04:16:49.539 INFO  [wc-user] [traceId=none] [main] c.a.n.c.a.AbstractAbilityControlManager - Ready to get current node abilities...
2026-07-14 04:16:49.543 INFO  [wc-user] [traceId=none] [main] c.a.n.c.a.AbstractAbilityControlManager - Ready to initialize current node abilities, support modes: [SDK_CLIENT]
2026-07-14 04:16:49.544 INFO  [wc-user] [traceId=none] [main] c.a.n.c.a.AbstractAbilityControlManager - Initialize current abilities finish...
2026-07-14 04:16:49.545 INFO  [wc-user] [traceId=none] [main] c.a.n.c.a.d.NacosAbilityManagerHolder - [AbilityControlManager] Successfully initialize AbilityControlManager
2026-07-14 04:16:49.568 INFO  [wc-user] [traceId=none] [main] c.alibaba.nacos.common.remote.client - [16d27f7c-583f-4dd3-926f-912ed8c376f5] Success to connect to server [127.0.0.1:8848] on start up, connectionId = 1783973809425_172.17.0.1_59108
2026-07-14 04:16:49.569 INFO  [wc-user] [traceId=none] [com.alibaba.nacos.client.remote.worker.0] c.alibaba.nacos.common.remote.client - [16d27f7c-583f-4dd3-926f-912ed8c376f5] Notify connected event to listeners.
2026-07-14 04:16:49.570 INFO  [wc-user] [traceId=none] [main] c.alibaba.nacos.common.remote.client - [16d27f7c-583f-4dd3-926f-912ed8c376f5] Register server push request handler:com.alibaba.nacos.common.remote.client.RpcClient$ConnectResetRequestHandler
2026-07-14 04:16:49.570 INFO  [wc-user] [traceId=none] [com.alibaba.nacos.client.remote.worker.0] com.alibaba.nacos.client.naming - Grpc connection connect
2026-07-14 04:16:49.570 INFO  [wc-user] [traceId=none] [main] c.alibaba.nacos.common.remote.client - [16d27f7c-583f-4dd3-926f-912ed8c376f5] Register server push request handler:com.alibaba.nacos.common.remote.client.RpcClient$$Lambda/0x0000020354ae0850
2026-07-14 04:16:49.572 INFO  [wc-user] [traceId=none] [main] com.alibaba.nacos.client.naming - [REGISTER-SERVICE] public registering service wc-user with instance Instance{instanceId='null', ip='192.168.88.1', port=8082, weight=1.0, healthy=true, enabled=true, ephemeral=true, clusterName='', serviceName='null', metadata={IPv6=null, preserved.register.source=SPRING_CLOUD}}
2026-07-14 04:16:49.590 INFO  [wc-user] [traceId=none] [main] c.a.c.n.r.NacosServiceRegistry - nacos registry, DEFAULT_GROUP wc-user 192.168.88.1:8082 register finished
2026-07-14 04:16:50.604 INFO  [wc-user] [traceId=none] [main] o.s.cloud.commons.util.InetUtils - Cannot determine local hostname
2026-07-14 04:16:50.618 INFO  [wc-user] [traceId=none] [main] c.l.worldcoffee.user.UserApplication - Started UserApplication in 16.031 seconds (process running for 16.624)
2026-07-14 04:16:54.208 INFO  [wc-user] [traceId=none] [http-nio-8082-exec-2] o.a.c.c.C.[Tomcat].[localhost].[/] - Initializing Spring DispatcherServlet 'dispatcherServlet'
2026-07-14 04:16:54.211 INFO  [wc-user] [traceId=none] [http-nio-8082-exec-2] o.s.web.servlet.DispatcherServlet - Initializing Servlet 'dispatcherServlet'
2026-07-14 04:16:54.213 INFO  [wc-user] [traceId=none] [http-nio-8082-exec-2] o.s.web.servlet.DispatcherServlet - Completed initialization in 2 ms
2026-07-14 04:16:54.249 INFO  [wc-user] [traceId=93a3a7561c254ddf8c9b26edc6939c59] [http-nio-8082-exec-2] o.s.a.r.c.CachingConnectionFactory - Attempting to connect to: [localhost:5672]
2026-07-14 04:16:54.281 INFO  [wc-user] [traceId=93a3a7561c254ddf8c9b26edc6939c59] [http-nio-8082-exec-2] o.s.a.r.c.CachingConnectionFactory - Created new connection: rabbitConnectionFactory#20e25bf7:0/SimpleConnection@5e9aa7b7 [delegate=amqp://guest@127.0.0.1:5672/, localPort=53271]
2026-07-14 04:16:54.330 INFO  [wc-user] [traceId=93a3a7561c254ddf8c9b26edc6939c59] [http-nio-8082-exec-2] com.zaxxer.hikari.HikariDataSource - HikariPool-1 - Starting...
2026-07-14 04:16:54.579 INFO  [wc-user] [traceId=93a3a7561c254ddf8c9b26edc6939c59] [http-nio-8082-exec-2] com.zaxxer.hikari.pool.HikariPool - HikariPool-1 - Added connection com.mysql.cj.jdbc.ConnectionImpl@4498a362
2026-07-14 04:16:54.583 INFO  [wc-user] [traceId=93a3a7561c254ddf8c9b26edc6939c59] [http-nio-8082-exec-2] com.zaxxer.hikari.HikariDataSource - HikariPool-1 - Start completed.
2026-07-14 09:37:04.454 INFO  [wc-user] [traceId=none] [com.alibaba.nacos.client.remote.worker.1] c.alibaba.nacos.common.remote.client - [16d27f7c-583f-4dd3-926f-912ed8c376f5] Server healthy check fail, currentConnection = 1783973809425_172.17.0.1_59108
2026-07-14 09:37:09.949 INFO  [wc-user] [traceId=none] [com.alibaba.nacos.client.remote.worker.1] c.alibaba.nacos.common.remote.client - [16d27f7c-583f-4dd3-926f-912ed8c376f5] Server healthy check fail, currentConnection = 1783973809425_172.17.0.1_59108
2026-07-14 09:37:14.984 INFO  [wc-user] [traceId=none] [com.alibaba.nacos.client.remote.worker.1] c.alibaba.nacos.common.remote.client - [16d27f7c-583f-4dd3-926f-912ed8c376f5] Server healthy check fail, currentConnection = 1783973809425_172.17.0.1_59108
2026-07-14 09:37:20.191 INFO  [wc-user] [traceId=none] [com.alibaba.nacos.client.remote.worker.1] c.alibaba.nacos.common.remote.client - [16d27f7c-583f-4dd3-926f-912ed8c376f5] Server healthy check fail, currentConnection = 1783973809425_172.17.0.1_59108
2026-07-14 09:37:25.661 INFO  [wc-user] [traceId=none] [com.alibaba.nacos.client.remote.worker.1] c.alibaba.nacos.common.remote.client - [16d27f7c-583f-4dd3-926f-912ed8c376f5] Server healthy check fail, currentConnection = 1783973809425_172.17.0.1_59108
2026-07-14 09:37:30.903 INFO  [wc-user] [traceId=none] [com.alibaba.nacos.client.remote.worker.1] c.alibaba.nacos.common.remote.client - [16d27f7c-583f-4dd3-926f-912ed8c376f5] Server healthy check fail, currentConnection = 1783973809425_172.17.0.1_59108
2026-07-14 09:37:36.371 INFO  [wc-user] [traceId=none] [com.alibaba.nacos.client.remote.worker.1] c.alibaba.nacos.common.remote.client - [16d27f7c-583f-4dd3-926f-912ed8c376f5] Server healthy check fail, currentConnection = 1783973809425_172.17.0.1_59108
2026-07-14 09:37:41.728 INFO  [wc-user] [traceId=none] [com.alibaba.nacos.client.remote.worker.1] c.alibaba.nacos.common.remote.client - [16d27f7c-583f-4dd3-926f-912ed8c376f5] Server healthy check fail, currentConnection = 1783973809425_172.17.0.1_59108
2026-07-14 09:37:46.851 INFO  [wc-user] [traceId=none] [com.alibaba.nacos.client.remote.worker.1] c.alibaba.nacos.common.remote.client - [16d27f7c-583f-4dd3-926f-912ed8c376f5] Server healthy check fail, currentConnection = 1783973809425_172.17.0.1_59108
2026-07-14 09:37:52.112 INFO  [wc-user] [traceId=none] [com.alibaba.nacos.client.remote.worker.1] c.alibaba.nacos.common.remote.client - [16d27f7c-583f-4dd3-926f-912ed8c376f5] Server healthy check fail, currentConnection = 1783973809425_172.17.0.1_59108
2026-07-14 09:37:57.209 INFO  [wc-user] [traceId=none] [com.alibaba.nacos.client.remote.worker.1] c.alibaba.nacos.common.remote.client - [16d27f7c-583f-4dd3-926f-912ed8c376f5] Server healthy check fail, currentConnection = 1783973809425_172.17.0.1_59108
2026-07-14 09:38:02.462 INFO  [wc-user] [traceId=none] [com.alibaba.nacos.client.remote.worker.1] c.alibaba.nacos.common.remote.client - [16d27f7c-583f-4dd3-926f-912ed8c376f5] Server healthy check fail, currentConnection = 1783973809425_172.17.0.1_59108
2026-07-14 09:38:07.896 INFO  [wc-user] [traceId=none] [com.alibaba.nacos.client.remote.worker.1] c.alibaba.nacos.common.remote.client - [16d27f7c-583f-4dd3-926f-912ed8c376f5] Server healthy check fail, currentConnection = 1783973809425_172.17.0.1_59108
2026-07-14 09:38:12.975 INFO  [wc-user] [traceId=none] [com.alibaba.nacos.client.remote.worker.1] c.alibaba.nacos.common.remote.client - [16d27f7c-583f-4dd3-926f-912ed8c376f5] Server healthy check fail, currentConnection = 1783973809425_172.17.0.1_59108
2026-07-14 09:38:18.003 INFO  [wc-user] [traceId=none] [com.alibaba.nacos.client.remote.worker.1] c.alibaba.nacos.common.remote.client - [16d27f7c-583f-4dd3-926f-912ed8c376f5] Server healthy check fail, currentConnection = 1783973809425_172.17.0.1_59108
2026-07-14 09:38:23.235 INFO  [wc-user] [traceId=none] [com.alibaba.nacos.client.remote.worker.1] c.alibaba.nacos.common.remote.client - [16d27f7c-583f-4dd3-926f-912ed8c376f5] Server healthy check fail, currentConnection = 1783973809425_172.17.0.1_59108
2026-07-14 09:38:28.426 INFO  [wc-user] [traceId=none] [com.alibaba.nacos.client.remote.worker.1] c.alibaba.nacos.common.remote.client - [16d27f7c-583f-4dd3-926f-912ed8c376f5] Server healthy check fail, currentConnection = 1783973809425_172.17.0.1_59108
2026-07-14 09:38:33.896 INFO  [wc-user] [traceId=none] [com.alibaba.nacos.client.remote.worker.1] c.alibaba.nacos.common.remote.client - [16d27f7c-583f-4dd3-926f-912ed8c376f5] Server healthy check fail, currentConnection = 1783973809425_172.17.0.1_59108
2026-07-14 09:38:39.116 INFO  [wc-user] [traceId=none] [com.alibaba.nacos.client.remote.worker.1] c.alibaba.nacos.common.remote.client - [16d27f7c-583f-4dd3-926f-912ed8c376f5] Server healthy check fail, currentConnection = 1783973809425_172.17.0.1_59108
